DeliveryAgentID,Full_Name,email,Mobile_no,VehicleType,LocationID,Status,Gender,Rating,CreatedDate,ModifiedDate
4967,Ekavir Pau,ekavirpau724@hotmail.com,8933217062,Bike,41,True,Male,4.2,2021-02-04 11:38:21.889510,2021-09-10 11:10:13.495062
4968,Yashasvi Ganesh,yashasviganesh404@outlook.com,6947577554,Scooter,41,True,Female,4.1,2021-08-28 17:31:26.401476,2023-06-08 02:29:51.386647
4969,Barkha Butala,barkhabutala141@yahoo.com,6731835307,Bike,41,True,Female,4.8,2021-11-03 21:41:46.352466,2025-02-01 09:52:29.919586
4970,Raghav Natt,raghavnatt799@hotmail.com,8896436240,Scooter,41,True,Male,4.3,2021-05-11 01:50:32.277310,2023-09-14 19:04:34.068934
4971,Charles Balan,charlesbalan934@hotmail.com,7970805581,Scooter,41,True,Male,4.8,2021-04-23 17:53:46.656312,2021-11-14 00:44:54.526658
4972,Frederick Sahota,fredericksahota38@gmail.com,9082960786,Bike,41,True,Male,2.8,2021-04-29 13:54:48.555604,2021-11-09 08:36:32.768006
4973,Daksh Bansal,dakshbansal883@gmail.com,7498305895,Bike,41,True,Male,4.7,2021-04-19 23:18:33.741771,2024-02-15 12:31:37.916538
4974,Girik Mann,girikmann634@outlook.com,8632269225,Scooter,41,True,Male,4.2,2020-12-01 09:15:26.870209,2021-05-08 14:43:44.153827
4975,Tristan Ram,tristanram765@gmail.com,8163968494,Scooter,41,True,Male,4.1,2020-11-19 03:29:34.779311,2025-04-23 15:22:22.817508
4976,Wriddhish Yadav,wriddhishyadav418@outlook.com,7324674174,Bike,41,True,Male,4.6,2021-01-14 17:31:32.619607,2023-09-05 09:36:56.932932
4977,Kalpit Krish,kalpitkrish416@gmail.com,9150128869,Scooter,41,True,Male,4.8,2020-10-31 13:03:18.961064,2021-07-15 16:01:43.948050
4978,Aarush Parsa,aarushparsa522@gmail.com,9488778209,Scooter,41,True,Male,4.7,2021-12-11 03:14:32.709231,2023-07-11 03:27:22.171563
4979,Rachit Parmer,rachitparmer419@yahoo.com,8127037890,Scooter,41,True,Male,3.9,2021-05-22 09:29:15.298244,2024-10-11 14:50:23.183506
4980,Mahika Kade,mahikakade26@hotmail.com,9980734371,Bike,41,True,Female,4.5,2021-09-27 02:56:02.030185,2022-10-13 21:07:39.176365
4981,Faras Dua,farasdua471@yahoo.com,6377019042,Scooter,41,True,Male,4.8,2021-06-08 17:18:29.189039,2024-06-16 02:48:27.297115
4982,Lucky Kamdar,luckykamdar443@outlook.com,9969917382,Scooter,41,True,Male,2.2,2021-04-13 12:26:08.297573,2021-08-23 21:20:48.859673
4983,Shaurya Hayre,shauryahayre584@gmail.com,7868230643,Scooter,41,True,Male,4.7,2021-09-25 16:55:00.364633,2024-07-29 01:40:26.901995
4984,Mekhala Barman,mekhalabarman837@outlook.com,9003199968,Bike,41,True,Female,4.4,2020-11-10 01:27:48.781264,2023-12-07 23:57:37.620648
4985,Samesh Bera,sameshbera475@gmail.com,7395283071,Bike,41,True,Male,2.9,2021-02-24 17:21:43.829566,2022-06-29 09:05:09.780634
4986,Harish Nath,harishnath139@gmail.com,7251699171,Bike,41,True,Male,4.6,2021-08-14 15:37:11.466748,2022-04-13 05:27:52.580260
4987,Faqid Tara,faqidtara445@yahoo.com,7389245160,Scooter,41,True,Male,4.5,2021-06-24 03:43:45.995270,2024-03-13 04:00:07.819265
4988,Max Gulati,maxgulati935@yahoo.com,7386054961,Scooter,41,True,Male,3.0,2021-07-28 12:35:55.494291,2022-09-09 01:37:17.150455
4989,Ganga Misra,gangamisra31@hotmail.com,8392484458,Scooter,41,True,Female,4.5,2021-07-19 22:16:13.356802,2023-06-25 14:42:15.786611
4990,Udarsh Dasgupta,udarshdasgupta128@hotmail.com,9969742424,Bike,41,False,Male,4.9,2021-08-09 11:34:50.310064,2024-05-02 04:20:08.703696
4991,Krish Biswas,krishbiswas338@outlook.com,9320897459,Scooter,41,True,Male,2.9,2021-11-14 16:55:58.036437,2021-11-22 09:48:37.247085
4992,Ekansh Bahri,ekanshbahri605@yahoo.com,8073807551,Bike,41,True,Male,5.0,2021-10-15 17:02:43.050115,2023-06-04 06:14:20.049150
4993,Fariq Narain,fariqnarain548@gmail.com,9706437524,Scooter,41,True,Male,4.4,2020-10-27 11:48:35.124134,2024-05-20 13:58:08.770706
4994,Anusha Chakrabarti,anushachakrabarti539@hotmail.com,8288688587,Scooter,41,True,Female,2.1,2021-01-30 08:45:35.286525,2022-06-18 06:03:19.798867
4995,Indrajit Bali,indrajitbali5@gmail.com,7840524582,Bike,41,True,Male,2.7,2021-12-10 17:29:23.780825,2022-05-22 12:14:16.709637
4996,Aachal Karan,aachalkaran536@yahoo.com,9085501591,Bike,41,True,Female,3.6,2021-08-05 08:41:07.990918,2023-06-09 04:42:31.252770
4997,Udyati Raman,udyatiraman642@gmail.com,7920733953,Scooter,41,True,Female,3.5,2021-03-16 01:46:05.384919,2023-08-30 08:06:04.390070
4998,Vedant Iyengar,vedantiyengar127@gmail.com,7000360358,Bike,41,True,Male,4.6,2021-01-08 23:02:04.405039,2022-11-01 17:18:20.769561
4999,Raghav Puri,raghavpuri856@outlook.com,6436692347,Bike,41,True,Male,3.0,2020-10-04 06:19:46.753705,2025-01-05 22:58:57.078215
5000,Elijah Nagy,elijahnagy412@gmail.com,8686777209,Bike,41,True,Male,4.2,2021-03-31 22:01:23.300156,2023-06-05 14:01:38.095855
5001,Umang Oommen,umangoommen872@yahoo.com,8841411365,Scooter,41,True,Male,2.2,2021-07-06 03:45:30.750327,2023-12-28 23:45:35.606914
5002,Zarna Sachdev,zarnasachdev394@gmail.com,6811888788,Scooter,41,True,Female,4.8,2021-06-20 06:21:29.140341,2025-04-04 00:27:54.446970
5003,Ishaan Chana,ishaanchana21@yahoo.com,6722190970,Bike,41,True,Male,2.0,2021-04-20 09:32:54.867030,2021-04-28 01:24:58.058845
5004,George Babu,georgebabu143@outlook.com,6584551503,Scooter,41,True,Male,4.9,2021-11-04 09:11:00.485110,2024-05-08 11:35:41.646723
5005,Aarush Venkataraman,aarushvenkataraman26@hotmail.com,7114811891,Scooter,41,True,Male,3.5,2021-12-25 06:07:57.608950,2024-02-25 12:04:24.198278
5006,Abhimanyu More,abhimanyumore827@gmail.com,8994821360,Scooter,41,True,Male,4.8,2021-08-03 02:51:21.254335,2021-08-28 08:23:41.732248
5007,Girindra Bandi,girindrabandi923@hotmail.com,8757373225,Scooter,41,True,Male,3.9,2021-02-01 20:01:26.362413,2024-06-17 11:35:15.145677
5008,Vihaan Chowdhury,vihaanchowdhury808@outlook.com,7752375631,Scooter,41,True,Male,3.7,2021-04-29 15:27:32.962737,2023-10-25 10:10:05.471538
5009,Dev Tara,devtara225@hotmail.com,6894549891,Scooter,41,True,Male,4.3,2021-12-13 00:28:46.499386,2022-12-09 14:04:21.015305
5010,Januja Vig,janujavig918@outlook.com,7092579234,Scooter,41,True,Female,4.3,2021-12-24 00:46:13.910574,2023-09-29 19:59:36.043748
5011,Wriddhish Chandra,wriddhishchandra683@yahoo.com,8357821412,Scooter,41,True,Male,3.9,2020-12-10 14:24:45.102082,2025-04-05 01:49:19.910324
5012,Alexander Pal,alexanderpal678@yahoo.com,9210652658,Scooter,41,True,Male,4.8,2021-02-15 21:55:36.624371,2023-02-05 13:40:09.180818
5013,Mohammed Apte,mohammedapte876@yahoo.com,9980700573,Scooter,41,True,Male,4.9,2021-07-09 01:48:18.347902,2022-12-26 07:06:56.663079
5014,Dev Raja,devraja531@hotmail.com,7788814867,Scooter,41,True,Male,4.0,2021-10-06 14:43:35.916120,2023-02-14 05:59:44.435787
5015,Victor Kanda,victorkanda485@outlook.com,7345140115,Bike,41,True,Male,2.9,2021-02-24 20:36:33.532757,2022-12-05 20:42:06.666415
5016,Yug Subramanian,yugsubramanian250@hotmail.com,7567313409,Scooter,41,True,Male,1.5,2021-11-12 05:41:04.769582,2023-11-29 15:05:41.918584
5017,Chanakya Chaudhary,chanakyachaudhary673@yahoo.com,6683192290,Scooter,41,True,Male,4.6,2021-07-04 20:52:01.339290,2021-11-20 18:25:10.555452
5018,Gavin Parmer,gavinparmer612@outlook.com,9561046484,Scooter,41,True,Male,3.9,2021-07-10 07:16:36.468939,2023-04-10 23:52:06.673349
5019,Anmol Vig,anmolvig782@gmail.com,8965712808,Scooter,41,True,Male,4.0,2020-11-19 16:38:21.258244,2023-10-22 00:15:48.373258
5020,Manthan Dada,manthandada611@gmail.com,9109812828,Scooter,41,True,Male,3.1,2021-12-06 06:51:21.143331,2022-05-22 14:00:06.234326
5021,Samuel Mistry,samuelmistry53@gmail.com,6751054310,Scooter,41,True,Male,4.2,2021-06-11 07:57:57.109802,2021-11-29 20:35:01.759645
5022,Xavier Shanker,xaviershanker581@yahoo.com,7966603855,Bike,41,True,Male,3.9,2021-05-30 12:14:18.404694,2022-08-03 13:05:26.039322
5023,Nathan Dyal,nathandyal929@outlook.com,6196187239,Scooter,41,True,Male,4.9,2021-07-18 02:10:19.466222,2024-05-06 03:37:31.029964
5024,Udarsh Varughese,udarshvarughese683@hotmail.com,6609363469,Scooter,41,True,Male,3.8,2020-12-07 22:32:44.221452,2024-08-20 03:46:16.234129
5025,Avi More,avimore432@gmail.com,8701044068,Bike,41,True,Male,3.9,2020-12-27 12:55:27.757658,2022-05-01 02:38:24.081205
5026,Upkaar Parsa,upkaarparsa40@hotmail.com,6591448214,Scooter,41,False,Male,4.4,2021-10-23 05:22:53.049543,2024-08-16 19:09:56.027853
5027,Tanish Bava,tanishbava352@hotmail.com,8905906346,Bike,41,True,Male,4.6,2021-01-31 19:39:25.906685,2023-12-31 14:32:30.165132
5028,Akshay Khatri,akshaykhatri352@yahoo.com,6099469872,Bike,41,True,Male,4.1,2021-06-11 08:30:44.642299,2024-11-05 23:42:50.703543
5029,Gavin Rama,gavinrama791@hotmail.com,6974853817,Bike,41,True,Male,2.5,2021-10-05 18:38:33.339779,2024-07-20 18:06:19.800874
5030,Isaac Kala,isaackala193@hotmail.com,8936813115,Bike,41,False,Male,4.8,2021-12-24 21:45:48.383615,2023-08-29 08:16:04.591809
5031,Akshay Dugar,akshaydugar590@hotmail.com,6337882313,Bike,41,True,Male,2.2,2021-03-26 00:09:45.039648,2021-06-26 22:41:58.556893
5032,Imaran Batra,imaranbatra190@hotmail.com,6125380803,Scooter,41,True,Male,4.2,2021-08-22 22:06:21.658334,2023-01-24 13:14:16.455278
5033,Jason Sabharwal,jasonsabharwal861@outlook.com,9800699345,Scooter,41,True,Male,4.1,2021-09-02 03:07:49.220397,2023-10-03 07:08:48.315433
5034,Yatin Dhawan,yatindhawan114@hotmail.com,8901868918,Scooter,41,True,Male,4.8,2020-12-30 21:21:04.232931,2021-04-01 09:13:24.316485
5035,Kabir Mani,kabirmani568@yahoo.com,8971690968,Bike,41,False,Male,4.5,2021-07-23 04:20:02.983608,2025-04-07 17:43:58.052540
5036,Rehaan Sharma,rehaansharma266@gmail.com,9070525249,Scooter,41,False,Male,3.3,2021-03-12 11:10:34.839184,2023-01-28 16:25:07.420691
5037,Balvan Deep,balvandeep599@gmail.com,8714078942,Scooter,41,True,Male,4.8,2020-11-01 11:49:59.585044,2021-11-28 21:06:29.102201
5038,Chakradev Bera,chakradevbera353@hotmail.com,6997078007,Scooter,41,True,Male,2.5,2021-05-16 17:38:35.049131,2024-10-04 23:53:27.252239
5039,Quincy Karan,quincykaran716@outlook.com,9559657465,Scooter,41,True,Male,3.7,2021-03-06 06:06:53.872986,2024-01-01 21:55:55.324110
5040,Om Kalita,omkalita426@gmail.com,6134220436,Scooter,41,True,Male,2.2,2021-05-28 10:16:37.957310,2024-03-31 14:18:12.218440
5041,Zaid Bhavsar,zaidbhavsar864@gmail.com,7956905265,Bike,41,True,Male,3.3,2021-07-04 00:38:23.792999,2023-09-25 02:36:23.877802
5042,Om Prabhu,omprabhu987@hotmail.com,6603001467,Bike,41,True,Male,4.8,2021-05-22 13:40:26.833550,2024-02-28 10:09:17.139426
5043,Vedant Saraf,vedantsaraf178@gmail.com,7817537412,Bike,41,True,Male,4.3,2021-07-02 18:14:10.202953,2023-03-12 02:52:38.105195
5044,Raksha Varty,rakshavarty524@gmail.com,9235216086,Scooter,41,True,Female,1.3,2021-12-07 21:07:46.283493,2023-01-11 02:25:00.609637
5045,Zaid Amble,zaidamble435@gmail.com,9365261961,Scooter,41,True,Male,3.0,2021-06-23 21:37:14.506551,2024-10-04 04:11:22.827295
5046,Thomas Hayer,thomashayer21@yahoo.com,8452511942,Bike,41,True,Male,2.8,2021-08-07 13:36:53.110618,2021-12-22 12:59:06.074489
5047,Ansh Ramaswamy,anshramaswamy447@gmail.com,9393451973,Bike,41,True,Male,4.6,2021-01-16 03:34:09.202085,2025-01-01 07:23:05.715607
5048,Abeer Toor,abeertoor730@gmail.com,9198597985,Scooter,41,True,Male,4.3,2021-04-15 10:52:46.116986,2022-04-08 05:33:27.776791
5049,Samarth Narain,samarthnarain452@outlook.com,7417039152,Bike,41,True,Male,4.1,2021-03-08 11:49:03.286797,2024-01-05 02:05:40.243617
5050,Ishanvi Ravel,ishanviravel288@yahoo.com,6977380028,Bike,41,True,Female,5.0,2021-03-01 19:23:54.110369,2022-08-23 00:18:08.018625
5051,Banjeet Kamdar,banjeetkamdar316@gmail.com,9357138100,Bike,41,True,Male,4.5,2020-11-18 06:43:43.912201,2024-02-27 11:43:38.908483
5052,Vedant Dutt,vedantdutt666@hotmail.com,8156424986,Scooter,41,False,Male,4.1,2021-05-12 10:03:04.781195,2021-11-04 16:40:59.206098
5053,Banjeet Deshmukh,banjeetdeshmukh411@yahoo.com,6653924391,Bike,41,True,Male,2.6,2021-02-13 07:04:20.604392,2021-03-20 10:25:03.442299
5054,Bahadurjit Gaba,bahadurjitgaba805@yahoo.com,7278955078,Scooter,41,True,Male,1.7,2021-01-13 20:30:10.703605,2023-04-24 07:54:04.289077
5055,Luke Batra,lukebatra371@outlook.com,9102477341,Bike,41,True,Male,2.3,2020-11-12 23:29:57.337914,2022-01-19 14:09:22.106383
5056,Sachi Kohli,sachikohli113@gmail.com,9294706620,Scooter,41,True,Female,4.5,2021-03-22 20:27:38.886458,2024-12-05 16:24:58.186835
5057,Andrew Batra,andrewbatra644@hotmail.com,9085227672,Scooter,41,True,Male,3.0,2021-02-08 07:48:08.404976,2021-05-21 22:52:50.039166
5058,Krishna Hora,krishnahora663@yahoo.com,7111369166,Bike,41,True,Male,4.5,2021-01-26 06:36:54.649910,2021-10-01 14:14:39.126626
5059,Jagat Mohanty,jagatmohanty938@yahoo.com,7284859269,Bike,41,True,Male,4.6,2020-12-09 22:19:07.161185,2021-01-30 04:24:23.367785
5060,Guneet Swamy,guneetswamy681@yahoo.com,9416841582,Bike,41,True,Male,4.7,2020-10-13 10:51:53.480076,2024-08-16 07:17:31.854182
5061,Qabil Chakrabarti,qabilchakrabarti329@gmail.com,8513654360,Scooter,41,True,Male,4.7,2021-10-20 21:14:16.453248,2022-12-21 20:26:18.438328
5062,Imaran Bhagat,imaranbhagat620@outlook.com,6067858994,Scooter,41,True,Male,2.6,2021-05-05 02:57:39.857235,2024-06-14 00:51:28.195492
5063,Tarak Bahl,tarakbahl932@gmail.com,6543343678,Scooter,41,True,Male,5.0,2020-10-17 15:53:51.636875,2025-02-05 19:32:10.569280
5064,Pratyush Warrior,pratyushwarrior145@outlook.com,7940957936,Bike,41,False,Male,4.5,2021-03-04 05:50:50.003782,2021-04-22 09:40:18.669561
5065,Lohit Bali,lohitbali235@outlook.com,8943376914,Bike,41,True,Male,4.7,2021-06-08 00:20:49.300390,2023-08-28 00:02:04.691474
5066,Tarak Khurana,tarakkhurana407@yahoo.com,9522289521,Bike,41,True,Male,2.6,2021-10-31 22:28:21.058939,2023-07-14 23:55:12.176148
5067,Matthew Bal,matthewbal446@outlook.com,8436105892,Bike,41,False,Male,4.4,2021-12-26 19:33:01.667699,2024-03-01 22:12:15.289338
5068,Tarak Krishna,tarakkrishna579@yahoo.com,9341544864,Scooter,41,False,Male,2.0,2021-10-03 21:21:29.603645,2022-07-23 16:08:12.452689
5069,Kiaan Gala,kiaangala355@hotmail.com,8206946484,Scooter,41,True,Other,4.4,2021-07-14 18:49:38.773884,2024-08-29 15:45:50.186198
5070,Zashil Murthy,zashilmurthy281@hotmail.com,9652623423,Bike,41,True,Male,3.2,2021-01-30 01:01:58.913066,2022-01-06 04:58:49.797159
5071,Udant Oza,udantoza135@gmail.com,7364923527,Bike,41,True,Male,2.0,2020-12-26 08:20:15.655093,2022-07-19 19:55:35.799118
5072,Hardik Shetty,hardikshetty569@outlook.com,9333383080,Scooter,41,True,Male,4.5,2021-12-23 00:54:14.772543,2025-03-25 16:40:37.050489
5073,Girish Mall,girishmall654@hotmail.com,8632461954,Bike,41,True,Male,4.7,2021-11-01 09:15:08.917927,2023-05-22 06:43:29.307654
5074,Karan Prakash,karanprakash464@outlook.com,7487004041,Bike,41,True,Male,2.3,2020-12-28 08:44:13.240369,2023-11-19 05:10:21.537302
5075,Maanav Dass,maanavdass279@gmail.com,9269468456,Scooter,41,True,Male,1.6,2021-09-28 09:06:35.487237,2024-12-17 13:07:43.714036
5076,Gunbir Manda,gunbirmanda696@outlook.com,6036545102,Bike,41,True,Male,3.7,2021-11-22 15:56:44.278384,2025-04-16 08:51:46.246719
5077,Gabriel Dalal,gabrieldalal246@yahoo.com,7494587106,Scooter,41,True,Male,4.5,2021-04-28 18:33:10.602475,2022-04-28 23:14:51.706640
5078,Vivaan Parikh,vivaanparikh910@gmail.com,9387903199,Scooter,41,True,Male,4.1,2021-05-03 02:35:35.866893,2021-09-10 23:00:45.244669
5079,Hredhaan Lall,hredhaanlall103@hotmail.com,7046197879,Bike,41,True,Male,4.1,2021-12-04 11:57:01.969308,2023-09-21 07:38:27.616382
5080,Isaac Sengupta,isaacsengupta164@hotmail.com,7046616430,Bike,41,True,Male,3.1,2021-09-14 04:04:49.355176,2022-10-03 05:59:42.555853
5081,Yash Bhattacharyya,yashbhattacharyya371@yahoo.com,6639508863,Bike,41,True,Male,2.5,2021-01-06 16:44:59.278342,2022-05-09 18:08:22.451879
5082,Rachit Gill,rachitgill702@yahoo.com,9419198718,Bike,41,True,Male,2.8,2021-04-11 16:11:54.331143,2023-12-27 13:35:22.687158
5083,Rachit Gulati,rachitgulati742@gmail.com,9140497603,Bike,41,True,Male,4.7,2020-11-24 03:36:10.680394,2025-03-08 11:06:29.366692
5084,Samar Aggarwal,samaraggarwal551@yahoo.com,9348937043,Scooter,41,True,Male,3.8,2021-05-03 04:16:42.230875,2024-12-31 01:34:33.620601
5085,Harish Menon,harishmenon756@yahoo.com,8428118033,Bike,41,True,Male,4.7,2021-08-15 01:22:58.869370,2022-12-12 05:46:17.987482
5086,Ayaan Sant,ayaansant664@hotmail.com,7633700822,Bike,41,True,Male,4.5,2021-07-17 10:45:52.658453,2024-05-25 16:11:42.982092
5087,Harshil Deol,harshildeol363@gmail.com,8087748998,Scooter,41,True,Male,4.0,2020-11-16 15:14:33.310019,2024-08-08 14:04:19.613938
5088,Januja Korpal,janujakorpal990@gmail.com,6555775441,Bike,41,True,Female,3.7,2020-12-30 17:51:25.548079,2024-06-06 07:02:53.829442
5089,Ikbal Muni,ikbalmuni575@hotmail.com,8035338527,Bike,41,True,Male,4.4,2021-05-28 13:11:28.198552,2025-02-09 11:02:03.099299
5090,Daniel Misra,danielmisra107@hotmail.com,7568452679,Bike,41,True,Male,4.7,2021-09-24 06:24:37.159644,2021-10-29 04:12:17.709449
5091,Dominic Dyal,dominicdyal784@gmail.com,6774397042,Bike,41,True,Male,4.5,2021-07-22 13:08:10.462368,2023-12-07 03:50:44.915674
5092,Ranbir Swaminathan,ranbirswaminathan371@hotmail.com,6473001220,Bike,41,True,Male,4.8,2021-01-11 02:40:54.209053,2023-10-03 19:06:37.316168
5093,Krish Sur,krishsur353@outlook.com,7114723146,Scooter,41,True,Male,4.5,2021-01-27 19:53:14.736299,2023-04-21 00:00:01.818560
5094,Gopal Sachdev,gopalsachdev439@outlook.com,7453552383,Scooter,41,True,Male,4.6,2021-06-03 09:33:41.709592,2021-08-02 11:43:21.843525
5095,Darsh Guha,darshguha705@gmail.com,8141111200,Bike,41,True,Male,3.4,2021-03-10 14:47:26.963771,2022-08-31 07:34:11.522289
5096,Vedant Mody,vedantmody599@yahoo.com,9243768622,Scooter,41,True,Male,4.8,2020-10-15 18:31:17.818532,2024-04-28 23:01:19.541600
5097,Kamala Chhabra,kamalachhabra946@outlook.com,7522030752,Scooter,41,True,Female,2.7,2021-09-02 08:46:39.950239,2024-10-21 13:18:03.077492
5098,Falan Kale,falankale373@hotmail.com,9334446387,Scooter,41,True,Male,4.9,2021-04-22 14:03:01.347122,2024-07-07 08:21:33.080222
5099,Ojas Kapoor,ojaskapoor766@outlook.com,8123512919,Bike,41,True,Male,4.2,2020-10-15 15:01:17.994782,2025-04-13 16:26:34.479182
5100,Vincent Bhat,vincentbhat684@hotmail.com,7230488880,Bike,41,True,Male,2.1,2021-04-01 01:00:27.303678,2023-05-07 00:03:50.847988
5101,Manan Solanki,manansolanki181@outlook.com,7635440881,Bike,41,True,Male,3.8,2021-02-03 01:05:19.007153,2024-05-11 09:54:03.459871
5102,Laban Sangha,labansangha975@hotmail.com,8122740671,Scooter,41,True,Male,3.2,2020-10-13 01:07:53.167624,2021-08-20 09:13:20.813569
5103,Ojas Goel,ojasgoel701@gmail.com,8920477878,Bike,41,True,Male,2.5,2021-04-12 19:58:52.481675,2021-05-29 22:05:32.306974
5104,Fiyaz Gandhi,fiyazgandhi303@yahoo.com,7280717524,Bike,41,True,Male,4.1,2020-11-01 14:10:33.867966,2021-08-02 02:20:14.165857
5105,Bakhshi Mammen,bakhshimammen213@outlook.com,8196268885,Bike,41,True,Male,2.4,2021-07-03 07:15:11.642271,2022-07-01 12:37:21.859981
5106,Rehaan Kata,rehaankata387@hotmail.com,7124988856,Scooter,42,True,Male,1.3,2021-07-05 00:23:01.428524,2023-12-16 21:58:28.103316
5107,Abhimanyu Parekh,abhimanyuparekh222@gmail.com,8313474800,Scooter,42,True,Male,4.9,2021-04-13 15:58:03.297801,2022-05-15 00:04:29.553468
5108,Dominic Sha,dominicsha499@yahoo.com,7620939792,Bike,42,False,Male,1.3,2020-11-23 20:38:07.491404,2023-02-21 12:42:05.186772
5109,Liam Choudhury,liamchoudhury784@gmail.com,8933082197,Bike,42,True,Male,4.2,2021-08-05 05:57:56.683168,2021-10-16 03:37:05.160551
5110,Ayush Kibe,ayushkibe678@gmail.com,7479682399,Bike,42,True,Male,4.1,2020-12-22 14:06:09.190204,2021-08-16 05:22:41.206680
5111,Kai Shukla,kaishukla613@hotmail.com,8765310743,Bike,42,True,Male,4.1,2020-12-16 16:02:44.809716,2021-02-21 05:31:26.485180
5112,Nihal Bhattacharyya,nihalbhattacharyya387@gmail.com,6958010504,Scooter,42,False,Male,2.9,2021-04-15 10:47:14.107101,2023-11-03 00:30:14.813306
5113,Sanaya Murthy,sanayamurthy175@outlook.com,9190416795,Bike,42,True,Other,4.1,2021-05-22 11:29:43.352004,2024-08-17 18:33:08.717779
5114,Jagdish Kant,jagdishkant21@yahoo.com,6550969032,Bike,42,True,Male,3.1,2021-08-10 08:18:57.010558,2021-12-04 10:29:14.206426
5115,Lucky Mody,luckymody668@outlook.com,6375831595,Bike,42,True,Male,4.6,2021-11-17 06:54:57.143437,2023-08-19 06:38:29.822179
5116,Reyansh Bains,reyanshbains853@hotmail.com,6229472863,Scooter,42,True,Male,3.4,2021-02-05 21:16:36.275239,2023-10-01 19:57:25.153358
5117,Udant Bajaj,udantbajaj640@outlook.com,8476268205,Scooter,42,True,Male,4.6,2021-09-22 04:38:45.618510,2024-01-04 23:58:13.422040
5118,Rachit Narayanan,rachitnarayanan110@yahoo.com,8578129028,Bike,42,True,Male,3.9,2021-03-26 08:55:59.359886,2021-08-29 09:51:45.437811
5119,Manbir Varma,manbirvarma810@outlook.com,8105962154,Bike,42,True,Male,2.5,2021-04-22 04:30:29.741517,2023-02-08 12:01:20.296901
5120,Jason Chand,jasonchand964@gmail.com,7442042343,Scooter,42,True,Male,3.7,2020-11-19 15:47:26.305300,2022-08-01 15:26:10.020726
5121,Hardik Karan,hardikkaran417@hotmail.com,9828473050,Bike,42,True,Male,4.5,2021-02-12 05:13:43.769763,2022-03-20 06:50:27.386855
5122,Ekapad Saini,ekapadsaini173@gmail.com,9700417404,Bike,42,False,Male,2.4,2021-10-30 07:37:18.022607,2023-06-03 04:40:31.986821
5123,Omkaar Mishra,omkaarmishra460@hotmail.com,8561422635,Scooter,42,False,Male,4.4,2020-11-30 00:30:26.668966,2021-10-26 20:31:18.583018
5124,Faraj Bali,farajbali429@gmail.com,9513180596,Bike,42,True,Male,4.8,2021-04-11 20:33:22.388221,2022-04-30 17:14:38.739870
5125,Gavin Brahmbhatt,gavinbrahmbhatt91@gmail.com,8562736086,Scooter,42,True,Male,4.2,2021-06-07 09:07:49.487115,2021-12-29 03:37:56.661281
5126,Udyati Minhas,udyatiminhas402@gmail.com,8465134011,Bike,42,True,Female,4.7,2021-05-23 11:33:59.434249,2025-01-24 20:45:00.907092
5127,Ranveer Sridhar,ranveersridhar659@yahoo.com,8278056127,Bike,42,True,Male,4.1,2020-11-17 19:02:21.985249,2022-10-27 10:59:07.819020
5128,Pranit Toor,pranittoor357@outlook.com,9536038811,Bike,42,True,Male,4.4,2021-07-30 01:42:39.128818,2023-05-26 04:30:01.148489
5129,Hemang Dash,hemangdash432@yahoo.com,6809709258,Bike,42,True,Male,2.2,2021-11-11 11:54:22.546162,2022-01-18 23:42:43.425874
5130,Ayushman Korpal,ayushmankorpal629@outlook.com,9955335042,Bike,42,True,Male,4.2,2021-10-28 16:09:34.607053,2022-09-14 09:00:43.785135
5131,Faraj Savant,farajsavant318@gmail.com,9697893118,Scooter,42,True,Male,3.0,2021-11-28 08:12:13.570784,2024-06-06 15:07:07.115457
5132,Vivaan Shah,vivaanshah768@hotmail.com,8960293800,Bike,42,True,Male,3.7,2020-11-27 09:58:50.991225,2021-10-15 20:20:40.266040
5133,William Pillai,williampillai350@yahoo.com,7270681279,Scooter,42,True,Male,4.3,2021-09-30 22:02:23.842031,2023-04-02 02:37:33.487793
5134,Tarak Vig,tarakvig697@yahoo.com,8984334798,Scooter,42,False,Male,4.8,2020-12-12 00:16:54.550208,2023-02-25 09:48:37.414160
5135,Aayush Purohit,aayushpurohit619@yahoo.com,8567110307,Bike,42,True,Male,2.9,2021-08-03 08:17:30.949042,2024-04-09 08:45:37.562778
5136,Maanas Mall,maanasmall109@hotmail.com,8714924293,Bike,42,True,Male,2.3,2021-09-09 10:32:25.658060,2024-11-15 23:56:08.559461
5137,Joshua Rout,joshuarout331@yahoo.com,7880960996,Scooter,42,False,Male,2.6,2021-01-30 17:04:27.920626,2021-02-19 00:32:11.414559
5138,Ekalinga Hayre,ekalingahayre853@hotmail.com,8395094791,Bike,42,True,Male,4.8,2020-12-02 22:13:17.392113,2023-02-25 17:04:00.626522
5139,Samesh Vala,sameshvala839@gmail.com,8119699593,Scooter,42,True,Male,4.9,2021-04-20 00:43:30.344592,2021-08-20 00:12:35.607055
5140,Oscar Yohannan,oscaryohannan125@gmail.com,9020285527,Bike,42,True,Male,4.4,2021-02-20 06:01:42.370579,2022-11-30 07:57:03.387065
5141,William Borde,williamborde265@hotmail.com,8990214210,Scooter,42,True,Male,3.6,2021-10-13 06:08:22.227311,2023-02-26 11:49:54.911080
5142,Ronith Morar,ronithmorar240@hotmail.com,6419480353,Bike,42,True,Male,4.6,2021-10-06 18:41:17.423405,2023-07-27 09:08:23.167493
5143,Agastya Bhatt,agastyabhatt9@yahoo.com,6402936736,Scooter,42,True,Male,3.8,2021-12-29 11:45:19.558978,2023-12-28 07:29:43.134990
5144,Vivaan Mital,vivaanmital794@hotmail.com,9842949039,Scooter,42,True,Male,4.5,2021-01-30 12:46:08.336802,2022-09-28 18:32:15.827012
5145,Yug D’Alia,yugd’alia372@hotmail.com,8670449118,Bike,42,False,Male,4.4,2021-03-28 06:37:27.538812,2023-09-11 10:49:17.694151
5146,Vedant Dugar,vedantdugar576@gmail.com,9787857439,Scooter,42,True,Male,2.3,2021-01-20 17:12:02.074715,2022-02-15 18:49:16.037866
5147,Anthony Bora,anthonybora337@yahoo.com,9218039948,Bike,42,True,Male,4.5,2021-09-18 01:30:26.157384,2022-03-28 20:32:51.181868
5148,Theodore Dass,theodoredass899@gmail.com,8795381501,Bike,42,True,Male,4.5,2021-11-25 11:30:09.660011,2022-01-21 14:48:38.379417
5149,Jonathan Chadha,jonathanchadha464@outlook.com,6885604031,Bike,42,True,Male,4.5,2021-12-02 23:59:29.108393,2022-07-27 10:54:52.515038
5150,Samuel Rana,samuelrana724@yahoo.com,6123621414,Scooter,42,True,Male,4.1,2021-06-03 17:39:09.155295,2021-11-24 17:20:23.196566
5151,Anamika Sinha,anamikasinha667@yahoo.com,7261579013,Bike,42,True,Female,4.2,2021-03-28 15:03:56.743868,2021-12-21 10:16:14.293264
5152,Tanay Tak,tanaytak705@gmail.com,6737234800,Bike,42,True,Male,4.9,2020-11-24 08:39:00.794648,2024-08-22 22:16:04.530711
5153,Yash Bajaj,yashbajaj190@yahoo.com,8648832495,Bike,42,False,Male,4.1,2021-05-30 22:15:40.149173,2023-08-03 21:41:26.723557
5154,Gunbir Saxena,gunbirsaxena97@gmail.com,9150442910,Bike,42,True,Male,4.3,2021-05-25 13:48:01.939435,2023-03-19 05:20:45.228482
5155,Darpan Lal,darpanlal173@hotmail.com,9829221421,Bike,42,True,Male,4.3,2021-01-31 00:44:06.965765,2024-06-10 07:14:09.889104
5156,Ranbir Gandhi,ranbirgandhi162@gmail.com,7273590453,Scooter,42,True,Male,3.0,2021-06-30 09:04:37.142778,2022-04-01 05:45:55.662004
5157,Patrick Ram,patrickram8@hotmail.com,8976958905,Scooter,42,True,Male,3.8,2020-12-02 17:08:38.467627,2024-04-21 16:15:07.858283
5158,Pranav Raja,pranavraja121@gmail.com,8996627264,Scooter,42,True,Male,4.4,2021-06-06 02:09:57.244288,2021-06-28 20:48:15.244869
5159,Utkarsh Sule,utkarshsule281@outlook.com,8870359536,Scooter,42,True,Male,5.0,2021-09-09 09:58:45.873205,2024-01-17 19:15:20.604099
5160,Darsh Padmanabhan,darshpadmanabhan636@yahoo.com,6034636237,Scooter,42,True,Male,2.5,2021-11-08 03:04:58.951965,2022-11-07 01:18:41.963006
5161,Oliver Walla,oliverwalla319@hotmail.com,8315638937,Bike,42,True,Male,4.5,2021-07-18 10:04:03.596352,2024-08-17 06:47:39.049144
5162,Pratyush Sen,pratyushsen701@gmail.com,9568336254,Bike,42,True,Male,3.3,2021-03-25 20:49:11.658372,2024-07-23 05:30:05.951641
5163,Balveer Saraf,balveersaraf881@outlook.com,8720594228,Bike,42,True,Male,4.8,2020-12-01 10:25:15.323561,2025-02-19 08:05:26.515013
5164,Jagat Singhal,jagatsinghal328@outlook.com,6326818183,Bike,42,True,Male,1.2,2021-06-09 04:26:06.016279,2023-02-28 11:00:44.057666
5165,Krishna Lall,krishnalall37@yahoo.com,8647859806,Scooter,42,True,Male,2.6,2021-05-10 18:18:26.276644,2021-11-08 13:05:15.939819
5166,Ikbal Sharaf,ikbalsharaf444@outlook.com,8723753653,Bike,42,True,Male,3.4,2021-08-06 17:57:33.919566,2024-11-24 22:27:37.595274
5167,Maanav De,maanavde240@hotmail.com,8504335390,Scooter,42,True,Male,4.8,2021-01-12 20:00:33.459649,2022-07-23 17:13:23.894284
5168,Manthan Chandra,manthanchandra641@gmail.com,6995198923,Scooter,42,True,Male,2.3,2021-07-04 20:36:19.699553,2021-09-21 03:35:54.537024
5169,Vivaan Pillay,vivaanpillay803@yahoo.com,9533556083,Bike,42,True,Male,4.0,2021-03-25 01:25:34.433081,2023-09-27 00:01:10.752359
5170,Laban Sule,labansule302@yahoo.com,9410167299,Scooter,42,True,Male,2.7,2021-01-13 03:10:09.945730,2021-04-04 09:39:03.059721
5171,Kai Saran,kaisaran277@yahoo.com,6009451542,Scooter,42,True,Male,4.2,2021-02-13 04:41:24.887666,2024-01-25 06:36:20.953756
5172,Nikita Tak,nikitatak976@yahoo.com,7761415531,Bike,42,True,Female,3.3,2021-11-05 03:38:05.837900,2023-04-01 01:28:02.545665
5173,Tanay Dasgupta,tanaydasgupta447@outlook.com,7022760481,Scooter,42,True,Male,3.4,2021-04-30 07:34:10.413755,2024-09-21 04:40:57.326658
5174,Balhaar Amble,balhaaramble832@hotmail.com,9876336256,Scooter,42,False,Male,4.5,2021-11-24 19:09:15.149710,2025-01-03 17:29:07.270024
5175,Mason Shere,masonshere393@yahoo.com,7236822210,Bike,42,True,Male,3.7,2021-05-20 06:42:01.037385,2023-10-29 16:58:02.350154
5176,Sai Merchant,saimerchant276@outlook.com,8663833911,Bike,42,True,Male,4.3,2021-01-21 16:18:15.631993,2022-02-04 19:14:41.445588
5177,Gabriel Grewal,gabrielgrewal168@hotmail.com,6877042738,Scooter,42,True,Male,4.0,2021-02-25 07:47:03.032200,2024-11-15 16:19:04.406444
5178,Triveni Ramesh,triveniramesh864@outlook.com,9260388179,Scooter,42,True,Female,4.9,2021-11-19 12:45:25.663924,2023-04-04 17:05:45.959132
5179,Advay Mannan,advaymannan291@outlook.com,8712509230,Bike,42,True,Male,3.4,2021-12-29 19:19:24.106483,2022-10-01 23:27:40.551831
5180,Chatresh Dave,chatreshdave415@outlook.com,7403419907,Bike,42,True,Male,3.1,2021-05-20 02:22:07.237018,2022-05-29 04:49:08.666809
5181,Rehaan Aggarwal,rehaanaggarwal5@yahoo.com,7409339054,Bike,42,True,Male,3.1,2021-08-12 04:32:01.476861,2024-11-02 23:12:43.086886
5182,Aarush Toor,aarushtoor218@outlook.com,6161643606,Scooter,42,True,Male,3.6,2021-08-13 16:40:36.243170,2024-09-29 07:57:17.092290
5183,Chameli Singhal,chamelisinghal683@outlook.com,7180135406,Scooter,42,True,Female,4.6,2021-04-10 00:52:24.623453,2024-11-28 14:42:42.417900
5184,William Pandya,williampandya468@hotmail.com,7620453862,Scooter,42,True,Male,4.6,2021-06-27 06:02:28.743050,2023-09-26 05:16:56.007577
5185,Dakshesh Pillai,daksheshpillai894@gmail.com,6070442245,Scooter,42,True,Male,4.5,2021-09-16 14:23:24.300082,2024-12-01 22:13:43.662035
5186,Rayaan Khare,rayaankhare637@hotmail.com,9707803951,Scooter,42,True,Male,4.1,2021-04-30 09:19:03.853711,2021-06-28 22:08:13.935458
5187,Ekbal Jain,ekbaljain818@yahoo.com,7891137360,Bike,42,True,Male,3.0,2021-04-21 05:44:01.479659,2021-07-11 13:50:07.979970
5188,Ekaraj Handa,ekarajhanda106@outlook.com,8248842595,Scooter,42,True,Male,5.0,2021-06-01 16:27:52.529584,2024-10-19 09:27:39.851576
5189,Gaurang Mistry,gaurangmistry746@outlook.com,7446211461,Scooter,42,True,Male,4.4,2021-04-20 16:22:19.234068,2023-08-27 16:38:27.675257
5190,Advik Bhalla,advikbhalla967@outlook.com,7399267596,Bike,42,True,Male,4.1,2021-01-02 04:31:03.592732,2022-06-25 14:49:12.418300
5191,Bachittar Savant,bachittarsavant577@hotmail.com,6085911370,Bike,42,True,Male,3.7,2021-01-15 08:21:22.848582,2024-03-07 06:57:38.097952
5192,Pranit Mahal,pranitmahal626@hotmail.com,9808856098,Bike,42,True,Other,3.7,2021-06-09 02:34:46.612817,2022-12-02 08:37:05.858893
5193,Geetika Pathak,geetikapathak332@hotmail.com,9812177976,Scooter,42,True,Female,4.3,2021-09-21 06:05:00.234701,2021-11-22 00:29:22.218369
5194,Rayaan Memon,rayaanmemon878@outlook.com,9261893555,Bike,42,True,Male,4.8,2021-01-14 22:42:17.091992,2023-01-15 07:58:58.372689
5195,Jagat Chhabra,jagatchhabra845@yahoo.com,9038300641,Bike,42,True,Male,4.3,2021-09-27 14:21:59.620370,2022-02-09 06:54:51.930410
5196,Azaan Patla,azaanpatla74@outlook.com,9057729242,Scooter,42,False,Male,4.8,2021-07-15 07:19:28.097962,2024-05-09 14:44:41.297966
5197,Gautam Bedi,gautambedi308@gmail.com,8025630555,Bike,42,True,Male,4.8,2021-05-15 13:54:51.372619,2021-09-19 00:26:26.888297
5198,Zehaan Natarajan,zehaannatarajan552@yahoo.com,6142990287,Bike,42,True,Male,4.0,2021-11-23 12:08:31.305199,2023-02-13 19:19:00.221737
5199,Chakradev Acharya,chakradevacharya896@outlook.com,7390393095,Scooter,42,True,Male,4.2,2021-06-26 08:30:07.797373,2024-04-02 10:17:41.241840
5200,Jyoti Yohannan,jyotiyohannan779@outlook.com,9568780487,Scooter,42,True,Female,4.8,2021-11-01 12:21:23.744201,2025-04-07 04:07:41.804507
5201,Farhan Bobal,farhanbobal777@yahoo.com,9246463398,Bike,42,True,Male,4.3,2021-02-01 13:54:33.859352,2024-11-26 21:53:26.067439
5202,Udant Prabhu,udantprabhu201@outlook.com,9215448870,Scooter,42,True,Male,4.9,2021-07-11 03:22:40.692718,2021-12-22 07:09:10.625243
5203,Anthony Issac,anthonyissac23@gmail.com,7387602025,Scooter,42,True,Male,3.7,2021-05-05 03:32:05.418923,2023-06-23 17:41:34.824384
5204,Harshil Bhat,harshilbhat616@outlook.com,9306182044,Bike,42,True,Male,4.1,2021-03-21 21:50:59.012782,2021-10-24 12:16:54.295464
5205,Chaaya Venkataraman,chaayavenkataraman2@yahoo.com,7432214956,Bike,42,True,Other,4.6,2021-03-31 14:26:58.871027,2023-08-09 21:30:41.302244
5206,Orinder Bali,orinderbali151@hotmail.com,9260275396,Scooter,42,True,Male,4.5,2021-07-11 21:11:46.453773,2025-01-13 22:15:43.582219
5207,Lakshit Prashad,lakshitprashad50@outlook.com,9893607878,Scooter,42,True,Male,4.5,2021-10-12 07:22:30.792373,2022-07-11 04:44:17.999364
5208,Devansh Mahajan,devanshmahajan969@gmail.com,9829107532,Bike,42,True,Male,3.4,2021-08-27 13:51:05.914754,2023-01-02 20:59:46.448623
5209,Gautam Krish,gautamkrish217@hotmail.com,6834525150,Scooter,42,True,Male,3.3,2021-01-10 01:33:58.325410,2022-01-24 07:56:15.595382
5210,Kiaan Pal,kiaanpal766@outlook.com,8700967584,Scooter,42,True,Male,4.8,2021-06-16 16:02:26.214624,2024-08-11 04:26:53.167320
5211,Aarnav Trivedi,aarnavtrivedi201@yahoo.com,9172905071,Bike,42,True,Male,3.5,2021-12-26 17:41:50.151283,2025-01-29 12:44:25.166489
5212,Harrison More,harrisonmore732@outlook.com,6954987357,Scooter,42,True,Male,4.4,2021-08-08 15:54:38.100140,2024-03-26 05:39:16.792190
5213,Pavani Jain,pavanijain908@gmail.com,9617273761,Bike,42,True,Female,4.2,2021-06-04 22:58:36.979629,2023-02-18 07:00:29.346744
5214,Vrishti Mital,vrishtimital908@outlook.com,7917705502,Scooter,42,True,Female,3.4,2021-08-11 09:18:06.160458,2022-08-05 06:20:46.873656
5215,Oliver Rastogi,oliverrastogi251@outlook.com,7838278841,Bike,42,True,Male,4.9,2021-08-14 01:10:35.820016,2024-11-17 04:41:45.873064
5216,Yatin Sur,yatinsur834@outlook.com,7685402353,Scooter,42,True,Other,4.7,2021-01-09 10:50:40.423599,2023-11-07 10:12:27.404020
5217,Imaran Dyal,imarandyal628@hotmail.com,8129865436,Scooter,42,True,Male,5.0,2021-10-05 06:53:25.538887,2021-11-25 16:57:02.936704
5218,Tejas Sandhu,tejassandhu142@hotmail.com,7170872505,Scooter,42,True,Male,4.9,2020-12-30 02:22:32.121809,2024-02-18 20:16:44.654054
5219,Zaid Rattan,zaidrattan807@outlook.com,8523006233,Scooter,42,True,Male,4.4,2021-10-26 19:58:52.730551,2022-01-24 15:03:16.449908
5220,Maanav Majumdar,maanavmajumdar399@outlook.com,7089847554,Bike,42,True,Male,4.8,2021-08-10 17:04:22.436786,2022-06-11 12:18:36.589222
5221,Jeremiah Pandya,jeremiahpandya894@hotmail.com,8000299190,Scooter,42,True,Male,4.3,2021-11-09 12:40:55.443092,2023-07-07 10:33:00.445098
5222,Ronith Mangat,ronithmangat364@outlook.com,6645523507,Bike,42,True,Male,4.5,2021-11-24 21:04:01.976812,2024-09-07 21:20:10.886981
5223,Praneel Dhaliwal,praneeldhaliwal91@hotmail.com,6345818280,Scooter,42,True,Male,4.4,2021-01-29 18:03:31.264510,2022-03-01 22:27:30.547922
5224,Chandresh Yadav,chandreshyadav61@yahoo.com,6326552184,Scooter,42,True,Male,4.8,2020-12-16 23:08:51.762417,2023-02-16 05:52:53.788149
5225,Samar Mahal,samarmahal585@gmail.com,8671427891,Bike,42,True,Male,4.6,2021-10-13 04:12:31.183649,2024-03-01 03:40:27.733773
5226,Banjeet Gopal,banjeetgopal408@hotmail.com,9655471587,Scooter,42,True,Male,4.8,2021-09-06 08:27:03.464433,2024-12-10 19:03:20.987327
5227,Aahana Bose,aahanabose352@hotmail.com,7533596841,Bike,42,True,Female,3.3,2021-03-13 10:35:09.618574,2024-07-26 16:39:38.021733
5228,Samuel Kale,samuelkale351@yahoo.com,7048685685,Scooter,42,True,Male,4.4,2021-10-09 11:24:41.978800,2024-12-02 03:00:20.206825
5229,Upadhriti Ganesh,upadhritiganesh441@outlook.com,6774354204,Bike,42,True,Female,4.1,2021-06-04 02:04:16.553207,2024-09-01 01:50:24.915793
5230,Pratyush Khosla,pratyushkhosla30@outlook.com,6136973686,Bike,42,True,Male,4.0,2021-05-31 03:33:07.791980,2023-09-17 00:15:00.568012
5231,Dev Sur,devsur599@hotmail.com,9674203642,Bike,42,True,Male,2.7,2021-04-09 12:23:27.775070,2021-11-18 10:51:07.017573
