LoginID,CustomerID,LoginType,DeviceInterface,MobileDeviceName,WebInterface,LastLogin
300190,100560,App,Android,Oppo,,2021-08-31 01:29:04
300191,100346,App,Android,OnePlus,,2021-08-04 15:30:38
300192,100519,App,Android,Oppo,,2021-12-26 16:36:50
300193,100312,App,Android,Xiaomi,,2021-10-23 00:05:55
300194,100379,App,iOS,iPhone,,2021-09-15 04:45:30
300195,100442,App,Android,Samsung Galaxy,,2020-11-27 14:04:18
300196,100111,App,Android,Oppo,,2021-10-20 07:00:16
300197,100505,App,Android,Oppo,,2021-02-13 03:25:06
300198,100377,App,Android,Samsung Galaxy,,2021-07-06 02:19:58
300199,100230,Web,,,Firefox,2021-11-15 02:01:23
300200,100388,App,Android,Xiaomi,,2021-11-26 18:00:12
300201,100204,App,iOS,iPhone,,2021-09-01 19:15:04
300202,100479,App,Android,Oppo,,2021-10-30 11:19:12
300203,100124,App,Android,Xiaomi,,2021-04-02 08:05:46
300204,100213,Web,,,Chrome,2021-12-31 06:11:41
300205,100378,Web,,,Firefox,2021-03-26 22:22:07
300206,100171,App,iOS,iPhone,,2021-12-24 09:06:57
300207,100188,App,iOS,iPhone,,2021-11-15 10:03:33
300208,100460,App,Android,Xiaomi,,2021-12-29 10:44:10
300209,100095,App,Android,Oppo,,2021-12-11 19:28:13
300210,100218,App,Android,Oppo,,2021-11-13 19:35:38
300211,100527,App,iOS,iPhone,,2021-10-03 22:59:35
300212,100247,App,Android,Oppo,,2021-02-02 08:22:18
300213,100514,Web,,,Safari,2021-12-19 20:06:20
300214,100134,App,Android,Oppo,,2021-06-02 19:05:50
300215,100479,App,iOS,iPhone,,2021-02-12 17:21:47
300216,100089,App,Android,Samsung Galaxy,,2021-06-10 02:40:24
300217,100344,App,iOS,iPhone,,2021-11-24 10:24:18
300218,100259,App,Android,OnePlus,,2021-09-04 14:44:12
300219,100313,App,iOS,iPhone,,2021-12-03 21:43:23
300220,100447,App,Android,OnePlus,,2021-10-11 23:21:35
300221,100257,Web,,,Firefox,2021-10-02 22:42:01
300222,100097,App,Android,Vivo,,2021-10-19 06:01:13
300223,100362,App,Android,Xiaomi,,2021-06-22 21:18:01
300224,100439,App,Android,Realme,,2021-10-26 19:20:50
300225,100258,App,Android,Vivo,,2021-01-31 02:51:40
300226,100387,Web,,,Safari,2021-08-04 08:37:40
300227,100245,App,iOS,iPhone,,2021-11-18 04:52:21
300228,100361,App,iOS,iPhone,,2021-09-18 17:47:27
300229,100451,App,Android,OnePlus,,2021-02-11 19:15:36
300230,100390,App,iOS,iPhone,,2021-07-15 20:18:25
300231,100156,App,Android,Oppo,,2021-02-15 09:50:13
300232,100413,App,iOS,iPhone,,2021-09-10 15:36:59
300233,100287,App,iOS,iPhone,,2021-08-13 05:09:34
300234,100255,App,iOS,iPhone,,2021-08-24 19:51:13
300235,100498,App,Android,Xiaomi,,2021-07-14 17:37:04
300236,100478,App,Android,Samsung Galaxy,,2021-12-29 09:18:26
300237,100215,App,Android,Vivo,,2021-01-06 08:10:02
300238,100086,App,Android,Samsung Galaxy,,2021-08-14 13:57:13
300239,100173,App,Android,Vivo,,2021-06-28 22:21:50
300240,100228,App,Android,Samsung Galaxy,,2021-08-22 16:54:06
300241,100561,App,Android,OnePlus,,2021-05-10 08:07:54
300242,100443,App,Android,Xiaomi,,2021-11-08 12:23:11
300243,100238,App,Android,Samsung Galaxy,,2021-12-28 07:51:33
300244,100436,App,Android,Realme,,2020-10-13 01:19:52
300245,100169,App,Android,Xiaomi,,2021-12-23 14:42:56
300246,100462,App,Android,Xiaomi,,2021-11-04 09:55:36
300247,100536,App,Android,Realme,,2021-12-31 03:08:59
300248,100193,App,Android,Vivo,,2021-07-15 15:33:19
300249,100267,App,iOS,iPhone,,2021-10-11 18:54:38
300250,100309,App,iOS,iPhone,,2021-03-17 20:10:43
300251,100135,App,Android,OnePlus,,2021-10-05 14:07:07
300252,100336,App,Android,Vivo,,2021-06-11 20:48:27
300253,100180,App,Android,Vivo,,2021-08-01 15:47:51
300254,100063,Web,,,Safari,2021-07-30 16:25:41
300255,100303,App,iOS,iPhone,,2020-12-24 10:27:49
300256,100449,App,Android,OnePlus,,2021-09-20 13:14:58
300257,100552,App,Android,OnePlus,,2021-10-11 21:32:35
300258,100096,App,Android,Xiaomi,,2021-10-30 04:29:05
300259,100536,App,Android,Xiaomi,,2021-12-06 20:17:01
300260,100204,App,Android,Oppo,,2021-09-21 21:38:22
300261,100437,App,Android,Realme,,2021-03-26 22:55:37
300262,100419,App,Android,Samsung Galaxy,,2021-07-13 07:03:26
300263,100254,App,Android,Realme,,2021-12-09 18:44:16
300264,100309,App,Android,Xiaomi,,2021-05-08 19:50:22
300265,100360,App,Android,OnePlus,,2021-10-09 10:18:05
300266,100139,App,Android,Xiaomi,,2021-12-05 20:02:25
300267,100110,Web,,,Chrome,2021-06-24 08:00:33
300268,100196,App,iOS,iPhone,,2020-10-14 22:46:20
300269,100419,App,Android,Vivo,,2021-07-03 13:36:07
300270,100297,App,iOS,iPhone,,2021-06-30 13:43:48
300271,100332,App,iOS,iPhone,,2021-12-29 20:14:18
300272,100327,App,Android,Oppo,,2021-02-25 02:50:41
300273,100364,App,Android,Xiaomi,,2021-07-20 21:34:16
300274,100172,App,iOS,iPhone,,2021-11-25 23:13:00
300275,100095,Web,,,Firefox,2021-12-30 06:43:45
300276,100510,App,Android,Realme,,2021-09-25 03:48:54
300277,100067,App,Android,Xiaomi,,2021-11-08 21:45:55
300278,100070,App,Android,Vivo,,2021-09-09 12:12:19
300279,100227,App,Android,Xiaomi,,2021-11-28 19:05:11
300280,100187,App,Android,Oppo,,2021-11-26 22:43:51
300281,100316,App,Android,Realme,,2021-12-05 22:15:09
300282,100285,App,iOS,iPhone,,2021-11-12 04:55:08
300283,100280,App,Android,Samsung Galaxy,,2021-10-20 00:20:27
300284,100326,App,Android,OnePlus,,2021-11-17 05:28:03
300285,100089,App,Android,Realme,,2021-12-04 18:00:34
300286,100333,App,Android,Xiaomi,,2021-11-18 19:37:27
300287,100320,App,Android,Samsung Galaxy,,2021-12-19 20:15:03
300288,100093,Web,,,Chrome,2020-10-06 16:34:20
300289,100433,App,Android,Realme,,2021-08-02 02:25:55
300290,100337,App,Android,Oppo,,2021-01-25 07:56:52
300291,100557,App,Android,OnePlus,,2021-12-22 15:33:55
300292,100106,Web,,,Safari,2021-08-09 20:45:16
300293,100168,App,Android,Vivo,,2021-03-11 06:12:09
300294,100106,App,Android,Xiaomi,,2021-05-19 05:46:20
300295,100110,App,Android,Samsung Galaxy,,2021-05-04 03:32:09
300296,100191,App,iOS,iPhone,,2021-09-24 14:56:49
300297,100180,App,Android,Oppo,,2021-08-27 13:44:48
300298,100309,App,Android,Vivo,,2021-05-15 05:45:03
300299,100274,App,Android,OnePlus,,2021-12-06 07:46:08
300300,100386,App,iOS,iPhone,,2021-10-05 17:05:19
300301,100116,App,Android,Samsung Galaxy,,2021-09-19 12:22:19
300302,100311,App,Android,Vivo,,2021-12-17 01:48:45
300303,100102,App,Android,Vivo,,2021-12-06 08:13:29
300304,100296,App,Android,Samsung Galaxy,,2021-08-04 05:53:02
300305,100086,Web,,,Opera,2021-10-06 13:06:54
300306,100406,App,Android,Oppo,,2021-12-27 04:46:31
300307,100386,App,Android,Vivo,,2020-11-05 22:05:09
300308,100226,App,Android,Oppo,,2021-12-29 21:11:43
300309,100217,Web,,,Firefox,2021-08-04 17:04:44
300310,100232,App,Android,Oppo,,2021-09-22 09:26:03
300311,100492,App,Android,Samsung Galaxy,,2021-12-15 05:12:35
300312,100271,App,Android,Realme,,2021-06-27 22:24:53
300313,100343,App,Android,Realme,,2021-12-01 19:04:11
300314,100491,App,iOS,iPhone,,2021-11-29 06:38:15
300315,100064,Web,,,Firefox,2021-12-11 15:00:05
300316,100505,App,Android,Oppo,,2021-03-09 09:37:51
300317,100483,App,iOS,iPhone,,2021-09-24 19:06:57
300318,100359,Web,,,Firefox,2021-05-13 18:07:19
300319,100188,App,iOS,iPhone,,2021-08-24 04:07:33
300320,100536,App,Android,Realme,,2021-12-31 02:52:07
300321,100099,App,iOS,iPhone,,2021-10-15 08:58:52
300322,100253,App,iOS,iPhone,,2021-12-01 00:24:46
300323,100545,App,iOS,iPhone,,2021-05-02 14:12:29
300324,100197,App,Android,OnePlus,,2020-12-11 19:38:53
300325,100424,App,Android,Realme,,2021-04-29 20:16:40
300326,100163,App,iOS,iPhone,,2021-03-21 16:45:06
300327,100069,App,Android,Oppo,,2021-10-09 20:35:18
300328,100080,App,Android,Samsung Galaxy,,2021-10-10 17:36:18
300329,100157,App,Android,OnePlus,,2021-04-29 18:25:29
300330,100090,Web,,,Firefox,2021-09-01 00:22:16
300331,100553,App,iOS,iPhone,,2021-09-02 03:00:11
300332,100320,App,Android,Oppo,,2021-10-25 05:23:57
300333,100510,Web,,,Safari,2021-10-19 05:45:41
300334,100394,App,iOS,iPhone,,2020-12-14 20:07:54
300335,100416,App,iOS,iPhone,,2021-12-21 16:40:04
300336,100545,App,iOS,iPhone,,2021-11-22 16:18:12
300337,100234,App,Android,Realme,,2021-10-23 20:17:54
300338,100072,App,Android,Realme,,2021-12-09 12:01:17
300339,100230,App,Android,OnePlus,,2021-09-19 14:15:07
300340,100149,App,iOS,iPhone,,2021-09-11 06:09:34
300341,100210,App,iOS,iPhone,,2021-08-06 09:36:41
300342,100442,App,iOS,iPhone,,2021-08-25 04:26:30
300343,100111,Web,,,Chrome,2021-11-14 15:52:46
300344,100211,App,Android,OnePlus,,2021-08-29 17:34:13
300345,100076,App,Android,Oppo,,2021-12-28 04:40:47
300346,100272,App,Android,Oppo,,2021-04-09 18:08:55
300347,100081,App,Android,Samsung Galaxy,,2021-09-03 20:19:19
300348,100224,App,Android,Samsung Galaxy,,2021-09-30 08:00:30
300349,100194,App,iOS,iPhone,,2021-06-04 02:35:51
300350,100226,App,iOS,iPhone,,2021-12-31 07:38:45
300351,100441,App,Android,Vivo,,2021-03-17 16:21:20
300352,100352,App,Android,OnePlus,,2021-12-26 16:05:05
300353,100072,App,Android,Samsung Galaxy,,2021-11-22 03:49:02
300354,100503,App,Android,Oppo,,2021-08-01 18:11:09
300355,100280,App,Android,OnePlus,,2021-12-18 02:45:30
300356,100168,App,iOS,iPhone,,2021-11-21 11:59:09
300357,100497,App,Android,Realme,,2021-11-15 11:09:52
300358,100328,Web,,,Firefox,2021-11-19 17:33:48
300359,100128,App,Android,OnePlus,,2021-12-07 17:59:49
300360,100499,Web,,,Firefox,2021-09-23 09:35:15
300361,100205,App,Android,Samsung Galaxy,,2021-01-22 13:56:06
300362,100079,App,Android,Xiaomi,,2021-06-09 07:46:09
300363,100181,App,Android,Vivo,,2021-12-04 19:11:10
300364,100129,App,Android,OnePlus,,2021-12-14 04:51:24
300365,100403,Web,,,Firefox,2021-11-23 17:23:59
300366,100087,App,Android,Xiaomi,,2021-06-18 08:37:54
300367,100256,App,Android,OnePlus,,2021-10-22 08:16:54
300368,100398,App,Android,Samsung Galaxy,,2021-04-18 03:58:02
300369,100111,App,iOS,iPhone,,2021-11-07 19:02:05
300370,100554,App,Android,Realme,,2021-04-28 10:18:03
300371,100441,App,Android,Vivo,,2021-02-16 12:39:36
300372,100450,App,iOS,iPhone,,2021-07-30 13:11:22
300373,100086,App,Android,Samsung Galaxy,,2021-10-18 19:12:21
300374,100121,App,Android,OnePlus,,2021-10-27 17:24:53
300375,100194,App,Android,Vivo,,2021-10-28 12:39:20
300376,100220,App,Android,OnePlus,,2021-10-14 03:24:21
300377,100177,App,Android,Vivo,,2021-06-12 10:09:46
300378,100114,App,Android,OnePlus,,2021-08-12 10:50:37
300379,100179,Web,,,Firefox,2021-12-22 10:30:26
300380,100249,App,iOS,iPhone,,2021-05-10 18:33:34
300381,100155,App,Android,Vivo,,2021-12-02 13:15:17
300382,100256,App,Android,Samsung Galaxy,,2021-03-15 01:05:56
300383,100470,App,Android,OnePlus,,2021-11-02 01:52:31
300384,100144,App,Android,OnePlus,,2021-02-04 23:51:45
300385,100438,App,iOS,iPhone,,2021-09-09 06:52:21
300386,100369,App,Android,Xiaomi,,2020-12-13 17:11:15
300387,100234,App,Android,Oppo,,2021-05-23 20:31:23
300388,100410,App,iOS,iPhone,,2021-09-28 05:18:16
300389,100208,Web,,,Safari,2021-10-14 15:14:21
300390,100127,App,Android,OnePlus,,2021-01-10 15:19:52
300391,100218,App,Android,OnePlus,,2021-11-30 05:25:58
300392,100319,App,iOS,iPhone,,2020-11-11 04:33:16
300393,100267,App,iOS,iPhone,,2021-11-05 06:18:18
300394,100215,App,Android,Xiaomi,,2021-03-01 22:01:30
300395,100375,App,iOS,iPhone,,2021-11-10 09:03:19
300396,100289,App,Android,Oppo,,2021-07-03 23:41:43
300397,100469,App,Android,Samsung Galaxy,,2021-12-25 23:22:40
300398,100151,App,iOS,iPhone,,2020-09-26 02:18:19
300399,100198,App,Android,Vivo,,2021-12-03 00:15:40
300400,100325,App,Android,Oppo,,2021-08-24 05:47:03
300401,100282,App,Android,OnePlus,,2021-02-20 05:27:08
300402,100200,App,Android,OnePlus,,2021-09-10 23:47:46
300403,100444,Web,,,Chrome,2021-12-24 09:09:25
300404,100436,App,Android,Vivo,,2021-12-14 08:10:19
300405,100549,App,Android,Xiaomi,,2021-04-17 04:56:09
300406,100189,App,Android,Oppo,,2021-12-30 09:49:16
300407,100447,App,Android,Oppo,,2021-12-25 00:05:38
300408,100388,App,Android,Realme,,2021-08-09 05:24:53
300409,100305,App,Android,Realme,,2021-07-24 00:54:35
300410,100526,App,Android,OnePlus,,2021-09-02 14:50:00
300411,100204,Web,,,Opera,2021-12-06 22:11:09
300412,100344,App,iOS,iPhone,,2021-12-08 15:51:11
300413,100389,App,Android,Realme,,2021-12-30 21:59:17
300414,100247,App,Android,OnePlus,,2021-08-24 10:34:01
300415,100381,App,iOS,iPhone,,2021-09-18 15:35:33
300416,100304,App,Android,OnePlus,,2021-06-07 05:29:48
300417,100245,App,iOS,iPhone,,2021-12-31 13:26:37
300418,100270,App,Android,Samsung Galaxy,,2021-12-26 14:17:43
300419,100234,Web,,,Firefox,2021-07-02 23:24:11
300420,100259,App,Android,Oppo,,2021-06-15 15:17:32
300421,100252,App,iOS,iPhone,,2021-07-14 11:25:17
300422,100479,App,Android,Xiaomi,,2021-06-04 03:13:15
300423,100351,App,iOS,iPhone,,2021-10-21 12:08:34
300424,100496,App,Android,Samsung Galaxy,,2021-11-17 18:01:39
300425,100199,App,Android,Oppo,,2021-12-29 23:53:52
300426,100454,App,iOS,iPhone,,2021-09-23 08:49:24
300427,100522,App,Android,Oppo,,2021-11-07 07:35:49
300428,100554,App,iOS,iPhone,,2021-09-17 08:47:36
300429,100143,App,Android,Xiaomi,,2020-12-02 23:45:47
300430,100466,App,iOS,iPhone,,2021-05-27 08:47:13
300431,100189,App,iOS,iPhone,,2021-12-30 21:32:57
300432,100509,App,iOS,iPhone,,2021-02-03 20:53:24
300433,100390,App,iOS,iPhone,,2021-06-27 10:32:04
300434,100324,App,iOS,iPhone,,2021-06-14 20:18:47
300435,100094,App,Android,Vivo,,2021-04-30 03:12:53
300436,100532,App,iOS,iPhone,,2021-12-22 02:20:25
300437,100276,Web,,,Edge,2021-07-18 22:02:29
300438,100216,App,Android,Samsung Galaxy,,2021-12-25 14:55:30
300439,100199,App,iOS,iPhone,,2021-11-12 02:07:35
300440,100305,App,Android,Xiaomi,,2021-10-21 20:17:24
300441,100175,App,iOS,iPhone,,2021-12-28 10:08:53
300442,100190,App,Android,Oppo,,2021-11-14 13:51:19
300443,100497,App,Android,Vivo,,2021-07-22 08:34:43
300444,100420,App,Android,Xiaomi,,2021-12-26 01:59:41
300445,100144,App,iOS,iPhone,,2021-10-16 08:36:05
300446,100210,App,iOS,iPhone,,2021-07-13 18:48:51
300447,100512,App,Android,Oppo,,2021-10-02 14:04:16
300448,100461,App,Android,Xiaomi,,2021-12-11 09:00:26
300449,100535,App,iOS,iPhone,,2021-11-11 08:44:09
300450,100454,App,Android,Oppo,,2021-01-28 16:39:36
300451,100285,App,Android,Realme,,2021-04-28 00:43:19
300452,100225,App,iOS,iPhone,,2021-08-19 10:41:55
300453,100404,App,Android,OnePlus,,2020-11-20 06:23:28
300454,100236,App,iOS,iPhone,,2021-12-27 23:05:55
300455,100169,App,Android,Vivo,,2021-12-23 08:01:35
300456,100360,App,Android,Realme,,2021-11-19 06:36:19
300457,100415,App,Android,Realme,,2021-09-12 14:32:40
300458,100537,Web,,,Edge,2021-10-02 19:22:30
300459,100128,App,Android,Realme,,2021-12-24 04:31:25
300460,100513,App,Android,Vivo,,2021-07-31 10:54:55
300461,100345,App,iOS,iPhone,,2021-12-31 20:35:16
300462,100517,App,Android,Xiaomi,,2021-12-14 20:43:23
300463,100445,App,iOS,iPhone,,2021-10-15 16:13:33
300464,100190,App,Android,OnePlus,,2021-11-26 04:10:26
300465,100211,App,Android,OnePlus,,2021-11-26 17:17:07
300466,100512,App,Android,Realme,,2021-08-30 13:35:56
300467,100449,App,iOS,iPhone,,2021-08-10 08:43:06
300468,100261,App,Android,Oppo,,2021-09-26 21:44:01
300469,100535,App,Android,Vivo,,2021-10-20 14:39:36
300470,100140,App,Android,Xiaomi,,2021-12-26 11:30:29
300471,100115,App,Android,Xiaomi,,2021-10-27 14:36:44
300472,100306,App,Android,Samsung Galaxy,,2021-12-09 10:26:22
300473,100143,App,Android,Realme,,2021-05-03 11:47:51
300474,100297,App,Android,Realme,,2021-01-16 21:53:41
300475,100420,App,Android,Oppo,,2021-06-25 15:02:53
300476,100549,App,iOS,iPhone,,2021-06-13 21:15:21
300477,100163,App,iOS,iPhone,,2021-02-02 03:14:08
300478,100444,App,Android,Realme,,2021-12-12 23:30:54
300479,100343,App,Android,OnePlus,,2021-11-27 22:54:08
300480,100228,App,Android,Xiaomi,,2021-05-18 21:03:11
300481,100171,App,Android,Realme,,2021-12-27 01:24:33
300482,100209,App,iOS,iPhone,,2021-07-26 18:39:16
300483,100273,Web,,,Opera,2021-08-30 08:22:55
300484,100231,App,Android,Vivo,,2021-11-05 07:59:01
300485,100446,App,iOS,iPhone,,2021-10-19 02:52:15
300486,100282,App,Android,OnePlus,,2021-11-17 15:38:23
300487,100405,App,Android,Vivo,,2021-08-21 04:27:05
300488,100076,App,Android,Oppo,,2021-10-14 12:18:19
300489,100464,App,Android,Samsung Galaxy,,2021-05-03 08:51:11
300490,100264,App,Android,Realme,,2021-07-04 07:02:30
300491,100338,App,iOS,iPhone,,2021-11-14 16:18:42
300492,100138,App,Android,Xiaomi,,2021-12-27 04:28:47
300493,100352,App,iOS,iPhone,,2021-12-06 22:26:21
300494,100303,App,Android,Vivo,,2021-06-14 02:32:19
300495,100390,App,iOS,iPhone,,2021-11-23 18:04:31
300496,100184,App,iOS,iPhone,,2021-11-29 20:13:02
300497,100378,App,Android,Vivo,,2021-07-20 17:28:30
300498,100448,App,Android,Vivo,,2021-04-19 16:03:42
300499,100466,App,Android,Realme,,2021-07-22 14:00:46
300500,100102,App,iOS,iPhone,,2021-09-24 16:56:53
300501,100275,App,Android,Samsung Galaxy,,2021-06-28 00:18:04
300502,100244,App,Android,OnePlus,,2021-09-28 13:15:30
300503,100407,App,Android,Vivo,,2021-10-04 21:26:00
300504,100105,Web,,,Chrome,2021-11-22 13:47:47
300505,100264,App,Android,Vivo,,2021-08-01 20:43:24
300506,100398,App,Android,OnePlus,,2021-06-01 07:33:55
300507,100418,App,iOS,iPhone,,2021-12-24 08:09:01
300508,100299,App,Android,Samsung Galaxy,,2021-10-30 01:47:00
300509,100077,App,Android,OnePlus,,2021-09-24 00:50:53
300510,100074,App,Android,Oppo,,2021-12-29 22:36:08
300511,100475,App,Android,OnePlus,,2021-10-14 18:06:50
300512,100305,App,iOS,iPhone,,2021-02-02 10:52:42
300513,100129,App,Android,Oppo,,2021-12-18 07:31:32
300514,100093,App,Android,Oppo,,2021-10-31 04:53:53
300515,100416,App,Android,OnePlus,,2021-05-08 12:14:13
300516,100459,App,iOS,iPhone,,2021-09-26 00:29:54
300517,100488,App,iOS,iPhone,,2021-12-07 08:17:38
300518,100458,App,Android,Samsung Galaxy,,2021-11-21 05:55:36
300519,100545,App,iOS,iPhone,,2021-11-18 04:21:32
300520,100111,Web,,,Safari,2021-12-18 10:33:44
300521,100337,App,Android,Vivo,,2021-04-23 04:25:11
300522,100279,App,Android,Oppo,,2021-07-18 11:44:36
300523,100553,App,iOS,iPhone,,2021-11-25 21:09:21
300524,100346,App,Android,Realme,,2021-09-28 00:21:35
300525,100072,App,Android,Vivo,,2021-08-24 02:17:24
300526,100521,App,Android,OnePlus,,2021-12-05 03:10:42
300527,100260,App,Android,Realme,,2020-12-06 00:46:22
300528,100203,App,Android,Vivo,,2021-09-13 14:51:02
300529,100169,App,iOS,iPhone,,2021-11-25 06:06:41
300530,100123,App,iOS,iPhone,,2021-09-06 06:02:31
300531,100130,App,Android,Samsung Galaxy,,2021-12-20 08:41:52
300532,100209,App,Android,Oppo,,2021-08-03 05:46:45
300533,100464,App,iOS,iPhone,,2021-08-17 19:24:53
300534,100163,App,Android,Vivo,,2021-03-13 01:14:57
300535,100456,App,Android,Xiaomi,,2021-09-16 18:35:23
300536,100463,App,Android,Oppo,,2021-12-03 08:25:46
300537,100266,App,Android,OnePlus,,2021-02-03 11:22:21
300538,100228,App,Android,Realme,,2021-12-25 11:07:07
300539,100205,App,iOS,iPhone,,2021-03-28 22:14:22
300540,100492,App,Android,OnePlus,,2021-09-28 20:04:41
300541,100446,App,Android,Vivo,,2021-10-09 02:43:42
300542,100488,App,Android,Realme,,2021-11-20 17:03:30
300543,100147,App,iOS,iPhone,,2021-05-18 14:21:24
300544,100261,App,iOS,iPhone,,2021-12-11 15:20:17
300545,100494,App,Android,Realme,,2021-04-05 12:03:00
300546,100214,Web,,,Safari,2021-11-12 23:49:43
300547,100447,App,Android,Oppo,,2021-10-15 23:22:49
300548,100168,App,Android,OnePlus,,2021-02-27 00:13:32
300549,100369,Web,,,Chrome,2021-10-16 04:53:32
300550,100298,App,Android,OnePlus,,2021-05-08 04:20:26
300551,100446,App,Android,Vivo,,2021-05-04 14:55:52
300552,100503,App,Android,Vivo,,2021-11-03 13:11:53
300553,100385,App,iOS,iPhone,,2021-12-26 00:50:32
300554,100523,App,Android,Xiaomi,,2021-09-04 00:13:39
300555,100068,App,iOS,iPhone,,2021-07-21 13:21:07
300556,100173,App,Android,Oppo,,2021-10-31 05:03:32
300557,100483,App,Android,Vivo,,2021-07-29 09:55:04
300558,100197,Web,,,Opera,2021-12-15 23:45:54
300559,100496,App,Android,Realme,,2021-10-30 05:55:09
300560,100103,App,iOS,iPhone,,2021-11-28 01:52:34
300561,100404,App,iOS,iPhone,,2021-08-05 23:22:34
300562,100119,Web,,,Firefox,2021-08-18 09:37:10
300563,100391,App,iOS,iPhone,,2021-12-21 21:05:59
300564,100274,App,Android,Realme,,2021-08-27 14:49:49
300565,100529,App,iOS,iPhone,,2021-12-28 08:51:11
300566,100259,App,Android,Realme,,2021-09-21 16:33:43
300567,100212,App,Android,Vivo,,2021-04-13 08:19:38
300568,100298,App,iOS,iPhone,,2021-05-31 04:20:36
300569,100108,App,Android,Vivo,,2021-12-17 13:10:20
300570,100272,Web,,,Edge,2021-04-08 05:06:44
300571,100407,App,iOS,iPhone,,2021-06-17 22:26:09
300572,100076,App,Android,Oppo,,2021-12-08 10:16:16
300573,100412,App,iOS,iPhone,,2021-07-12 06:10:55
300574,100518,App,Android,Vivo,,2021-12-26 07:26:14
300575,100177,App,Android,OnePlus,,2021-08-12 06:50:53
300576,100231,App,iOS,iPhone,,2021-11-29 01:50:18
300577,100175,App,Android,Vivo,,2021-12-28 07:54:26
300578,100119,App,Android,Samsung Galaxy,,2021-12-15 16:56:38
300579,100116,App,iOS,iPhone,,2021-11-13 01:45:02
300580,100552,App,iOS,iPhone,,2021-05-28 16:17:40
300581,100262,App,Android,Samsung Galaxy,,2021-03-21 02:09:57
300582,100149,App,Android,Xiaomi,,2021-10-19 03:52:43
300583,100465,App,Android,Vivo,,2021-12-01 00:39:50
300584,100077,App,Android,Samsung Galaxy,,2021-06-17 11:39:27
300585,100268,App,iOS,iPhone,,2021-12-21 16:37:05
300586,100460,App,Android,Realme,,2021-11-19 10:40:43
300587,100189,App,Android,Vivo,,2021-12-30 19:53:07
300588,100371,App,Android,Xiaomi,,2021-07-05 22:42:08
300589,100437,App,Android,Vivo,,2021-12-28 19:35:50
300590,100080,App,Android,Samsung Galaxy,,2021-10-05 09:52:39
300591,100162,App,Android,OnePlus,,2021-07-16 09:56:31
300592,100181,Web,,,Safari,2021-12-18 03:00:31
300593,100560,App,Android,Xiaomi,,2021-10-19 05:33:49
300594,100173,App,Android,Oppo,,2021-12-29 15:27:47
300595,100532,App,Android,Realme,,2021-10-25 03:44:02
300596,100277,App,iOS,iPhone,,2021-08-13 11:41:53
300597,100489,App,iOS,iPhone,,2021-12-23 01:05:38
300598,100309,App,Android,Realme,,2021-09-09 17:02:04
300599,100472,App,Android,OnePlus,,2021-04-27 16:42:47
300600,100552,App,Android,Realme,,2021-07-30 20:37:17
300601,100203,App,Android,Vivo,,2021-10-05 06:56:04
300602,100469,App,iOS,iPhone,,2021-10-17 02:51:52
300603,100114,App,iOS,iPhone,,2021-11-11 21:56:39
300604,100207,App,Android,Samsung Galaxy,,2021-02-18 13:15:29
300605,100485,App,iOS,iPhone,,2021-11-06 09:25:16
300606,100351,App,Android,Vivo,,2021-11-13 16:43:54
300607,100471,App,Android,Realme,,2021-09-22 17:09:47
300608,100198,App,iOS,iPhone,,2021-03-09 10:55:50
300609,100108,App,Android,Realme,,2021-10-06 01:45:04
300610,100094,Web,,,Chrome,2021-08-23 13:16:56
300611,100505,App,Android,Oppo,,2021-10-13 02:08:21
300612,100315,App,iOS,iPhone,,2021-09-02 15:51:44
300613,100370,Web,,,Firefox,2021-12-07 08:02:17
300614,100082,App,iOS,iPhone,,2021-08-28 15:03:08
300615,100100,App,iOS,iPhone,,2021-12-19 19:16:19
300616,100191,App,iOS,iPhone,,2021-10-15 22:26:40
300617,100528,App,iOS,iPhone,,2021-07-02 14:44:02
300618,100341,App,Android,Samsung Galaxy,,2021-05-22 20:32:00
300619,100116,App,Android,Oppo,,2021-11-26 20:40:21
300620,100068,App,Android,Xiaomi,,2021-08-24 01:22:00
300621,100359,App,Android,Realme,,2021-08-08 16:51:09
300622,100426,App,Android,Vivo,,2021-05-09 09:12:21
300623,100402,App,Android,Realme,,2021-06-07 18:17:47
300624,100105,App,Android,Samsung Galaxy,,2020-10-12 22:44:38
300625,100087,App,Android,Xiaomi,,2021-12-09 22:34:21
300626,100398,App,Android,OnePlus,,2021-10-21 17:37:01
300627,100520,Web,,,Chrome,2021-08-16 03:29:54
300628,100140,App,Android,Vivo,,2021-10-29 20:27:17
300629,100350,App,iOS,iPhone,,2021-11-05 22:17:05
300630,100488,App,Android,Oppo,,2021-12-24 23:09:40
300631,100499,App,iOS,iPhone,,2021-09-09 22:55:10
300632,100276,App,Android,Samsung Galaxy,,2021-11-07 11:52:20
300633,100269,Web,,,Opera,2021-05-23 02:36:09
300634,100079,App,Android,Realme,,2021-12-04 23:24:23
300635,100556,App,iOS,iPhone,,2021-11-23 04:51:59
300636,100100,App,Android,Vivo,,2021-12-22 10:25:37
300637,100371,App,iOS,iPhone,,2021-01-03 04:24:53
300638,100083,App,iOS,iPhone,,2021-08-09 15:44:17
300639,100189,App,Android,Xiaomi,,2021-12-30 23:43:50
300640,100136,App,Android,Samsung Galaxy,,2021-08-18 06:27:01
300641,100551,App,Android,OnePlus,,2021-12-18 11:50:16
300642,100195,App,Android,Vivo,,2021-09-16 18:44:26
300643,100521,App,Android,Realme,,2021-09-29 02:54:59
300644,100541,App,Android,Xiaomi,,2021-01-12 14:40:33
300645,100217,App,iOS,iPhone,,2020-12-17 14:53:58
300646,100346,App,Android,Xiaomi,,2021-11-03 21:44:57
300647,100517,App,Android,OnePlus,,2021-12-31 07:37:34
300648,100093,App,Android,OnePlus,,2021-07-31 20:16:01
300649,100226,Web,,,Firefox,2021-12-25 18:52:03
300650,100101,App,iOS,iPhone,,2021-12-03 09:59:19
300651,100280,App,Android,Samsung Galaxy,,2021-10-25 15:07:37
300652,100419,App,Android,Oppo,,2021-11-15 08:03:36
300653,100352,App,Android,Realme,,2021-12-05 20:42:13
300654,100112,App,Android,Oppo,,2021-03-02 01:05:57
300655,100491,App,iOS,iPhone,,2021-06-30 22:52:45
300656,100543,App,Android,Vivo,,2021-07-29 15:21:53
300657,100114,App,Android,OnePlus,,2021-06-02 00:23:21
300658,100534,App,Android,Vivo,,2021-10-31 12:37:06
300659,100258,App,Android,Samsung Galaxy,,2021-02-12 14:49:11
300660,100103,App,Android,Xiaomi,,2021-12-22 15:14:51
300661,100466,App,Android,Oppo,,2021-09-03 06:45:54
300662,100113,App,iOS,iPhone,,2021-10-11 23:39:30
300663,100500,App,Android,Realme,,2021-06-19 11:34:52
300664,100515,App,iOS,iPhone,,2021-08-19 05:16:58
300665,100107,App,Android,Oppo,,2021-08-03 10:27:14
300666,100122,App,Android,OnePlus,,2021-11-29 10:06:39
300667,100511,App,Android,OnePlus,,2021-09-06 07:20:51
300668,100463,App,Android,Realme,,2021-10-20 04:03:45
300669,100113,App,iOS,iPhone,,2021-06-22 01:37:22
300670,100361,App,Android,Realme,,2021-12-07 03:27:29
300671,100221,App,Android,Samsung Galaxy,,2021-08-12 17:11:13
300672,100132,App,iOS,iPhone,,2021-12-25 12:57:32
300673,100218,App,Android,Oppo,,2021-12-17 16:47:16
300674,100405,App,iOS,iPhone,,2021-08-08 13:35:38
300675,100507,Web,,,Chrome,2021-10-28 11:25:06
300676,100145,App,Android,Vivo,,2021-08-14 21:08:38
300677,100347,App,Android,Realme,,2021-12-12 14:19:24
300678,100108,App,Android,Xiaomi,,2021-11-24 09:26:21
300679,100110,App,Android,Samsung Galaxy,,2021-11-11 04:35:20
300680,100130,App,Android,Vivo,,2021-05-22 10:03:46
300681,100298,App,Android,Realme,,2021-08-29 06:56:09
300682,100216,App,Android,Xiaomi,,2021-10-31 22:36:25
300683,100132,App,Android,Oppo,,2021-09-01 05:17:56
300684,100541,App,Android,Realme,,2021-11-08 21:50:03
300685,100101,Web,,,Opera,2021-03-02 01:59:49
300686,100172,App,Android,Oppo,,2021-05-16 19:06:42
300687,100306,App,Android,Vivo,,2021-10-04 23:00:48
300688,100251,App,Android,Oppo,,2021-12-17 08:51:45
300689,100257,Web,,,Safari,2021-10-24 06:17:40
300690,100503,App,iOS,iPhone,,2021-08-18 02:21:26
300691,100282,App,Android,OnePlus,,2021-04-24 04:17:23
300692,100372,Web,,,Chrome,2021-11-27 09:55:03
300693,100185,App,Android,Vivo,,2021-04-16 21:34:51
300694,100466,App,Android,Samsung Galaxy,,2021-09-24 16:48:00
300695,100082,App,Android,Realme,,2021-08-04 06:52:48
300696,100318,App,Android,Xiaomi,,2021-12-21 10:26:48
300697,100377,App,Android,Samsung Galaxy,,2021-10-19 11:25:52
300698,100399,App,Android,Oppo,,2021-11-21 02:11:18
300699,100125,App,Android,Vivo,,2021-09-11 12:22:05
300700,100209,App,Android,OnePlus,,2021-09-18 13:59:19
300701,100190,App,Android,Realme,,2021-12-11 19:33:19
300702,100140,App,Android,Samsung Galaxy,,2021-12-27 10:37:10
300703,100241,App,Android,Xiaomi,,2021-09-04 23:59:24
300704,100512,App,iOS,iPhone,,2021-12-23 05:40:13
300705,100087,App,iOS,iPhone,,2021-12-14 02:26:56
300706,100101,App,Android,Realme,,2021-02-15 08:17:15
300707,100184,App,Android,Samsung Galaxy,,2021-12-01 14:16:48
300708,100534,App,iOS,iPhone,,2021-11-13 20:25:13
300709,100234,App,Android,OnePlus,,2021-08-31 15:01:52
300710,100232,App,Android,Samsung Galaxy,,2021-12-23 06:21:19
300711,100273,App,iOS,iPhone,,2021-06-04 07:01:35
300712,100368,App,Android,Realme,,2021-06-11 10:05:34
300713,100284,App,Android,Realme,,2021-07-27 06:29:19
300714,100157,App,Android,Oppo,,2021-10-07 20:08:05
300715,100097,App,Android,Oppo,,2021-11-16 18:35:32
300716,100343,App,Android,Xiaomi,,2021-11-28 02:18:00
300717,100479,App,Android,Xiaomi,,2020-11-30 14:45:27
300718,100235,App,iOS,iPhone,,2021-03-28 10:38:01
300719,100148,App,Android,Xiaomi,,2021-11-16 21:06:27
300720,100152,App,Android,Realme,,2021-12-15 17:09:17
300721,100317,App,Android,Realme,,2020-11-11 00:29:50
300722,100222,Web,,,Chrome,2021-06-19 06:32:15
300723,100064,App,Android,OnePlus,,2021-12-02 22:34:59
300724,100387,App,Android,Xiaomi,,2021-12-16 15:54:13
300725,100207,App,Android,Oppo,,2021-07-27 16:51:47
300726,100431,App,Android,Samsung Galaxy,,2021-08-04 14:58:15
300727,100541,App,iOS,iPhone,,2021-02-03 16:25:33
300728,100425,App,iOS,iPhone,,2021-07-06 13:02:00
300729,100301,App,iOS,iPhone,,2021-11-10 16:07:46
300730,100361,App,iOS,iPhone,,2021-12-02 19:56:29
300731,100340,Web,,,Opera,2021-11-25 00:51:01
300732,100423,App,iOS,iPhone,,2021-12-20 05:14:31
300733,100377,App,Android,Xiaomi,,2021-07-20 06:46:41
300734,100329,App,Android,Vivo,,2021-10-03 22:12:14
300735,100531,App,Android,Xiaomi,,2021-08-05 11:29:34
300736,100281,App,iOS,iPhone,,2021-01-03 17:07:17
300737,100262,App,Android,Vivo,,2021-02-22 01:51:32
300738,100207,App,Android,Vivo,,2021-04-02 20:41:57
300739,100354,App,Android,Vivo,,2021-11-16 23:02:31
300740,100176,App,Android,Samsung Galaxy,,2021-10-14 22:01:01
300741,100078,Web,,,Safari,2021-10-29 04:56:40
300742,100117,App,Android,Vivo,,2021-12-08 22:54:09
300743,100384,App,Android,Realme,,2021-08-28 09:19:17
300744,100437,App,Android,Xiaomi,,2021-06-30 21:00:41
300745,100284,App,Android,Oppo,,2021-09-27 22:36:59
300746,100241,Web,,,Edge,2021-05-22 10:59:16
300747,100169,App,Android,Xiaomi,,2021-10-22 14:18:37
300748,100249,App,Android,Vivo,,2020-10-06 16:25:33
300749,100214,App,Android,OnePlus,,2021-10-09 17:41:46
300750,100499,App,Android,OnePlus,,2021-04-26 05:59:35
300751,100292,App,Android,Realme,,2021-07-21 02:55:16
300752,100433,Web,,,Chrome,2021-09-17 19:19:14
300753,100296,Web,,,Firefox,2021-11-02 10:19:53
300754,100262,App,Android,Oppo,,2021-08-07 17:40:16
300755,100131,App,Android,Realme,,2021-12-15 14:02:38
300756,100248,App,Android,Oppo,,2021-12-29 21:41:56
300757,100250,App,Android,Samsung Galaxy,,2021-01-26 13:11:13
300758,100195,App,iOS,iPhone,,2021-11-19 16:52:14
300759,100258,App,Android,Samsung Galaxy,,2021-06-17 07:35:36
300760,100306,Web,,,Chrome,2021-05-06 22:45:23
300761,100402,App,iOS,iPhone,,2021-05-10 16:48:49
300762,100084,App,Android,Samsung Galaxy,,2021-10-03 14:28:22
300763,100213,App,Android,Realme,,2021-12-31 18:18:51
300764,100534,App,Android,Xiaomi,,2021-11-03 04:38:30
300765,100119,App,Android,OnePlus,,2021-10-28 17:31:02
300766,100065,App,iOS,iPhone,,2021-10-20 11:51:03
300767,100482,Web,,,Edge,2021-01-22 17:00:13
300768,100323,App,iOS,iPhone,,2021-10-25 03:06:33
300769,100394,App,Android,Oppo,,2021-11-11 10:35:44
300770,100503,Web,,,Firefox,2021-07-03 16:15:08
300771,100196,App,Android,Samsung Galaxy,,2021-07-03 17:46:28
300772,100466,App,Android,Realme,,2021-11-08 07:39:28
300773,100325,App,iOS,iPhone,,2021-08-05 20:08:56
300774,100290,App,iOS,iPhone,,2021-09-20 03:32:16
300775,100461,App,Android,Samsung Galaxy,,2021-10-22 08:53:08
300776,100511,App,iOS,iPhone,,2021-10-03 18:44:17
300777,100065,App,Android,Samsung Galaxy,,2021-06-03 12:28:35
300778,100558,App,iOS,iPhone,,2021-07-15 21:59:22
300779,100389,App,Android,Oppo,,2021-12-30 22:36:34
300780,100272,App,Android,Vivo,,2021-09-26 10:45:33
300781,100369,App,Android,Samsung Galaxy,,2021-09-21 00:21:04
300782,100407,App,iOS,iPhone,,2021-08-27 12:07:13
300783,100202,App,iOS,iPhone,,2021-05-22 16:21:07
300784,100560,App,iOS,iPhone,,2021-11-29 11:09:06
300785,100474,App,Android,Samsung Galaxy,,2021-08-17 02:18:54
300786,100311,App,iOS,iPhone,,2021-12-28 13:38:59
300787,100132,App,Android,Vivo,,2021-09-15 00:22:23
300788,100135,App,iOS,iPhone,,2021-09-05 04:30:00
300789,100066,App,iOS,iPhone,,2021-07-31 14:53:01
300790,100304,App,Android,Oppo,,2021-06-18 10:59:23
300791,100149,App,Android,OnePlus,,2021-07-23 01:21:21
300792,100319,App,Android,Realme,,2021-05-22 18:30:58
300793,100119,App,Android,Samsung Galaxy,,2021-08-25 16:13:39
300794,100242,App,Android,Realme,,2021-09-05 02:32:38
300795,100145,App,iOS,iPhone,,2021-09-14 06:06:24
300796,100134,App,iOS,iPhone,,2021-02-07 08:53:23
300797,100180,App,Android,OnePlus,,2021-11-27 10:06:04
300798,100345,App,Android,OnePlus,,2021-08-01 17:17:21
300799,100155,App,iOS,iPhone,,2021-12-01 05:46:20
300800,100152,App,Android,Vivo,,2021-07-16 18:24:23
300801,100142,App,Android,Xiaomi,,2021-11-06 07:21:10
300802,100069,App,Android,Vivo,,2021-12-07 08:56:36
300803,100205,App,iOS,iPhone,,2021-06-02 07:07:35
300804,100304,App,iOS,iPhone,,2020-08-29 08:22:02
300805,100230,App,Android,OnePlus,,2021-11-02 18:31:26
300806,100332,App,Android,OnePlus,,2021-12-10 21:37:36
300807,100246,Web,,,Opera,2021-12-24 07:05:11
300808,100365,App,Android,Vivo,,2021-12-28 03:43:02
300809,100215,App,Android,Samsung Galaxy,,2021-04-28 18:54:07
300810,100063,App,Android,Xiaomi,,2021-12-20 04:56:53
300811,100110,App,Android,Samsung Galaxy,,2021-10-28 02:23:49
300812,100434,App,Android,Vivo,,2021-04-12 18:52:07
300813,100200,App,Android,Oppo,,2021-10-01 18:50:13
300814,100372,App,iOS,iPhone,,2021-10-16 01:13:54
300815,100473,App,Android,Samsung Galaxy,,2021-12-07 19:30:46
300816,100179,App,Android,Xiaomi,,2021-12-28 14:25:36
300817,100518,App,Android,Samsung Galaxy,,2021-12-14 14:50:47
300818,100423,App,Android,Samsung Galaxy,,2021-12-29 12:19:56
300819,100542,App,Android,OnePlus,,2021-12-05 14:00:44
300820,100240,App,iOS,iPhone,,2021-04-29 17:33:56
300821,100404,App,Android,Samsung Galaxy,,2021-05-21 18:51:42
300822,100485,App,Android,Xiaomi,,2021-11-24 10:37:56
300823,100162,App,iOS,iPhone,,2021-07-22 12:26:06
300824,100226,App,iOS,iPhone,,2021-12-25 15:54:50
300825,100558,App,Android,Oppo,,2021-11-04 10:22:22
300826,100537,App,Android,OnePlus,,2020-11-29 02:34:14
300827,100147,App,Android,Realme,,2021-10-17 02:03:14
300828,100334,App,iOS,iPhone,,2021-11-20 05:30:54
300829,100366,App,iOS,iPhone,,2021-09-03 12:07:16
300830,100130,App,Android,Samsung Galaxy,,2021-08-18 15:56:33
300831,100468,Web,,,Edge,2021-09-28 07:01:09
300832,100211,App,iOS,iPhone,,2021-08-16 17:28:34
300833,100123,App,Android,Realme,,2021-11-21 23:39:47
300834,100421,App,Android,Realme,,2021-11-29 02:53:20
300835,100247,App,iOS,iPhone,,2021-10-28 00:24:14
300836,100552,App,Android,Oppo,,2021-08-02 03:35:05
300837,100347,App,Android,Samsung Galaxy,,2021-12-18 11:21:01
300838,100369,Web,,,Edge,2021-04-20 20:29:33
300839,100331,App,iOS,iPhone,,2021-12-04 16:41:55
300840,100186,App,Android,Samsung Galaxy,,2021-12-31 21:29:02
300841,100128,App,iOS,iPhone,,2021-12-30 13:12:11
300842,100537,App,Android,Vivo,,2021-06-06 04:18:01
300843,100071,App,iOS,iPhone,,2021-11-22 15:18:28
300844,100498,App,Android,Samsung Galaxy,,2021-03-31 13:05:21
300845,100075,App,Android,Xiaomi,,2021-07-05 19:11:04
300846,100115,App,Android,Vivo,,2021-11-20 02:21:13
300847,100210,App,iOS,iPhone,,2021-08-22 19:20:35
300848,100528,App,iOS,iPhone,,2021-06-08 21:19:06
300849,100506,App,Android,Realme,,2020-09-21 00:42:22
300850,100545,App,Android,Xiaomi,,2021-04-12 04:49:27
300851,100187,App,Android,Xiaomi,,2020-12-31 20:54:26
300852,100102,App,Android,Vivo,,2021-07-29 03:45:23
300853,100233,App,Android,OnePlus,,2021-12-30 22:42:35
300854,100465,App,iOS,iPhone,,2021-09-20 21:31:42
300855,100453,App,Android,Vivo,,2021-09-09 05:49:19
300856,100452,App,iOS,iPhone,,2021-10-22 08:12:12
300857,100527,App,iOS,iPhone,,2021-09-13 10:43:18
300858,100111,App,Android,Realme,,2021-06-27 10:56:08
300859,100197,App,Android,Xiaomi,,2021-06-10 14:26:39
300860,100303,App,Android,Vivo,,2020-11-29 17:55:47
300861,100272,App,Android,Oppo,,2021-04-01 03:37:15
300862,100210,App,Android,Realme,,2021-07-14 12:03:52
300863,100515,App,Android,Realme,,2021-09-06 16:37:23
300864,100128,App,Android,Vivo,,2021-12-06 19:41:18
300865,100081,App,Android,OnePlus,,2021-11-25 12:50:54
300866,100106,App,Android,Realme,,2021-11-11 14:01:26
300867,100324,App,iOS,iPhone,,2021-11-16 14:51:30
300868,100408,App,Android,Vivo,,2021-02-09 19:40:21
300869,100537,App,iOS,iPhone,,2021-11-09 06:08:53
300870,100375,App,Android,OnePlus,,2021-07-02 10:05:14
300871,100074,Web,,,Edge,2021-12-29 00:16:39
300872,100176,App,Android,Xiaomi,,2021-11-25 11:54:22
300873,100317,App,iOS,iPhone,,2021-01-24 00:40:55
300874,100530,App,Android,Vivo,,2021-10-03 00:30:14
300875,100391,App,Android,Realme,,2021-11-20 16:23:13
300876,100558,App,Android,Samsung Galaxy,,2021-09-08 07:22:11
300877,100407,App,Android,OnePlus,,2021-06-09 11:21:03
300878,100300,App,Android,Vivo,,2021-12-12 15:58:38
300879,100362,App,iOS,iPhone,,2021-07-07 16:21:29
300880,100458,App,Android,Samsung Galaxy,,2021-04-08 17:32:31
300881,100404,App,iOS,iPhone,,2021-02-04 11:34:11
300882,100137,App,Android,Samsung Galaxy,,2021-07-19 19:31:54
300883,100176,App,Android,Realme,,2021-12-08 02:10:49
300884,100380,App,Android,Realme,,2021-09-18 06:44:52
300885,100526,App,Android,Realme,,2021-06-08 03:08:53
300886,100290,App,Android,Xiaomi,,2021-12-23 20:51:19
300887,100539,App,iOS,iPhone,,2021-10-18 20:41:58
300888,100532,Web,,,Firefox,2021-08-18 09:00:21
300889,100483,App,iOS,iPhone,,2021-08-27 14:18:50
300890,100431,App,iOS,iPhone,,2021-05-04 19:27:53
300891,100269,App,Android,Vivo,,2021-04-03 14:50:59
300892,100357,App,Android,Samsung Galaxy,,2021-11-16 11:03:48
300893,100226,App,Android,Xiaomi,,2021-12-24 19:57:44
300894,100345,App,Android,Xiaomi,,2021-11-17 18:00:45
300895,100553,App,iOS,iPhone,,2021-06-05 20:38:32
300896,100239,App,Android,Oppo,,2021-12-20 13:25:05
300897,100464,App,Android,Xiaomi,,2021-09-06 15:08:45
300898,100366,App,iOS,iPhone,,2021-06-11 04:53:11
300899,100355,App,Android,Xiaomi,,2021-08-01 12:00:51
300900,100420,App,iOS,iPhone,,2021-07-29 04:16:34
300901,100456,App,Android,Samsung Galaxy,,2021-05-25 12:01:51
300902,100341,App,Android,Xiaomi,,2021-07-09 00:38:09
300903,100158,App,Android,Vivo,,2021-05-15 21:38:11
300904,100521,Web,,,Chrome,2021-10-09 19:29:27
300905,100490,App,Android,Oppo,,2021-09-10 10:55:18
300906,100371,App,Android,Oppo,,2021-03-24 19:43:27
300907,100353,App,Android,Realme,,2021-05-17 23:01:12
300908,100088,App,Android,Realme,,2021-10-15 17:46:08
300909,100215,App,Android,Xiaomi,,2021-11-30 16:56:35
300910,100520,App,Android,OnePlus,,2021-12-21 02:50:05
300911,100329,App,Android,Vivo,,2021-08-17 01:05:41
300912,100473,App,iOS,iPhone,,2021-09-21 12:02:25
300913,100341,Web,,,Edge,2021-09-04 11:15:12
300914,100070,App,iOS,iPhone,,2021-12-21 13:22:31
300915,100256,App,iOS,iPhone,,2021-12-25 07:38:54
300916,100097,App,iOS,iPhone,,2021-11-27 00:09:30
300917,100435,Web,,,Chrome,2021-12-26 09:17:50
300918,100261,App,iOS,iPhone,,2021-05-10 08:13:39
300919,100232,App,Android,Oppo,,2021-12-23 08:34:05
300920,100298,App,Android,OnePlus,,2021-09-22 09:55:28
300921,100182,App,Android,Oppo,,2021-09-13 02:51:08
300922,100450,Web,,,Safari,2021-03-03 07:33:13
300923,100253,App,iOS,iPhone,,2021-12-13 20:27:55
300924,100290,Web,,,Chrome,2020-10-22 20:41:32
300925,100105,Web,,,Edge,2021-12-04 00:36:55
300926,100225,Web,,,Firefox,2021-11-25 15:03:11
300927,100290,App,iOS,iPhone,,2021-12-13 15:36:22
300928,100275,App,Android,Samsung Galaxy,,2021-07-16 06:14:26
300929,100537,App,iOS,iPhone,,2021-09-21 08:48:53
300930,100177,App,Android,Oppo,,2021-03-27 09:49:05
300931,100402,App,Android,Vivo,,2021-07-13 15:46:28
300932,100098,App,iOS,iPhone,,2021-12-30 06:15:31
300933,100216,App,Android,Vivo,,2021-11-04 09:44:55
300934,100523,App,Android,Vivo,,2021-12-09 15:57:14
300935,100092,Web,,,Firefox,2021-12-17 22:30:34
300936,100246,App,Android,OnePlus,,2021-10-30 04:52:10
300937,100388,App,Android,Samsung Galaxy,,2021-07-06 09:25:17
300938,100325,App,iOS,iPhone,,2021-08-17 09:38:06
300939,100206,App,Android,OnePlus,,2021-08-26 22:16:37
300940,100308,App,Android,Realme,,2021-12-16 02:58:56
300941,100267,App,Android,Vivo,,2021-10-24 07:10:24
300942,100377,App,Android,OnePlus,,2021-12-17 07:24:47
300943,100390,Web,,,Opera,2021-12-04 05:00:57
300944,100497,Web,,,Edge,2021-06-07 03:20:56
300945,100214,App,iOS,iPhone,,2021-07-20 18:52:05
300946,100200,App,Android,Xiaomi,,2021-11-06 13:01:26
300947,100298,App,iOS,iPhone,,2021-06-08 19:29:20
300948,100459,Web,,,Edge,2021-12-17 10:19:48
300949,100503,App,Android,OnePlus,,2021-08-19 14:34:51
300950,100228,App,Android,Samsung Galaxy,,2021-10-07 02:01:27
300951,100335,App,Android,Xiaomi,,2021-12-03 08:04:33
300952,100408,App,Android,OnePlus,,2021-03-17 14:28:12
300953,100186,App,iOS,iPhone,,2021-12-31 19:58:53
300954,100443,App,Android,OnePlus,,2021-11-21 12:44:09
300955,100524,App,Android,Xiaomi,,2021-12-15 12:41:11
300956,100152,App,Android,OnePlus,,2021-09-02 17:18:52
300957,100217,App,Android,Vivo,,2021-04-30 03:17:26
300958,100065,Web,,,Chrome,2021-12-08 06:55:11
300959,100203,App,Android,Samsung Galaxy,,2021-09-17 18:51:50
300960,100295,App,Android,Realme,,2021-10-25 10:43:57
300961,100127,App,Android,Xiaomi,,2020-11-06 20:31:51
300962,100119,App,iOS,iPhone,,2021-12-19 20:19:24
300963,100431,Web,,,Safari,2020-09-11 03:30:52
300964,100238,App,Android,OnePlus,,2021-11-30 09:45:43
300965,100545,App,Android,Oppo,,2021-02-28 11:51:46
300966,100370,App,Android,Samsung Galaxy,,2021-05-22 12:41:56
300967,100230,App,Android,Vivo,,2021-08-22 17:59:11
300968,100236,App,iOS,iPhone,,2021-12-30 23:11:20
300969,100224,App,Android,Oppo,,2021-09-28 16:05:46
300970,100207,App,iOS,iPhone,,2021-03-27 23:20:40
300971,100496,App,Android,Vivo,,2021-08-23 15:57:35
300972,100538,App,iOS,iPhone,,2021-04-16 13:45:02
300973,100077,App,Android,Oppo,,2021-04-21 00:08:20
300974,100152,App,Android,Oppo,,2021-09-26 01:35:25
300975,100351,App,iOS,iPhone,,2021-11-29 06:28:45
300976,100477,App,Android,Oppo,,2021-01-09 14:20:13
300977,100070,App,Android,OnePlus,,2020-10-07 10:19:25
300978,100205,App,iOS,iPhone,,2021-08-08 14:35:30
300979,100147,App,Android,Xiaomi,,2021-08-12 12:44:12
300980,100294,App,Android,Samsung Galaxy,,2021-06-03 13:12:52
300981,100185,Web,,,Firefox,2021-12-30 13:47:23
300982,100176,App,Android,Realme,,2021-10-04 15:04:02
300983,100136,App,Android,Vivo,,2021-07-21 13:45:26
300984,100469,App,iOS,iPhone,,2021-12-10 16:26:01
300985,100236,Web,,,Opera,2021-12-14 23:39:06
300986,100212,App,Android,Xiaomi,,2021-05-04 06:21:09
300987,100155,App,iOS,iPhone,,2021-11-09 08:42:14
300988,100539,App,Android,OnePlus,,2021-10-06 14:53:15
300989,100497,App,iOS,iPhone,,2021-02-02 09:50:30
300990,100105,App,Android,Xiaomi,,2020-09-30 21:56:41
300991,100390,App,iOS,iPhone,,2021-12-25 01:00:14
300992,100338,App,iOS,iPhone,,2021-12-05 05:43:44
300993,100534,App,Android,OnePlus,,2021-11-19 05:57:38
300994,100331,App,Android,Oppo,,2021-10-26 03:26:55
300995,100178,App,Android,Samsung Galaxy,,2021-03-11 18:24:44
300996,100206,App,Android,Samsung Galaxy,,2021-08-10 06:33:54
300997,100529,App,Android,OnePlus,,2021-01-23 11:10:11
300998,100372,Web,,,Edge,2021-12-01 18:33:17
300999,100263,App,Android,OnePlus,,2021-04-24 23:28:27
301000,100526,App,Android,Realme,,2021-03-31 20:36:14
301001,100379,App,iOS,iPhone,,2021-11-03 21:10:42
301002,100370,App,Android,Samsung Galaxy,,2021-07-05 14:29:46
301003,100289,App,Android,OnePlus,,2021-09-05 01:49:03
301004,100113,Web,,,Edge,2021-04-21 03:15:43
301005,100214,App,Android,OnePlus,,2021-04-05 17:35:57
301006,100370,App,Android,OnePlus,,2021-12-20 22:02:44
301007,100487,Web,,,Firefox,2021-08-01 21:24:58
301008,100076,App,iOS,iPhone,,2021-10-15 18:18:42
301009,100217,App,Android,Samsung Galaxy,,2021-03-22 14:15:34
301010,100271,App,Android,Oppo,,2021-12-07 16:56:42
301011,100340,App,Android,OnePlus,,2021-12-06 08:00:17
301012,100526,Web,,,Chrome,2021-11-19 16:32:21
301013,100246,App,iOS,iPhone,,2021-11-16 11:31:40
301014,100413,App,Android,OnePlus,,2021-09-18 12:45:25
301015,100365,Web,,,Firefox,2021-12-30 01:18:54
301016,100523,App,Android,Oppo,,2021-08-27 17:36:26
301017,100258,App,iOS,iPhone,,2021-02-03 16:38:19
301018,100372,App,Android,OnePlus,,2021-10-07 00:44:13
301019,100306,App,iOS,iPhone,,2021-03-20 09:08:30
301020,100502,App,iOS,iPhone,,2021-07-17 07:46:02
301021,100490,Web,,,Chrome,2021-11-25 00:58:39
301022,100265,App,Android,OnePlus,,2021-09-20 13:06:37
301023,100127,App,iOS,iPhone,,2021-01-15 01:31:58
301024,100482,App,iOS,iPhone,,2021-05-30 10:11:25
301025,100244,App,Android,Samsung Galaxy,,2021-10-31 00:39:22
301026,100560,App,iOS,iPhone,,2021-10-02 12:38:02
301027,100173,App,iOS,iPhone,,2021-12-17 14:43:42
301028,100125,App,Android,OnePlus,,2021-10-22 17:49:40
301029,100363,App,iOS,iPhone,,2021-12-06 21:31:02
301030,100143,App,Android,Vivo,,2021-02-12 08:32:31
301031,100086,App,iOS,iPhone,,2021-11-09 21:23:52
301032,100217,App,iOS,iPhone,,2021-06-06 20:37:46
301033,100335,App,Android,Xiaomi,,2021-11-30 17:22:20
301034,100066,App,iOS,iPhone,,2021-05-30 12:16:52
301035,100157,Web,,,Firefox,2021-08-02 19:15:26
301036,100086,App,Android,Oppo,,2021-12-16 16:23:51
301037,100111,App,Android,Realme,,2021-09-12 11:55:18
301038,100362,App,Android,Samsung Galaxy,,2021-09-18 02:30:11
301039,100117,App,Android,Vivo,,2021-07-29 17:17:42
301040,100185,App,iOS,iPhone,,2021-05-24 09:38:53
301041,100392,App,Android,OnePlus,,2021-10-11 06:44:27
301042,100171,App,Android,Xiaomi,,2021-12-23 21:47:46
301043,100379,App,Android,OnePlus,,2021-01-08 13:17:20
301044,100313,App,Android,Vivo,,2021-12-19 12:09:34
301045,100312,App,iOS,iPhone,,2021-11-11 16:48:12
301046,100106,App,Android,Vivo,,2021-07-27 02:21:53
301047,100094,App,Android,Samsung Galaxy,,2021-03-23 14:18:04
301048,100092,App,iOS,iPhone,,2021-11-08 00:05:15
301049,100393,App,Android,Samsung Galaxy,,2021-09-26 22:35:55
301050,100157,App,Android,Realme,,2021-09-20 12:34:25
301051,100360,Web,,,Safari,2021-11-17 07:20:15
301052,100283,App,Android,Samsung Galaxy,,2021-06-08 13:21:56
301053,100255,App,iOS,iPhone,,2021-02-18 09:31:58
301054,100137,App,Android,OnePlus,,2021-09-19 15:03:56
301055,100493,App,iOS,iPhone,,2021-10-23 13:52:00
301056,100237,App,Android,Oppo,,2021-11-21 01:22:42
301057,100429,App,Android,Realme,,2021-07-30 01:23:06
301058,100409,App,Android,Xiaomi,,2021-09-12 06:21:05
301059,100421,App,Android,Oppo,,2021-12-20 11:36:12
301060,100095,App,iOS,iPhone,,2021-01-24 01:09:59
301061,100326,App,Android,Realme,,2020-12-17 14:46:58
301062,100251,App,iOS,iPhone,,2021-12-29 07:09:19
301063,100244,App,Android,Vivo,,2021-12-04 06:16:54
301064,100221,App,Android,Samsung Galaxy,,2021-12-29 03:51:30
301065,100435,App,Android,Oppo,,2021-11-17 08:05:11
301066,100359,App,iOS,iPhone,,2020-12-31 17:52:22
301067,100381,App,Android,OnePlus,,2021-07-06 12:19:45
301068,100179,App,Android,Samsung Galaxy,,2021-12-25 21:22:00
301069,100209,App,Android,Xiaomi,,2021-08-19 19:12:54
301070,100435,App,iOS,iPhone,,2021-11-09 01:53:33
301071,100474,Web,,,Firefox,2021-10-12 02:15:36
301072,100132,App,Android,Realme,,2021-07-31 00:33:57
301073,100182,Web,,,Chrome,2021-04-21 08:55:05
301074,100555,App,iOS,iPhone,,2021-12-30 01:56:35
301075,100260,App,Android,Realme,,2021-12-27 06:10:22
301076,100384,App,Android,Oppo,,2020-12-21 06:36:45
301077,100301,App,Android,Vivo,,2021-08-18 03:32:34
301078,100456,App,Android,Samsung Galaxy,,2021-12-31 03:06:55
301079,100208,App,iOS,iPhone,,2021-07-24 19:08:15
301080,100232,App,iOS,iPhone,,2021-12-26 06:16:20
301081,100255,App,Android,Xiaomi,,2021-09-22 00:44:01
301082,100288,Web,,,Safari,2021-07-24 18:09:19
301083,100491,App,Android,OnePlus,,2021-11-02 06:52:26
301084,100290,App,Android,Samsung Galaxy,,2021-07-02 10:57:14
301085,100463,App,iOS,iPhone,,2021-09-03 10:58:37
301086,100441,App,Android,Samsung Galaxy,,2021-05-09 02:46:22
301087,100377,App,iOS,iPhone,,2021-08-20 21:30:47
301088,100214,App,Android,Xiaomi,,2020-12-14 11:28:48
301089,100163,App,Android,Realme,,2021-04-16 17:47:22
301090,100377,App,iOS,iPhone,,2021-12-25 22:55:53
301091,100421,App,Android,Samsung Galaxy,,2021-08-29 01:48:16
301092,100534,App,iOS,iPhone,,2021-11-21 21:04:13
301093,100104,App,Android,Realme,,2021-12-19 22:28:32
301094,100294,App,Android,Oppo,,2021-10-17 22:56:17
301095,100282,App,Android,Oppo,,2021-02-05 18:51:35
301096,100427,App,iOS,iPhone,,2021-06-23 00:58:43
301097,100282,App,Android,Xiaomi,,2021-04-19 11:28:45
301098,100092,App,iOS,iPhone,,2021-12-10 21:27:23
301099,100239,App,iOS,iPhone,,2021-12-17 14:03:11
301100,100153,App,iOS,iPhone,,2021-11-16 18:22:01
301101,100400,App,Android,Oppo,,2021-12-08 06:24:25
301102,100394,App,iOS,iPhone,,2021-11-08 16:35:51
301103,100521,App,Android,Oppo,,2021-10-09 08:25:36
301104,100097,App,Android,OnePlus,,2021-10-05 08:42:17
301105,100076,Web,,,Opera,2021-11-18 15:49:46
301106,100144,App,Android,Vivo,,2021-06-08 13:36:10
301107,100107,App,Android,Realme,,2020-08-19 14:46:32
301108,100394,App,Android,Xiaomi,,2021-08-09 05:56:59
301109,100307,App,Android,Vivo,,2021-12-06 11:19:31
301110,100091,App,Android,Oppo,,2021-09-29 03:30:18
301111,100402,App,Android,Samsung Galaxy,,2021-07-13 09:12:09
301112,100471,App,Android,Realme,,2021-10-13 22:05:44
301113,100382,Web,,,Chrome,2021-09-26 16:22:03
301114,100142,App,iOS,iPhone,,2021-10-21 22:22:52
301115,100130,App,Android,OnePlus,,2021-07-19 22:00:12
301116,100098,App,Android,Realme,,2021-12-29 18:29:42
301117,100121,App,Android,Oppo,,2021-05-19 19:16:00
301118,100307,App,iOS,iPhone,,2021-07-11 11:14:03
301119,100383,App,iOS,iPhone,,2021-04-07 02:06:08
301120,100343,App,Android,Realme,,2021-08-16 02:36:37
301121,100537,App,Android,Oppo,,2021-12-17 04:47:17
301122,100075,App,Android,Oppo,,2021-09-02 11:14:20
301123,100385,App,Android,Oppo,,2021-10-31 08:08:03
301124,100386,App,iOS,iPhone,,2021-06-22 08:24:26
301125,100281,App,Android,OnePlus,,2021-03-29 15:13:01
301126,100234,App,Android,OnePlus,,2021-09-23 11:40:21
301127,100132,App,Android,OnePlus,,2021-11-29 17:47:07
301128,100164,App,Android,Realme,,2021-08-02 12:44:46
301129,100311,App,iOS,iPhone,,2021-12-10 23:50:00
301130,100126,App,Android,Vivo,,2021-10-20 01:02:35
301131,100245,Web,,,Opera,2021-11-06 15:07:29
301132,100142,Web,,,Chrome,2021-12-13 07:09:17
301133,100507,App,Android,OnePlus,,2021-10-18 11:07:44
301134,100256,App,iOS,iPhone,,2021-09-25 23:04:04
301135,100482,App,Android,Realme,,2021-08-06 03:14:56
301136,100327,App,Android,Realme,,2021-04-15 00:37:39
301137,100208,App,Android,Realme,,2021-09-04 18:06:25
301138,100325,App,Android,Xiaomi,,2021-09-10 13:18:31
301139,100275,App,iOS,iPhone,,2021-08-06 10:34:06
301140,100175,App,Android,Oppo,,2021-12-24 12:36:11
301141,100105,App,Android,Samsung Galaxy,,2021-03-08 20:11:36
301142,100209,App,Android,OnePlus,,2021-10-05 04:40:57
301143,100373,App,Android,Xiaomi,,2021-11-26 19:40:49
301144,100161,App,Android,Samsung Galaxy,,2021-03-09 12:59:52
301145,100083,App,iOS,iPhone,,2021-11-30 19:15:15
301146,100077,App,Android,Realme,,2021-03-30 01:28:39
301147,100188,App,Android,Oppo,,2021-11-21 22:56:09
301148,100488,App,Android,Xiaomi,,2021-10-02 17:23:06
301149,100458,App,Android,OnePlus,,2021-08-08 16:59:36
301150,100354,App,Android,Vivo,,2021-10-30 20:13:57
301151,100352,App,Android,Realme,,2021-12-10 06:30:00
301152,100139,App,Android,OnePlus,,2021-09-05 06:17:47
301153,100422,App,Android,Realme,,2021-02-23 06:54:06
301154,100100,App,Android,OnePlus,,2021-12-27 11:34:08
301155,100136,Web,,,Safari,2021-05-28 13:02:00
301156,100286,App,Android,Xiaomi,,2021-11-09 09:54:59
301157,100369,App,Android,Realme,,2020-09-29 06:54:59
301158,100383,App,Android,Vivo,,2021-04-28 05:07:48
301159,100498,App,Android,Oppo,,2021-02-12 06:21:18
301160,100257,App,Android,Vivo,,2020-10-18 02:09:45
301161,100169,App,Android,OnePlus,,2021-11-04 10:55:20
301162,100560,App,Android,Oppo,,2021-08-05 06:43:03
301163,100449,App,Android,Vivo,,2021-11-28 07:15:53
301164,100428,App,Android,Xiaomi,,2021-07-13 16:57:09
301165,100115,App,Android,Oppo,,2020-11-19 06:39:23
301166,100400,App,iOS,iPhone,,2021-11-01 13:31:21
301167,100346,App,Android,OnePlus,,2021-08-14 04:41:20
301168,100473,App,Android,Realme,,2021-12-12 18:43:33
301169,100317,App,Android,Oppo,,2021-12-15 19:02:57
301170,100238,App,Android,Vivo,,2021-12-12 14:42:00
301171,100099,App,Android,Xiaomi,,2021-07-24 19:19:15
301172,100521,App,Android,OnePlus,,2021-12-01 13:42:59
301173,100533,App,Android,Vivo,,2021-11-18 21:39:15
301174,100134,App,iOS,iPhone,,2021-11-26 01:35:35
301175,100084,App,Android,Samsung Galaxy,,2021-10-14 15:27:00
301176,100113,App,iOS,iPhone,,2021-06-19 09:24:09
301177,100461,App,Android,Xiaomi,,2021-12-02 15:29:08
301178,100404,App,iOS,iPhone,,2021-11-10 12:45:31
301179,100508,App,Android,Samsung Galaxy,,2021-10-22 02:28:38
301180,100480,App,iOS,iPhone,,2021-07-30 22:34:37
301181,100261,Web,,,Safari,2021-05-11 17:34:17
301182,100146,App,Android,Realme,,2021-11-28 17:56:00
301183,100282,App,Android,Oppo,,2021-05-03 10:28:44
301184,100212,App,iOS,iPhone,,2021-03-10 15:29:45
301185,100157,App,Android,Oppo,,2021-03-27 09:10:38
301186,100290,App,Android,OnePlus,,2020-09-13 05:46:12
301187,100509,App,Android,Xiaomi,,2021-09-25 13:22:39
301188,100095,Web,,,Firefox,2020-11-18 21:40:59
301189,100312,App,Android,OnePlus,,2021-11-04 07:32:05
301190,100206,App,Android,Xiaomi,,2021-10-29 10:45:51
301191,100545,App,Android,Xiaomi,,2021-04-25 01:40:14
301192,100175,App,Android,OnePlus,,2021-12-27 06:31:52
301193,100313,App,Android,Xiaomi,,2021-11-19 19:23:19
301194,100407,App,Android,Oppo,,2021-12-21 14:36:05
301195,100223,App,Android,Oppo,,2021-12-19 08:37:17
301196,100377,App,Android,Oppo,,2021-09-08 08:10:04
301197,100273,App,iOS,iPhone,,2021-06-19 06:32:07
301198,100196,App,Android,Vivo,,2021-02-01 16:52:08
301199,100288,App,Android,Vivo,,2021-10-18 20:05:04
301200,100213,App,iOS,iPhone,,2021-12-31 08:34:24
301201,100364,App,Android,Oppo,,2021-07-08 01:14:33
301202,100144,App,Android,OnePlus,,2021-12-21 01:07:51
301203,100205,App,iOS,iPhone,,2021-05-18 05:20:36
301204,100479,App,Android,Vivo,,2020-11-19 03:20:17
301205,100210,App,iOS,iPhone,,2021-10-21 06:31:34
301206,100425,Web,,,Safari,2021-06-24 02:39:33
301207,100488,App,Android,Samsung Galaxy,,2021-11-28 09:33:32
301208,100074,App,iOS,iPhone,,2021-11-23 23:04:55
301209,100220,App,Android,Oppo,,2021-01-17 06:17:27
301210,100383,App,Android,OnePlus,,2021-03-27 20:24:49
301211,100224,App,Android,Samsung Galaxy,,2021-09-11 02:04:06
301212,100553,App,Android,Oppo,,2021-07-17 02:36:06
301213,100359,App,Android,OnePlus,,2021-04-18 12:05:45
301214,100559,App,iOS,iPhone,,2021-12-18 22:00:57
301215,100353,App,Android,Oppo,,2020-09-29 20:55:59
301216,100230,App,Android,Oppo,,2021-11-03 14:11:40
301217,100336,App,iOS,iPhone,,2021-07-21 09:59:21
301218,100538,App,iOS,iPhone,,2021-11-04 17:42:40
301219,100233,App,Android,Samsung Galaxy,,2020-11-11 17:09:35
301220,100136,App,iOS,iPhone,,2021-02-23 10:11:38
301221,100482,App,Android,Realme,,2021-12-30 09:31:57
301222,100090,App,Android,Oppo,,2021-07-18 05:08:26
301223,100455,App,Android,OnePlus,,2021-05-18 10:14:48
301224,100447,App,Android,Oppo,,2021-10-25 02:10:45
301225,100511,App,iOS,iPhone,,2021-03-01 10:12:32
301226,100276,App,iOS,iPhone,,2021-11-14 10:59:27
301227,100427,App,Android,Oppo,,2021-09-17 19:19:17
301228,100154,App,Android,Vivo,,2021-10-25 01:42:34
301229,100546,App,Android,OnePlus,,2021-12-24 20:22:53
301230,100441,App,Android,Xiaomi,,2021-08-29 20:55:01
301231,100422,App,Android,Samsung Galaxy,,2021-03-17 13:14:16
301232,100377,App,Android,Oppo,,2021-12-20 11:20:31
301233,100362,App,Android,OnePlus,,2021-04-28 23:05:05
301234,100194,App,iOS,iPhone,,2021-12-09 20:27:11
301235,100413,App,iOS,iPhone,,2021-10-17 12:14:54
301236,100512,Web,,,Safari,2021-12-29 00:30:05
301237,100506,App,iOS,iPhone,,2021-02-14 17:07:28
301238,100133,App,Android,Samsung Galaxy,,2021-12-13 10:37:45
301239,100130,App,Android,Vivo,,2021-05-22 21:19:16
301240,100119,Web,,,Safari,2021-07-01 21:52:04
301241,100286,App,iOS,iPhone,,2021-12-27 04:23:56
301242,100507,App,iOS,iPhone,,2021-08-06 05:19:47
301243,100463,Web,,,Safari,2021-09-12 03:29:06
301244,100524,App,Android,Samsung Galaxy,,2021-12-09 22:00:36
301245,100158,App,Android,OnePlus,,2021-11-05 09:03:03
301246,100466,App,Android,OnePlus,,2021-04-25 07:01:27
301247,100212,App,Android,Oppo,,2021-12-30 10:49:50
301248,100299,App,Android,Vivo,,2021-12-27 06:58:51
301249,100501,App,Android,Realme,,2021-11-27 15:35:06
301250,100541,App,Android,Realme,,2021-04-21 03:52:47
301251,100405,App,Android,Realme,,2021-12-27 16:53:57
301252,100420,App,Android,Samsung Galaxy,,2021-12-20 02:27:22
301253,100209,App,Android,Xiaomi,,2021-11-06 22:21:28
301254,100560,App,Android,Oppo,,2021-11-28 05:41:31
301255,100433,App,iOS,iPhone,,2021-11-16 11:11:27
301256,100353,App,Android,Oppo,,2020-12-16 07:51:27
301257,100502,App,Android,OnePlus,,2021-09-28 14:48:13
301258,100254,App,Android,Samsung Galaxy,,2021-11-26 17:31:31
301259,100505,Web,,,Opera,2021-10-21 05:37:50
301260,100212,Web,,,Chrome,2021-08-21 14:46:06
301261,100297,App,Android,Samsung Galaxy,,2021-07-11 01:28:33
301262,100167,App,iOS,iPhone,,2021-11-05 12:13:43
301263,100180,Web,,,Opera,2021-10-17 21:42:35
301264,100334,App,iOS,iPhone,,2021-12-19 00:35:20
301265,100131,App,Android,Samsung Galaxy,,2021-12-02 14:42:10
301266,100212,App,Android,Oppo,,2021-07-13 12:21:35
301267,100347,App,Android,Realme,,2021-12-31 03:07:50
301268,100493,App,iOS,iPhone,,2021-12-24 07:16:57
301269,100547,App,Android,OnePlus,,2021-12-29 09:43:39
301270,100459,App,Android,OnePlus,,2021-09-05 10:41:30
301271,100161,App,Android,Oppo,,2021-11-20 23:47:53
301272,100393,App,Android,Realme,,2021-07-15 08:16:29
301273,100513,App,Android,OnePlus,,2021-09-17 10:54:03
301274,100418,App,Android,Samsung Galaxy,,2021-11-10 18:47:47
301275,100537,App,iOS,iPhone,,2021-08-12 05:20:25
301276,100353,App,Android,Realme,,2021-08-09 06:34:22
301277,100423,App,Android,Xiaomi,,2021-12-29 04:03:01
301278,100225,App,iOS,iPhone,,2021-08-30 02:23:30
301279,100095,App,iOS,iPhone,,2021-12-27 19:07:51
301280,100430,App,Android,Oppo,,2021-09-27 23:33:00
301281,100312,App,Android,Oppo,,2021-12-07 03:15:11
301282,100455,App,Android,Realme,,2021-08-03 06:05:30
301283,100290,Web,,,Chrome,2021-04-09 12:53:12
301284,100265,App,Android,OnePlus,,2021-12-18 13:50:20
301285,100271,App,Android,Realme,,2021-12-25 21:38:33
301286,100175,App,Android,Realme,,2021-12-25 12:16:35
301287,100134,App,Android,Vivo,,2021-07-07 16:44:33
301288,100281,App,iOS,iPhone,,2021-12-07 08:50:00
301289,100165,App,Android,Samsung Galaxy,,2021-12-19 11:09:26
301290,100120,App,iOS,iPhone,,2021-06-07 22:12:27
301291,100097,App,iOS,iPhone,,2021-12-22 05:45:48
301292,100133,App,iOS,iPhone,,2021-09-06 22:59:04
301293,100515,Web,,,Firefox,2021-11-15 13:45:19
301294,100076,App,iOS,iPhone,,2021-10-22 20:19:58
301295,100483,App,iOS,iPhone,,2021-08-14 17:32:46
301296,100548,App,iOS,iPhone,,2021-12-10 17:15:05
301297,100493,App,Android,Samsung Galaxy,,2021-10-21 03:16:06
301298,100519,App,iOS,iPhone,,2021-12-26 19:21:35
301299,100517,App,iOS,iPhone,,2021-06-30 06:27:22
301300,100431,Web,,,Opera,2021-03-10 11:34:38
301301,100212,App,Android,Vivo,,2021-04-25 18:26:03
301302,100533,App,Android,Xiaomi,,2021-12-07 10:58:05
301303,100127,App,Android,Oppo,,2021-03-22 23:45:32
301304,100481,App,Android,Xiaomi,,2021-12-19 04:38:56
301305,100458,App,Android,Vivo,,2021-12-30 01:09:13
301306,100167,Web,,,Firefox,2021-07-18 07:45:43
301307,100448,App,iOS,iPhone,,2021-06-07 14:24:38
301308,100171,App,Android,Oppo,,2021-12-25 00:21:38
301309,100497,App,Android,Oppo,,2021-05-04 09:40:03
301310,100408,App,Android,Vivo,,2021-12-27 14:26:30
301311,100258,App,Android,Samsung Galaxy,,2020-10-08 09:01:48
301312,100547,App,Android,Vivo,,2021-12-19 01:40:51
301313,100148,App,Android,Realme,,2021-06-01 14:48:40
301314,100339,App,Android,Vivo,,2021-08-06 03:13:26
301315,100270,App,iOS,iPhone,,2021-12-03 17:03:57
301316,100318,App,Android,Realme,,2021-07-27 00:52:09
301317,100441,App,Android,Realme,,2021-07-25 20:24:44
301318,100106,App,iOS,iPhone,,2021-04-18 23:54:38
301319,100420,App,Android,OnePlus,,2021-05-10 00:32:54
301320,100258,App,Android,Samsung Galaxy,,2021-12-20 05:56:02
301321,100499,App,Android,Xiaomi,,2021-06-22 10:07:42
301322,100390,App,Android,Realme,,2021-08-02 01:47:23
301323,100192,App,Android,Vivo,,2021-11-07 09:05:40
301324,100532,App,Android,Xiaomi,,2021-08-07 15:07:35
301325,100519,App,Android,Oppo,,2021-12-26 08:28:17
301326,100511,App,Android,Vivo,,2021-04-07 01:37:36
301327,100131,App,iOS,iPhone,,2021-12-20 13:19:44
301328,100075,App,Android,Vivo,,2021-05-09 18:36:08
301329,100252,App,iOS,iPhone,,2020-09-29 10:41:47
301330,100532,Web,,,Edge,2021-08-14 05:29:27
301331,100206,App,Android,Vivo,,2021-08-14 16:54:01
301332,100429,App,Android,Samsung Galaxy,,2021-11-08 13:21:47
301333,100121,App,Android,OnePlus,,2021-09-07 12:28:39
301334,100137,App,iOS,iPhone,,2021-06-25 17:33:57
301335,100196,App,iOS,iPhone,,2020-12-02 02:13:41
301336,100381,App,Android,Xiaomi,,2021-08-18 22:30:53
301337,100453,App,iOS,iPhone,,2021-11-17 09:37:28
301338,100506,App,Android,Samsung Galaxy,,2021-09-11 00:04:57
301339,100527,Web,,,Opera,2021-11-19 20:38:17
301340,100539,App,Android,OnePlus,,2021-11-06 15:44:13
301341,100254,App,Android,Samsung Galaxy,,2021-11-01 12:30:59
301342,100485,App,Android,Realme,,2021-07-24 07:07:37
301343,100559,App,Android,Samsung Galaxy,,2021-12-21 12:04:49
301344,100102,App,Android,Samsung Galaxy,,2021-12-05 11:11:44
301345,100523,App,Android,Xiaomi,,2021-07-26 10:08:48
301346,100212,App,Android,Oppo,,2021-09-17 04:10:27
301347,100119,App,iOS,iPhone,,2021-08-04 09:22:49
301348,100306,App,iOS,iPhone,,2021-01-13 13:04:42
301349,100239,Web,,,Opera,2021-12-22 01:46:39
301350,100429,App,Android,Realme,,2021-06-07 01:34:20
301351,100521,App,iOS,iPhone,,2021-10-06 19:33:12
301352,100425,App,Android,Realme,,2021-10-18 02:24:41
301353,100093,App,iOS,iPhone,,2020-11-18 06:24:18
301354,100339,App,Android,Samsung Galaxy,,2021-03-01 19:16:51
301355,100173,App,Android,Vivo,,2021-04-24 01:27:44
301356,100438,App,iOS,iPhone,,2021-06-16 17:18:05
301357,100323,App,Android,Vivo,,2021-08-04 02:32:26
301358,100390,App,iOS,iPhone,,2021-03-12 06:41:49
301359,100450,App,Android,Realme,,2021-01-24 01:37:55
301360,100439,App,Android,Samsung Galaxy,,2021-08-25 09:42:25
301361,100209,App,Android,Xiaomi,,2021-07-21 04:45:00
301362,100389,App,Android,Samsung Galaxy,,2021-12-30 19:38:50
301363,100094,Web,,,Safari,2021-05-23 19:35:55
301364,100094,App,Android,Xiaomi,,2021-04-06 02:33:39
301365,100186,App,Android,Samsung Galaxy,,2021-12-31 19:39:24
301366,100241,Web,,,Edge,2021-11-18 03:17:18
301367,100260,App,Android,Vivo,,2020-11-07 19:23:29
301368,100237,App,Android,Samsung Galaxy,,2021-10-14 04:59:53
301369,100414,App,Android,OnePlus,,2021-12-22 03:54:24
301370,100489,App,iOS,iPhone,,2021-12-23 22:00:34
301371,100232,App,Android,OnePlus,,2021-12-24 22:57:21
301372,100330,App,Android,Realme,,2021-12-25 03:02:44
301373,100398,App,Android,Samsung Galaxy,,2021-10-11 11:11:40
301374,100203,App,Android,Vivo,,2021-08-09 04:20:22
301375,100393,App,iOS,iPhone,,2021-08-19 13:47:22
301376,100174,App,Android,Oppo,,2021-05-27 23:50:39
301377,100221,App,Android,Oppo,,2021-05-14 09:34:34
301378,100226,App,Android,Xiaomi,,2021-12-25 12:16:01
301379,100321,App,Android,Samsung Galaxy,,2021-06-01 03:52:30
301380,100163,App,Android,Samsung Galaxy,,2021-04-11 05:22:05
301381,100382,App,Android,Realme,,2021-03-28 05:37:05
301382,100069,App,Android,Samsung Galaxy,,2021-10-25 05:55:42
301383,100535,App,Android,Oppo,,2021-11-15 02:28:14
301384,100327,App,Android,Xiaomi,,2021-03-15 14:41:09
301385,100258,App,Android,Xiaomi,,2020-12-30 20:48:57
301386,100292,App,Android,Samsung Galaxy,,2021-06-13 15:14:38
301387,100312,App,Android,Oppo,,2021-11-24 03:14:21
301388,100344,App,Android,Xiaomi,,2021-10-31 19:48:57
301389,100081,Web,,,Chrome,2021-11-28 06:20:28
301390,100555,App,Android,Vivo,,2021-12-11 14:51:01
301391,100082,App,iOS,iPhone,,2021-09-12 12:12:49
301392,100142,App,iOS,iPhone,,2021-12-04 23:38:44
301393,100517,App,Android,Oppo,,2021-12-18 07:02:42
301394,100467,App,iOS,iPhone,,2021-09-21 01:40:22
301395,100529,App,iOS,iPhone,,2021-05-29 01:54:05
301396,100399,App,Android,Samsung Galaxy,,2021-03-19 04:36:24
301397,100270,App,Android,Vivo,,2021-11-26 13:58:58
301398,100332,App,iOS,iPhone,,2021-09-15 08:16:53
301399,100418,App,iOS,iPhone,,2021-10-03 13:40:42
301400,100349,App,Android,Realme,,2021-09-29 17:20:05
301401,100423,Web,,,Firefox,2021-12-20 13:46:12
301402,100310,App,iOS,iPhone,,2021-07-07 07:22:13
301403,100422,App,Android,Samsung Galaxy,,2021-01-25 06:16:03
301404,100286,Web,,,Chrome,2021-11-26 04:37:03
301405,100117,App,Android,Xiaomi,,2021-12-04 02:35:24
301406,100327,App,Android,Oppo,,2021-08-28 09:29:32
301407,100280,App,Android,Vivo,,2021-08-14 13:04:42
301408,100279,App,iOS,iPhone,,2021-11-24 22:01:32
301409,100120,App,Android,Samsung Galaxy,,2021-11-23 13:43:34
301410,100354,Web,,,Opera,2021-12-14 14:45:18
301411,100303,App,Android,Oppo,,2021-09-10 14:54:38
301412,100287,App,Android,Xiaomi,,2021-12-12 20:29:28
301413,100359,App,iOS,iPhone,,2021-12-24 07:20:23
301414,100439,App,Android,Realme,,2021-04-09 16:04:52
301415,100329,App,Android,OnePlus,,2021-11-13 10:39:43
301416,100402,App,iOS,iPhone,,2021-06-08 08:49:39
301417,100164,App,Android,OnePlus,,2021-08-04 13:26:37
301418,100274,Web,,,Chrome,2021-01-21 12:41:50
301419,100306,App,iOS,iPhone,,2021-01-29 03:57:05
301420,100508,App,Android,Samsung Galaxy,,2021-04-14 19:16:07
301421,100431,App,Android,Xiaomi,,2021-06-01 09:55:45
301422,100505,App,Android,Samsung Galaxy,,2021-02-10 02:19:49
301423,100233,App,iOS,iPhone,,2021-02-11 09:28:26
301424,100559,Web,,,Opera,2021-12-16 09:44:53
301425,100169,App,Android,Xiaomi,,2021-12-06 12:30:16
301426,100160,App,Android,Xiaomi,,2021-07-29 21:36:09
301427,100245,App,Android,Realme,,2021-12-27 05:00:13
301428,100339,App,iOS,iPhone,,2021-11-22 19:38:42
301429,100097,App,iOS,iPhone,,2021-10-07 06:12:10
301430,100364,App,Android,Xiaomi,,2021-12-13 15:03:25
301431,100279,App,Android,Xiaomi,,2021-06-20 05:32:20
301432,100288,App,Android,Realme,,2021-11-12 19:07:15
301433,100139,App,Android,Vivo,,2021-09-19 17:22:43
301434,100252,App,iOS,iPhone,,2021-08-11 19:09:09
301435,100189,App,iOS,iPhone,,2021-12-30 20:46:42
301436,100249,App,iOS,iPhone,,2020-10-31 20:53:57
301437,100550,App,Android,OnePlus,,2021-12-30 19:58:25
301438,100189,App,iOS,iPhone,,2021-12-30 19:43:21
301439,100359,App,Android,Realme,,2021-08-27 07:56:51
301440,100366,App,iOS,iPhone,,2021-04-09 04:33:07
301441,100457,App,Android,Vivo,,2021-05-30 20:42:51
301442,100146,App,Android,Xiaomi,,2021-12-11 11:57:32
301443,100144,App,iOS,iPhone,,2021-06-01 06:36:43
301444,100261,App,Android,Oppo,,2021-09-16 04:34:37
301445,100400,App,iOS,iPhone,,2021-10-20 18:30:52
301446,100135,App,Android,Samsung Galaxy,,2021-05-04 03:14:05
301447,100302,App,Android,Realme,,2021-11-22 00:32:59
301448,100309,App,Android,Xiaomi,,2021-09-11 08:48:29
301449,100349,App,iOS,iPhone,,2021-09-26 00:46:47
301450,100085,App,iOS,iPhone,,2021-11-26 11:47:24
301451,100097,App,iOS,iPhone,,2021-12-05 11:01:02
301452,100411,App,Android,Xiaomi,,2021-10-04 07:50:13
301453,100339,App,Android,Xiaomi,,2021-09-29 01:24:44
301454,100538,App,Android,Oppo,,2021-02-27 06:22:55
301455,100282,App,Android,Vivo,,2021-08-30 21:10:42
301456,100311,App,Android,Vivo,,2021-12-05 01:04:36
301457,100507,App,iOS,iPhone,,2021-07-21 23:26:21
301458,100169,App,Android,Samsung Galaxy,,2021-11-19 05:43:07
301459,100480,App,Android,OnePlus,,2021-01-22 11:25:34
301460,100066,App,Android,OnePlus,,2021-09-05 12:07:38
301461,100466,App,Android,Vivo,,2021-12-16 04:50:26
301462,100237,App,Android,OnePlus,,2021-11-18 00:53:03
301463,100143,App,Android,Oppo,,2021-06-19 10:36:41
301464,100154,App,iOS,iPhone,,2021-10-22 10:20:33
301465,100308,App,Android,Oppo,,2021-12-11 14:39:05
301466,100283,App,Android,Vivo,,2021-10-18 22:33:23
301467,100349,Web,,,Firefox,2021-09-30 00:14:04
301468,100193,App,iOS,iPhone,,2021-11-03 20:38:28
301469,100225,App,Android,Samsung Galaxy,,2021-09-30 08:44:07
301470,100389,App,Android,Xiaomi,,2021-12-31 12:11:05
301471,100478,App,Android,Realme,,2021-10-25 23:05:11
301472,100426,App,iOS,iPhone,,2021-12-30 00:00:57
301473,100094,App,iOS,iPhone,,2021-09-09 19:16:36
301474,100147,App,Android,Xiaomi,,2021-07-08 16:02:17
301475,100127,App,Android,Vivo,,2020-12-10 21:32:45
301476,100252,Web,,,Safari,2021-12-10 12:53:23
301477,100281,App,Android,Samsung Galaxy,,2020-12-24 05:07:30
301478,100558,App,Android,OnePlus,,2021-07-17 05:25:28
301479,100065,App,iOS,iPhone,,2021-06-21 05:54:36
301480,100474,App,Android,Vivo,,2021-10-26 06:50:52
301481,100302,App,Android,OnePlus,,2021-10-16 09:16:12
301482,100544,App,Android,Samsung Galaxy,,2021-11-17 16:12:28
301483,100337,App,Android,Vivo,,2021-10-03 01:04:59
301484,100536,App,Android,Oppo,,2021-12-27 17:06:16
301485,100127,App,Android,Realme,,2020-10-15 04:14:02
301486,100494,App,iOS,iPhone,,2021-03-27 08:51:05
301487,100067,App,Android,Realme,,2021-08-12 18:03:54
301488,100296,App,iOS,iPhone,,2021-11-30 15:37:25
301489,100454,App,Android,OnePlus,,2020-11-27 14:10:39
301490,100347,App,iOS,iPhone,,2021-12-21 16:37:51
301491,100505,Web,,,Firefox,2021-10-05 14:22:47
301492,100549,App,iOS,iPhone,,2021-05-15 21:42:59
301493,100310,Web,,,Edge,2021-05-04 10:32:53
301494,100303,Web,,,Edge,2021-03-03 04:21:48
301495,100533,App,Android,Realme,,2021-10-29 22:46:36
301496,100549,App,iOS,iPhone,,2021-05-04 22:20:58
301497,100449,App,Android,Samsung Galaxy,,2021-11-02 17:41:51
301498,100124,App,iOS,iPhone,,2021-12-03 11:35:00
301499,100512,App,Android,Vivo,,2021-07-08 17:58:33
301500,100212,App,Android,OnePlus,,2021-12-23 01:37:39
301501,100226,App,Android,OnePlus,,2021-12-28 19:15:25
301502,100417,App,iOS,iPhone,,2021-11-13 06:10:19
301503,100438,App,iOS,iPhone,,2021-11-04 05:21:22
301504,100309,App,Android,Realme,,2021-10-20 07:22:50
301505,100321,App,Android,Oppo,,2021-01-20 22:28:41
301506,100164,App,Android,Samsung Galaxy,,2021-09-10 08:05:01
301507,100462,App,Android,Vivo,,2021-11-24 09:11:04
301508,100094,Web,,,Chrome,2021-08-23 20:06:56
301509,100289,Web,,,Chrome,2021-08-01 01:27:29
301510,100137,App,iOS,iPhone,,2021-08-09 05:56:57
301511,100100,App,Android,Samsung Galaxy,,2021-12-24 04:27:34
301512,100486,App,iOS,iPhone,,2021-07-30 07:08:41
301513,100135,App,iOS,iPhone,,2021-02-10 21:30:48
301514,100429,App,iOS,iPhone,,2021-12-14 21:34:27
301515,100502,App,Android,Xiaomi,,2021-03-29 15:56:59
301516,100135,App,Android,OnePlus,,2021-10-06 10:30:54
301517,100214,App,iOS,iPhone,,2021-01-23 18:39:30
301518,100408,App,Android,Xiaomi,,2021-06-10 06:07:54
301519,100313,App,Android,OnePlus,,2021-11-01 21:40:51
301520,100517,App,Android,Realme,,2021-11-20 21:05:46
301521,100556,App,Android,Samsung Galaxy,,2021-12-31 03:26:42
301522,100241,App,iOS,iPhone,,2021-08-14 09:52:18
301523,100441,App,Android,Realme,,2021-12-02 14:33:43
301524,100310,App,Android,Realme,,2021-12-05 10:03:05
301525,100402,App,Android,Oppo,,2021-02-17 21:25:14
301526,100303,App,Android,Samsung Galaxy,,2020-11-30 02:33:05
301527,100450,App,Android,Vivo,,2021-05-23 06:46:23
301528,100490,App,iOS,iPhone,,2021-10-02 19:20:12
301529,100538,App,Android,Realme,,2021-05-14 13:39:46
301530,100525,App,iOS,iPhone,,2021-12-08 10:06:46
301531,100281,App,Android,Samsung Galaxy,,2020-08-12 07:39:35
301532,100410,App,Android,Vivo,,2021-07-26 08:51:28
301533,100361,App,Android,Realme,,2021-11-07 14:33:29
301534,100306,App,Android,Samsung Galaxy,,2021-03-14 10:51:47
301535,100255,App,Android,Xiaomi,,2021-08-19 18:19:49
301536,100426,App,Android,Vivo,,2021-08-15 03:25:37
301537,100285,App,iOS,iPhone,,2021-10-27 02:59:42
301538,100242,App,Android,Oppo,,2021-05-07 13:16:31
301539,100269,App,Android,Oppo,,2021-01-26 17:04:29
301540,100271,Web,,,Safari,2021-06-28 16:40:48
301541,100083,App,Android,Vivo,,2021-12-07 11:40:34
301542,100375,App,Android,Realme,,2021-10-28 05:05:20
301543,100411,App,iOS,iPhone,,2021-11-09 19:09:42
301544,100256,App,Android,Vivo,,2021-10-09 02:01:49
301545,100500,App,iOS,iPhone,,2021-04-23 13:46:45
301546,100183,App,Android,OnePlus,,2021-10-30 18:17:29
301547,100210,App,iOS,iPhone,,2021-06-23 23:05:32
301548,100461,App,Android,Xiaomi,,2021-11-29 12:15:17
301549,100071,App,Android,Samsung Galaxy,,2021-12-06 06:27:35
301550,100377,App,Android,Realme,,2021-12-27 17:01:31
301551,100250,App,Android,OnePlus,,2021-12-07 00:24:27
301552,100145,App,Android,Xiaomi,,2021-11-28 18:01:36
301553,100546,App,iOS,iPhone,,2021-11-28 22:38:03
301554,100133,App,Android,Realme,,2021-10-26 05:33:02
301555,100257,App,Android,Realme,,2021-04-16 17:16:03
301556,100427,App,Android,Xiaomi,,2021-10-03 17:45:49
301557,100163,App,Android,Oppo,,2020-12-17 04:38:19
301558,100382,App,Android,OnePlus,,2021-08-17 11:42:29
301559,100553,App,Android,Realme,,2021-09-10 22:50:02
301560,100156,App,Android,OnePlus,,2021-09-02 07:45:17
301561,100491,App,iOS,iPhone,,2021-08-11 20:48:49
301562,100108,App,Android,Vivo,,2021-10-27 08:59:22
301563,100101,App,Android,Xiaomi,,2021-10-31 05:21:45
301564,100187,App,iOS,iPhone,,2020-09-02 14:08:25
301565,100382,App,iOS,iPhone,,2021-09-30 13:03:22
301566,100423,App,Android,Samsung Galaxy,,2021-12-25 04:54:48
301567,100297,App,Android,Samsung Galaxy,,2021-12-16 12:23:48
301568,100248,App,Android,Realme,,2021-12-31 16:27:01
301569,100208,App,iOS,iPhone,,2021-08-24 02:37:27
301570,100307,App,iOS,iPhone,,2021-08-31 10:22:27
301571,100406,Web,,,Firefox,2021-12-27 11:43:15
301572,100278,App,Android,Samsung Galaxy,,2021-01-14 15:02:43
301573,100453,App,iOS,iPhone,,2021-10-20 23:19:56
301574,100121,App,Android,Xiaomi,,2021-09-26 16:45:16
301575,100315,App,Android,Realme,,2021-10-25 08:40:17
301576,100363,App,Android,Samsung Galaxy,,2021-11-26 07:07:42
301577,100105,App,iOS,iPhone,,2021-01-28 01:33:55
301578,100527,App,iOS,iPhone,,2021-09-03 06:30:20
301579,100546,App,iOS,iPhone,,2021-11-24 05:15:25
301580,100231,App,iOS,iPhone,,2021-10-18 19:46:11
301581,100082,App,iOS,iPhone,,2021-06-22 09:06:42
301582,100444,App,iOS,iPhone,,2021-11-26 08:15:29
301583,100422,Web,,,Chrome,2021-04-20 17:57:43
301584,100085,App,Android,Samsung Galaxy,,2021-12-18 22:28:19
301585,100266,App,Android,Realme,,2021-04-04 19:42:52
301586,100487,App,Android,OnePlus,,2021-06-17 22:38:38
301587,100277,App,iOS,iPhone,,2021-11-27 14:37:52
301588,100067,App,iOS,iPhone,,2021-11-12 07:18:15
301589,100078,App,Android,Vivo,,2021-10-17 12:57:54
301590,100079,App,Android,OnePlus,,2021-06-10 06:40:28
301591,100268,App,Android,Xiaomi,,2021-12-19 13:30:21
301592,100349,App,Android,Vivo,,2021-09-03 05:56:06
301593,100430,App,Android,OnePlus,,2021-07-26 19:16:13
301594,100405,App,Android,Xiaomi,,2021-09-28 23:19:24
301595,100495,App,iOS,iPhone,,2021-12-18 06:20:13
301596,100302,App,Android,Xiaomi,,2021-07-05 05:26:42
301597,100369,App,Android,Oppo,,2020-11-24 20:51:11
301598,100505,App,Android,Vivo,,2021-07-09 01:21:27
301599,100533,App,Android,OnePlus,,2021-12-30 07:31:09
301600,100175,App,iOS,iPhone,,2021-12-24 10:37:06
301601,100226,App,Android,Xiaomi,,2021-12-26 05:47:21
301602,100322,App,Android,Vivo,,2021-09-22 00:03:18
301603,100428,App,Android,OnePlus,,2021-06-19 11:41:27
301604,100246,App,Android,Oppo,,2021-12-25 00:56:30
301605,100520,App,Android,Samsung Galaxy,,2021-09-19 14:59:09
301606,100370,App,Android,OnePlus,,2021-05-27 19:18:13
301607,100118,Web,,,Safari,2021-11-10 14:18:14
301608,100355,App,iOS,iPhone,,2021-11-21 12:05:25
301609,100269,App,Android,Oppo,,2021-10-11 21:05:44
301610,100354,App,Android,Samsung Galaxy,,2021-12-08 07:34:57
301611,100481,App,Android,Xiaomi,,2021-09-01 18:50:19
301612,100259,App,iOS,iPhone,,2021-09-24 12:04:16
301613,100187,App,Android,Realme,,2021-05-27 14:09:04
301614,100321,App,Android,Oppo,,2021-11-07 07:01:48
301615,100387,App,Android,Oppo,,2021-10-05 15:32:19
301616,100499,Web,,,Safari,2021-12-24 08:27:43
301617,100410,App,Android,OnePlus,,2021-10-15 22:45:01
301618,100478,App,iOS,iPhone,,2021-11-15 10:03:03
301619,100142,App,Android,Samsung Galaxy,,2021-10-01 00:01:44
301620,100511,App,Android,OnePlus,,2021-06-26 18:53:09
301621,100109,App,Android,Oppo,,2021-06-23 10:54:06
301622,100417,App,Android,OnePlus,,2021-12-30 23:41:25
301623,100481,App,Android,Realme,,2021-08-23 15:51:43
301624,100271,App,Android,Oppo,,2021-10-08 02:31:35
301625,100249,App,Android,OnePlus,,2021-07-05 11:15:11
301626,100461,App,iOS,iPhone,,2021-12-19 16:37:52
301627,100328,Web,,,Firefox,2021-09-02 11:21:24
301628,100221,App,Android,Oppo,,2021-12-29 02:47:53
301629,100338,App,iOS,iPhone,,2021-11-17 05:57:14
301630,100233,App,Android,Xiaomi,,2021-01-05 13:19:23
301631,100502,App,iOS,iPhone,,2021-08-07 18:00:32
301632,100518,App,Android,Vivo,,2021-04-17 01:00:09
301633,100524,App,Android,OnePlus,,2021-12-02 15:37:11
301634,100431,App,iOS,iPhone,,2021-07-24 01:14:58
301635,100318,App,Android,Realme,,2021-12-28 16:47:00
301636,100128,App,Android,Xiaomi,,2021-12-10 09:03:27
301637,100064,App,Android,Samsung Galaxy,,2021-12-24 17:29:20
301638,100478,App,Android,Samsung Galaxy,,2021-07-23 21:57:09
301639,100415,App,Android,Realme,,2021-12-29 21:41:58
301640,100408,App,Android,Realme,,2021-02-19 18:27:34
301641,100135,Web,,,Chrome,2020-12-09 19:25:53
301642,100342,App,Android,Oppo,,2021-12-01 03:48:24
301643,100403,App,iOS,iPhone,,2021-04-28 00:27:15
301644,100088,App,iOS,iPhone,,2021-11-28 14:33:30
301645,100107,App,Android,Xiaomi,,2021-10-24 04:21:08
301646,100404,App,Android,Realme,,2021-05-07 00:38:05
301647,100256,App,Android,Samsung Galaxy,,2021-03-09 10:58:37
301648,100226,App,Android,Samsung Galaxy,,2021-12-26 17:02:34
301649,100364,App,Android,Samsung Galaxy,,2021-03-14 01:09:20
301650,100349,App,iOS,iPhone,,2021-07-06 18:18:18
301651,100455,App,iOS,iPhone,,2021-11-23 17:55:58
301652,100236,App,iOS,iPhone,,2021-12-28 02:13:30
301653,100206,App,Android,OnePlus,,2021-09-11 08:24:16
301654,100484,App,Android,OnePlus,,2021-11-11 01:21:11
301655,100316,App,Android,Samsung Galaxy,,2021-12-30 03:58:36
301656,100268,App,Android,Realme,,2021-12-31 12:40:36
301657,100166,App,iOS,iPhone,,2021-11-05 04:58:31
301658,100436,App,Android,Samsung Galaxy,,2021-05-15 19:25:40
301659,100513,App,Android,Realme,,2021-06-25 17:28:19
301660,100419,App,Android,Realme,,2021-11-17 21:00:02
301661,100164,App,Android,OnePlus,,2021-08-31 10:31:06
301662,100226,App,Android,Oppo,,2021-12-28 02:06:38
301663,100495,App,iOS,iPhone,,2021-12-24 22:07:04
301664,100398,App,Android,OnePlus,,2021-09-02 01:06:11
301665,100258,App,Android,Vivo,,2021-05-05 05:22:02
301666,100427,App,Android,OnePlus,,2021-12-26 00:58:32
301667,100478,App,iOS,iPhone,,2021-12-16 00:18:26
301668,100069,App,iOS,iPhone,,2021-10-21 07:50:31
301669,100108,App,Android,Samsung Galaxy,,2021-11-02 15:19:21
301670,100092,App,Android,Realme,,2021-12-20 17:01:19
301671,100082,App,Android,Vivo,,2021-10-12 10:35:14
301672,100089,App,iOS,iPhone,,2021-09-03 01:02:26
301673,100332,App,Android,Vivo,,2021-11-08 11:52:39
301674,100364,App,iOS,iPhone,,2021-10-31 16:31:58
301675,100183,App,Android,Samsung Galaxy,,2021-12-31 12:27:52
301676,100346,App,Android,Oppo,,2021-11-27 04:27:35
301677,100329,App,Android,Samsung Galaxy,,2021-10-13 13:26:39
301678,100435,App,iOS,iPhone,,2021-12-20 09:05:29
301679,100064,App,Android,Xiaomi,,2021-12-07 01:33:14
301680,100500,App,iOS,iPhone,,2021-10-17 00:01:49
301681,100484,App,Android,Vivo,,2020-12-10 08:00:19
301682,100558,App,Android,Samsung Galaxy,,2021-04-09 16:15:06
301683,100151,App,Android,Vivo,,2021-12-31 15:25:33
301684,100392,Web,,,Firefox,2021-09-16 21:14:45
301685,100234,App,Android,Realme,,2021-09-09 19:33:44
301686,100550,App,Android,Xiaomi,,2021-11-23 00:48:04
301687,100096,App,Android,Xiaomi,,2021-08-02 11:19:46
301688,100341,App,Android,Vivo,,2021-05-14 13:33:36
301689,100450,App,Android,OnePlus,,2021-01-02 13:33:37
