DeliveryID,OrderID,DeliveryAgentID,DeliveryStatus,EstimatedTime,DeliveredTime,AddressID,DeliveryDate,CreatedDate,ModifiedDate
370243,418750,4407,Delivered,44,40.0,178010,2021-07-06 23:29:00,2021-07-06 22:49:00,2022-03-10 18:13:58.509059
370244,418752,685,Delivered,22,21.0,23041,2021-12-03 16:09:00,2021-12-03 15:48:00,2023-06-21 23:24:19.385287
370245,418754,4584,Delivered,17,12.0,197572,2021-12-22 18:24:00,2021-12-22 18:12:00,2024-06-22 11:45:30.344106
370246,418755,1181,Delivered,38,55.0,197574,2021-12-20 23:18:00,2021-12-20 22:23:00,2023-09-10 14:07:37.175927
370247,418756,4551,Delivered,45,53.0,197572,2021-12-31 07:41:00,2021-12-31 06:48:00,2024-12-04 20:14:24.275872
370248,418757,1406,Delivered,48,57.0,12455,2021-11-06 20:16:00,2021-11-06 19:19:00,2025-03-17 02:36:42.655269
370249,418758,1445,Delivered,42,58.0,12455,2021-11-23 15:19:00,2021-11-23 14:21:00,2024-12-24 17:09:28.227322
370250,418759,1458,Delivered,32,22.0,12455,2021-12-08 17:24:00,2021-12-08 17:02:00,2024-11-17 21:26:38.539094
370251,418760,2047,Delivered,15,14.0,144438,2021-08-27 14:56:00,2021-08-27 14:42:00,2023-11-17 03:46:34.544174
370252,418761,2047,Delivered,35,47.0,144438,2021-10-10 13:21:00,2021-10-10 12:34:00,2024-10-08 05:12:17.881506
370253,418762,3236,Delivered,36,42.0,53128,2021-12-15 13:12:00,2021-12-15 12:30:00,2022-02-21 13:41:37.420148
370254,418763,3162,Delivered,30,53.0,53128,2021-12-12 22:00:00,2021-12-12 21:07:00,2022-06-20 14:31:32.359096
370255,418764,3162,Delivered,39,31.0,53128,2021-12-19 11:06:00,2021-12-19 10:35:00,2023-09-21 12:43:34.705891
370256,418765,1497,Delivered,46,55.0,6809,2021-12-31 17:33:00,2021-12-31 16:38:00,2022-11-11 14:31:07.186691
370257,418766,1529,Delivered,39,46.0,6809,2021-12-29 12:03:00,2021-12-29 11:17:00,2024-06-09 22:02:57.168398
370258,418767,751,Delivered,38,41.0,88134,2021-09-20 21:11:00,2021-09-20 20:30:00,2023-09-29 04:29:42.895887
370259,418769,1979,Delivered,28,58.0,46921,2021-12-14 13:46:00,2021-12-14 12:48:00,2023-04-01 10:13:27.245247
370260,418770,1509,Returned,19,24.0,112727,2021-12-10 17:40:00,2021-12-10 17:16:00,2021-12-10 21:58:58.628365
370261,418771,1527,Delivered,32,33.0,112727,2021-11-04 23:03:00,2021-11-04 22:30:00,2023-03-07 03:10:05.728434
370262,418772,4407,Delivered,39,34.0,67776,2021-12-25 10:18:00,2021-12-25 09:44:00,2025-01-28 21:06:54.986327
370263,418773,4409,Delivered,24,19.0,67776,2021-12-26 20:57:00,2021-12-26 20:38:00,2024-05-05 23:01:08.001846
370264,418774,4413,Delivered,34,62.0,67776,2021-12-29 14:12:00,2021-12-29 13:10:00,2024-02-27 02:39:21.049331
370265,418775,1445,Delivered,46,44.0,53711,2021-11-24 22:34:00,2021-11-24 21:50:00,2024-03-01 03:04:21.007803
370266,418776,1509,Delivered,37,46.0,115086,2021-12-26 17:17:00,2021-12-26 16:31:00,2025-02-24 03:28:12.326917
370267,418777,1530,Delivered,46,45.0,115086,2021-12-26 17:44:00,2021-12-26 16:59:00,2022-07-12 23:48:46.124145
370268,418778,4423,Delivered,40,56.0,191090,2021-12-30 23:53:00,2021-12-30 22:57:00,2022-06-11 01:23:34.082133
370269,418779,4458,Delivered,37,46.0,191090,2021-12-24 14:19:00,2021-12-24 13:33:00,2022-08-14 00:16:08.145690
370270,418780,4384,Delivered,46,46.0,191090,2021-12-24 23:50:00,2021-12-24 23:04:00,2024-05-25 21:31:58.933604
370271,418781,1378,Delivered,25,21.0,784,2021-09-25 22:09:00,2021-09-25 21:48:00,2022-01-06 15:59:38.357047
370272,418782,1365,Delivered,33,47.0,784,2021-08-23 21:18:00,2021-08-23 20:31:00,2023-02-02 05:33:46.661511
370273,418783,4155,Delivered,22,29.0,50447,2021-12-10 07:51:00,2021-12-10 07:22:00,2023-03-25 13:40:21.813981
370274,418784,1405,Delivered,51,50.0,96890,2021-11-26 22:50:00,2021-11-26 22:00:00,2024-06-13 14:55:31.421317
370275,418785,2068,Returned,42,37.0,72640,2021-10-06 23:46:00,2021-10-06 23:09:00,2025-03-29 13:43:52.982771
370276,418786,2047,Delivered,43,37.0,72640,2021-09-25 13:32:00,2021-09-25 12:55:00,2022-10-10 08:52:59.661434
370277,418787,2246,Delivered,28,18.0,62406,2021-12-27 20:19:00,2021-12-27 20:01:00,2022-03-25 15:11:05.111231
370278,418788,2310,Delivered,17,16.0,62406,2021-12-27 05:50:00,2021-12-27 05:34:00,2022-11-04 16:11:28.618176
370279,418789,4486,Delivered,45,47.0,129983,2021-11-30 08:21:00,2021-11-30 07:34:00,2022-03-02 15:43:54.720766
370280,418790,4557,Delivered,25,41.0,129983,2021-12-07 17:11:00,2021-12-07 16:30:00,2022-04-12 18:37:42.814591
370281,418791,4506,Delivered,38,48.0,129983,2021-12-23 08:21:00,2021-12-23 07:33:00,2023-11-20 19:36:45.312856
370282,418792,1557,Delivered,19,15.0,182982,2021-11-19 21:22:00,2021-11-19 21:07:00,2022-08-20 04:34:00.539601
370283,418793,1551,Delivered,24,14.0,182982,2021-06-30 20:14:00,2021-06-30 20:00:00,2021-07-30 05:51:15.218226
370284,418794,1557,Returned,33,23.0,180615,2021-11-14 07:54:00,2021-11-14 07:31:00,2023-03-30 13:52:03.552649
370285,418795,1365,Delivered,52,57.0,174426,2021-11-08 14:08:00,2021-11-08 13:11:00,2024-07-31 22:27:42.090956
370286,418796,1365,Delivered,46,50.0,174426,2021-11-08 16:40:00,2021-11-08 15:50:00,2022-09-01 03:49:19.877478
370287,418797,2291,Delivered,21,22.0,181080,2021-12-12 08:57:00,2021-12-12 08:35:00,2022-06-08 11:39:54.304582
370288,418798,1576,Delivered,33,24.0,150171,2021-10-21 23:51:00,2021-10-21 23:27:00,2023-06-26 00:35:08.355907
370289,418799,4551,Delivered,31,28.0,158050,2021-10-11 13:09:00,2021-10-11 12:41:00,2022-05-29 07:03:13.356900
370290,418800,4520,Delivered,21,36.0,158050,2021-10-22 20:49:00,2021-10-22 20:13:00,2021-12-12 22:46:54.994828
370291,418801,4523,Delivered,46,58.0,158050,2021-06-09 23:32:00,2021-06-09 22:34:00,2024-03-01 05:20:07.167136
370292,418802,3177,Delivered,22,45.0,108289,2021-11-02 13:20:00,2021-11-02 12:35:00,2023-01-21 13:13:45.485323
370293,418803,3164,Delivered,23,26.0,108289,2021-10-29 14:44:00,2021-10-29 14:18:00,2023-07-08 14:22:23.138300
370294,418804,3150,Delivered,23,44.0,108289,2021-10-30 22:28:00,2021-10-30 21:44:00,2023-10-01 07:00:03.172266
370295,418805,2002,Delivered,27,25.0,103812,2021-10-25 12:25:00,2021-10-25 12:00:00,2024-11-13 16:45:29.611410
370296,418806,1970,Delivered,26,22.0,114365,2021-12-25 22:05:00,2021-12-25 21:43:00,2023-09-10 03:23:49.077015
370297,418807,3263,Delivered,27,37.0,12110,2021-03-22 22:21:00,2021-03-22 21:44:00,2024-11-18 07:28:26.745998
370298,418808,3263,Delivered,21,31.0,12110,2021-09-12 17:40:00,2021-09-12 17:09:00,2022-09-05 23:49:13.797319
370299,418809,3247,Delivered,48,46.0,41705,2021-11-15 16:05:00,2021-11-15 15:19:00,2024-06-01 12:07:20.649162
370300,418810,3150,Delivered,53,80.0,41705,2021-11-08 13:30:00,2021-11-08 12:10:00,2022-08-26 06:21:11.776682
370301,418812,4172,Returned,40,30.0,147841,2021-11-21 17:58:00,2021-11-21 17:28:00,2022-03-09 16:40:58.074832
370302,418813,1377,Delivered,41,31.0,109057,2021-10-22 21:46:00,2021-10-22 21:15:00,2022-02-06 21:19:10.280025
370303,418814,4584,Delivered,49,58.0,60049,2021-12-29 17:18:00,2021-12-29 16:20:00,2024-04-11 21:32:07.397850
370304,418815,1494,Delivered,53,55.0,153152,2021-07-19 07:01:00,2021-07-19 06:06:00,2023-08-31 16:16:44.165107
370305,418816,1566,Delivered,50,51.0,153152,2021-12-15 15:40:00,2021-12-15 14:49:00,2023-08-18 10:17:19.837533
370306,418817,4416,Delivered,16,26.0,8048,2021-03-01 13:35:00,2021-03-01 13:09:00,2022-01-20 12:22:59.955937
370307,418818,734,Delivered,37,44.0,139073,2021-12-13 07:26:00,2021-12-13 06:42:00,2024-07-29 18:39:16.287242
370308,418819,1566,Delivered,33,31.0,177794,2021-10-27 09:53:00,2021-10-27 09:22:00,2023-06-15 23:52:18.748589
370309,418820,4416,Delivered,17,33.0,115235,2021-11-17 14:59:00,2021-11-17 14:26:00,2024-06-21 00:23:58.442424
370310,418821,4150,Returned,32,24.0,18569,2021-12-28 12:52:00,2021-12-28 12:28:00,2022-11-06 20:32:55.756863
370311,418822,4523,Delivered,54,51.0,106763,2021-12-17 08:40:00,2021-12-17 07:49:00,2025-01-31 20:52:21.423216
370312,418823,4463,Delivered,50,47.0,92932,2021-03-02 15:03:00,2021-03-02 14:16:00,2024-05-29 16:36:39.467116
370313,418825,1576,Delivered,49,75.0,144236,2021-12-09 21:37:00,2021-12-09 20:22:00,2023-04-17 11:02:59.509382
370314,418826,4136,Delivered,41,50.0,174363,2021-12-22 07:32:00,2021-12-22 06:42:00,2024-05-10 18:44:29.808417
370315,418828,4142,Delivered,51,43.0,174363,2021-09-07 09:15:00,2021-09-07 08:32:00,2022-03-01 17:18:11.722808
370316,418829,1562,Delivered,29,29.0,138261,2021-10-23 15:02:00,2021-10-23 14:33:00,2023-11-22 10:51:42.832829
370317,418830,1532,Delivered,44,34.0,138261,2021-11-23 12:40:00,2021-11-23 12:06:00,2024-03-04 08:45:20.755440
370318,418831,1504,Delivered,55,47.0,138261,2021-10-21 22:03:00,2021-10-21 21:16:00,2025-04-02 17:27:23.671671
370319,418832,4381,Delivered,36,45.0,172710,2021-09-28 19:57:00,2021-09-28 19:12:00,2023-01-07 19:53:41.581419
370320,418833,4463,Returned,17,17.0,172710,2021-11-12 12:39:00,2021-11-12 12:22:00,2022-04-17 21:58:03.241012
370321,418834,3149,Delivered,55,51.0,65278,2021-12-24 12:51:00,2021-12-24 12:00:00,2025-02-11 09:35:11.705817
370322,418835,1398,Delivered,52,57.0,96692,2021-12-22 22:56:00,2021-12-22 21:59:00,2022-01-22 17:10:44.797777
370323,418836,751,Delivered,21,13.0,6532,2021-08-22 20:17:00,2021-08-22 20:04:00,2022-05-03 10:39:37.214282
370324,418837,4508,Delivered,51,41.0,128766,2021-11-25 10:51:00,2021-11-25 10:10:00,2021-12-03 19:42:59.041688
370325,418838,2029,Delivered,18,21.0,104643,2021-10-05 00:16:00,2021-10-04 23:55:00,2022-05-06 02:17:09.469329
370326,418839,2062,Delivered,21,13.0,104643,2021-09-06 21:17:00,2021-09-06 21:04:00,2024-07-18 21:30:37.231449
370327,418841,751,Delivered,24,24.0,102657,2021-11-23 00:10:00,2021-11-22 23:46:00,2022-05-16 06:13:52.824953
370328,418842,685,Delivered,42,56.0,102657,2021-11-25 16:30:00,2021-11-25 15:34:00,2023-08-31 01:10:25.255788
370329,418843,1551,Failed,39,,124985,,2021-08-16 22:08:00,2022-02-24 17:10:00.774563
370330,418844,1507,Delivered,51,60.0,124985,2021-10-09 14:49:00,2021-10-09 13:49:00,2023-01-16 16:59:25.098856
370331,418845,1546,Delivered,42,53.0,124985,2021-08-16 07:53:00,2021-08-16 07:00:00,2023-01-22 17:41:20.842759
370332,418846,3223,Delivered,28,19.0,173887,2021-11-29 22:35:00,2021-11-29 22:16:00,2022-01-18 15:37:27.483925
370333,418847,751,Delivered,55,63.0,180847,2021-09-28 22:37:00,2021-09-28 21:34:00,2023-04-24 17:48:23.352086
370334,418848,3210,Delivered,41,50.0,62106,2021-12-02 23:24:00,2021-12-02 22:34:00,2022-07-09 03:53:28.909162
370335,418849,3177,Delivered,53,59.0,62106,2021-08-02 15:29:00,2021-08-02 14:30:00,2024-06-17 00:57:52.403367
370336,418850,4407,Returned,46,52.0,159528,2021-11-26 12:07:00,2021-11-26 11:15:00,2022-03-25 04:17:26.478893
370337,418851,4417,Delivered,54,53.0,159528,2021-04-21 21:06:00,2021-04-21 20:13:00,2023-06-10 14:43:48.989441
370338,418852,1191,Delivered,46,39.0,141109,2021-11-13 13:28:00,2021-11-13 12:49:00,2023-01-16 06:40:35.174067
370339,418853,1551,Delivered,19,35.0,76873,2021-08-11 20:09:00,2021-08-11 19:34:00,2021-11-03 09:13:04.859706
370340,418854,1557,Delivered,31,26.0,76873,2021-11-03 14:47:00,2021-11-03 14:21:00,2022-06-02 06:26:32.067235
370341,418855,4516,Delivered,37,51.0,144265,2021-11-12 17:00:00,2021-11-12 16:09:00,2021-11-17 12:27:43.010789
370342,418856,4517,Delivered,37,35.0,144265,2021-11-01 17:16:00,2021-11-01 16:41:00,2024-07-14 11:20:50.584796
370343,418857,4508,Delivered,19,39.0,144265,2021-11-26 19:20:00,2021-11-26 18:41:00,2024-12-26 08:17:07.881798
370344,418858,3263,Delivered,54,51.0,24352,2021-09-09 22:12:00,2021-09-09 21:21:00,2024-04-18 04:12:48.987284
370345,418859,3255,Delivered,40,37.0,24352,2021-09-14 20:55:00,2021-09-14 20:18:00,2023-10-21 11:14:54.042758
370346,418860,3162,Delivered,24,30.0,24352,2021-09-07 16:38:00,2021-09-07 16:08:00,2022-05-27 19:41:19.958279
370347,418861,656,Delivered,15,28.0,119400,2021-12-04 11:38:00,2021-12-04 11:10:00,2022-11-25 03:24:57.465027
370348,418862,705,Failed,51,,119400,,2021-12-02 06:04:00,2023-11-04 14:35:20.929615
370349,418863,753,Delivered,22,48.0,119400,2021-12-07 21:12:00,2021-12-07 20:24:00,2022-02-18 18:40:41.869501
370350,418864,1198,Delivered,48,55.0,51949,2021-11-25 13:03:00,2021-11-25 12:08:00,2024-12-25 23:58:47.087529
370351,418865,1172,Delivered,35,39.0,51949,2021-12-25 17:32:00,2021-12-25 16:53:00,2024-11-02 14:12:45.654466
370352,418866,2324,Delivered,55,54.0,158150,2021-11-11 08:18:00,2021-11-11 07:24:00,2022-12-12 23:50:36.657955
370353,418867,2310,Returned,25,40.0,138060,2021-09-05 16:02:00,2021-09-05 15:22:00,2025-04-03 16:11:35.929981
370354,418868,2059,Delivered,17,11.0,4001,2021-12-04 12:20:00,2021-12-04 12:09:00,2024-12-18 04:28:13.252594
370355,418869,1970,Delivered,53,61.0,4001,2021-12-17 23:04:00,2021-12-17 22:03:00,2025-01-21 23:46:47.556710
370356,418870,1993,Delivered,28,33.0,4001,2021-10-19 19:11:00,2021-10-19 18:38:00,2025-04-12 14:02:29.763727
370357,418871,4584,Returned,39,42.0,8023,2021-12-27 13:44:00,2021-12-27 13:02:00,2022-09-14 23:49:22.979280
370358,418872,2024,Delivered,35,56.0,129708,2021-12-23 13:06:00,2021-12-23 12:10:00,2023-02-24 07:37:40.859412
370359,418873,4508,Delivered,28,58.0,99211,2021-12-12 08:10:00,2021-12-12 07:12:00,2024-08-15 17:54:12.149752
370360,418875,4516,Delivered,15,28.0,99211,2021-08-30 17:31:00,2021-08-30 17:03:00,2024-09-16 12:08:55.630234
370361,418876,4508,Delivered,23,31.0,155725,2021-12-28 09:09:00,2021-12-28 08:38:00,2022-06-30 10:09:22.764631
370362,418877,1401,Returned,20,25.0,131353,2021-12-25 22:22:00,2021-12-25 21:57:00,2022-12-02 18:25:33.618039
370363,418878,1365,Delivered,16,15.0,131353,2021-12-23 13:09:00,2021-12-23 12:54:00,2024-03-15 03:34:28.474025
370364,418879,1420,Delivered,46,50.0,139011,2021-10-14 21:18:00,2021-10-14 20:28:00,2023-01-23 09:50:08.681414
370365,418880,1440,Delivered,55,63.0,139011,2021-11-22 22:05:00,2021-11-22 21:02:00,2024-06-21 14:28:03.901641
370366,418882,2074,Delivered,40,36.0,161312,2021-10-07 19:00:00,2021-10-07 18:24:00,2022-10-19 14:24:54.657866
370367,418883,2070,Delivered,31,27.0,161312,2021-07-15 11:50:00,2021-07-15 11:23:00,2022-03-26 12:51:57.027555
370368,418884,4584,Delivered,48,41.0,171301,2021-12-27 11:04:00,2021-12-27 10:23:00,2025-03-04 09:18:17.964824
370369,418885,4509,Delivered,18,12.0,171301,2021-12-28 10:11:00,2021-12-28 09:59:00,2022-03-17 00:11:18.112035
370370,418887,4537,Delivered,32,38.0,166647,2021-04-12 21:45:00,2021-04-12 21:07:00,2025-02-15 12:54:32.388825
370371,418888,4537,Delivered,22,20.0,166647,2021-04-17 21:24:00,2021-04-17 21:04:00,2023-04-21 12:52:35.288691
370372,418889,625,Delivered,32,33.0,57571,2021-08-16 21:12:00,2021-08-16 20:39:00,2023-06-10 06:59:41.844912
370373,418890,625,Delivered,25,26.0,57571,2021-10-26 22:43:00,2021-10-26 22:17:00,2023-10-15 11:56:12.734846
370374,418891,4258,Delivered,26,32.0,94104,2021-09-14 14:03:00,2021-09-14 13:31:00,2023-05-11 22:45:22.691384
370375,418892,4269,Delivered,17,47.0,94104,2021-09-08 16:34:00,2021-09-08 15:47:00,2023-09-04 15:41:32.034534
370376,418893,4551,Delivered,43,37.0,18948,2021-12-20 06:52:00,2021-12-20 06:15:00,2025-05-01 07:29:55.621678
370377,418894,3218,Delivered,15,21.0,167167,2021-11-04 14:30:00,2021-11-04 14:09:00,2023-06-15 06:08:21.896491
370378,418895,2291,Delivered,37,54.0,138792,2021-12-19 07:59:00,2021-12-19 07:05:00,2023-11-15 10:57:08.351763
370379,418896,2235,Delivered,25,24.0,138792,2021-12-10 09:13:00,2021-12-10 08:49:00,2022-05-07 21:34:29.389516
370380,418897,4537,Delivered,24,29.0,128725,2021-12-26 09:11:00,2021-12-26 08:42:00,2024-09-27 05:17:35.154479
370381,418898,2062,Delivered,28,49.0,64703,2021-10-12 15:34:00,2021-10-12 14:45:00,2024-03-31 11:08:47.622467
370382,418899,2029,Delivered,47,41.0,64703,2021-11-17 14:18:00,2021-11-17 13:37:00,2023-08-24 15:51:00.136561
370383,418900,2000,Delivered,28,20.0,123366,2021-11-23 22:02:00,2021-11-23 21:42:00,2024-03-13 10:51:50.018540
370384,418901,2068,Delivered,25,15.0,123366,2021-08-23 16:26:00,2021-08-23 16:11:00,2022-03-04 13:30:00.367851
370385,418903,4463,Delivered,36,27.0,38207,2021-02-24 13:41:00,2021-02-24 13:14:00,2024-04-26 18:42:44.537727
370386,418904,4450,Delivered,36,66.0,38207,2021-12-02 13:15:00,2021-12-02 12:09:00,2023-04-25 09:01:24.416219
370387,418905,4262,Delivered,30,32.0,86894,2021-12-05 16:57:00,2021-12-05 16:25:00,2024-11-23 12:07:06.059995
370388,418906,3177,Delivered,38,34.0,161680,2021-05-06 16:38:00,2021-05-06 16:04:00,2023-08-16 05:31:38.860324
370389,418907,3255,Delivered,32,26.0,161680,2021-10-21 22:16:00,2021-10-21 21:50:00,2022-01-26 09:19:45.047075
370390,418908,3218,Delivered,40,49.0,161680,2021-12-21 15:42:00,2021-12-21 14:53:00,2022-05-10 15:50:07.841083
370391,418909,751,Delivered,23,26.0,125227,2021-08-19 21:08:00,2021-08-19 20:42:00,2023-06-06 17:14:20.776307
370392,418910,656,Returned,16,11.0,125227,2021-08-06 20:46:00,2021-08-06 20:35:00,2021-12-26 00:20:28.577605
370393,418911,2062,Delivered,36,42.0,57987,2021-09-09 13:35:00,2021-09-09 12:53:00,2023-04-04 16:04:08.833481
370394,418912,2347,Delivered,34,30.0,58901,2021-06-16 20:42:00,2021-06-16 20:12:00,2024-06-29 18:48:50.351414
370395,418913,2256,Delivered,23,29.0,58901,2021-12-12 15:52:00,2021-12-12 15:23:00,2025-03-29 22:23:41.325414
370396,418914,4412,Returned,17,12.0,141818,2021-08-14 13:09:00,2021-08-14 12:57:00,2023-10-26 17:12:33.407552
370397,418915,4394,Returned,39,45.0,141818,2021-12-23 23:42:00,2021-12-23 22:57:00,2024-05-07 08:49:36.829257
370398,418916,4405,Delivered,35,34.0,141818,2021-11-20 12:49:00,2021-11-20 12:15:00,2023-10-01 05:20:12.253339
370399,418917,753,Delivered,37,32.0,53064,2021-10-12 00:25:00,2021-10-11 23:53:00,2025-03-18 18:04:44.375774
370400,418918,625,Delivered,30,38.0,5225,2021-08-23 23:09:00,2021-08-23 22:31:00,2022-04-24 20:48:17.296499
370401,418919,753,Returned,41,49.0,85691,2021-10-30 14:48:00,2021-10-30 13:59:00,2022-01-11 20:29:08.014611
370402,418920,1979,Returned,19,28.0,173467,2021-11-01 22:32:00,2021-11-01 22:04:00,2024-12-03 07:13:44.857793
370403,418921,625,Delivered,51,42.0,178480,2021-08-20 23:19:00,2021-08-20 22:37:00,2022-09-30 07:08:01.593664
370404,418922,2000,Delivered,41,51.0,33834,2021-12-09 15:43:00,2021-12-09 14:52:00,2024-07-18 21:02:54.794518
370405,418923,2068,Delivered,19,13.0,33834,2021-11-24 17:21:00,2021-11-24 17:08:00,2023-12-06 00:08:29.691370
370406,418925,4219,Delivered,36,37.0,15219,2021-10-31 07:36:00,2021-10-31 06:59:00,2021-12-22 09:07:47.107695
370407,418926,1365,Delivered,31,25.0,16984,2021-08-15 22:42:00,2021-08-15 22:17:00,2025-02-07 22:07:21.262151
370408,418927,1443,Delivered,15,14.0,16984,2021-10-10 16:51:00,2021-10-10 16:37:00,2024-08-02 08:01:42.868793
370409,418928,751,Delivered,43,47.0,173526,2021-10-26 08:52:00,2021-10-26 08:05:00,2021-11-13 20:07:36.527589
370410,418929,625,Delivered,47,50.0,173526,2021-08-27 22:51:00,2021-08-27 22:01:00,2024-10-20 17:04:27.117475
370411,418930,685,Delivered,23,44.0,173526,2021-11-18 20:31:00,2021-11-18 19:47:00,2023-04-22 01:56:50.110440
370412,418931,1138,Failed,19,,62998,,2021-12-23 16:53:00,2024-04-03 03:20:12.087389
370413,418932,4380,Delivered,24,22.0,2371,2021-05-04 21:18:00,2021-05-04 20:56:00,2025-04-09 08:45:09.118233
370414,418933,4149,Delivered,21,19.0,83967,2021-12-30 22:11:00,2021-12-30 21:52:00,2022-06-26 02:07:17.040317
370415,418934,4238,Failed,42,,83967,,2021-10-21 19:46:00,2023-03-27 03:54:39.758416
370416,418935,1557,Delivered,30,22.0,140838,2021-09-10 14:01:00,2021-09-10 13:39:00,2024-06-25 05:58:35.242173
370417,418936,1480,Delivered,45,67.0,140838,2021-09-07 00:32:00,2021-09-06 23:25:00,2024-08-20 01:37:14.089614
370418,418937,1566,Returned,25,48.0,140838,2021-11-07 13:34:00,2021-11-07 12:46:00,2023-12-16 20:12:19.433847
370419,418938,1502,Delivered,50,46.0,23359,2021-11-17 16:12:00,2021-11-17 15:26:00,2023-01-30 18:32:17.288462
370420,418939,1527,Delivered,41,41.0,23359,2021-11-19 12:27:00,2021-11-19 11:46:00,2024-04-08 01:45:17.600197
370421,418940,4209,Failed,48,,188076,,2021-12-28 22:18:00,2022-08-04 10:05:22.184561
370422,418941,4193,Delivered,31,25.0,188076,2021-12-26 16:54:00,2021-12-26 16:29:00,2024-11-20 13:58:44.586426
370423,418942,4262,Delivered,54,53.0,188076,2021-12-30 22:09:00,2021-12-30 21:16:00,2025-04-02 10:27:13.386713
370424,418943,4405,Delivered,30,35.0,114923,2021-12-28 15:29:00,2021-12-28 14:54:00,2024-10-19 18:45:15.928379
370425,418944,4440,Delivered,45,35.0,114923,2021-12-06 13:07:00,2021-12-06 12:32:00,2023-02-11 18:30:49.079295
370426,418946,1196,Delivered,16,20.0,193681,2021-12-12 15:14:00,2021-12-12 14:54:00,2022-02-14 00:12:55.273881
370427,418947,2296,Delivered,33,23.0,135994,2021-11-08 21:48:00,2021-11-08 21:25:00,2024-08-12 05:24:07.768443
370428,418948,2339,Delivered,18,10.0,135994,2021-07-26 10:12:00,2021-07-26 10:02:00,2022-08-10 13:40:35.357071
370429,418949,2272,Delivered,46,43.0,135994,2021-09-25 10:27:00,2021-09-25 09:44:00,2023-11-09 07:54:47.123837
370430,418950,2068,Delivered,42,50.0,26973,2021-11-15 23:14:00,2021-11-15 22:24:00,2022-04-06 07:30:14.816928
370431,418951,1968,Delivered,16,13.0,26973,2021-11-18 11:27:00,2021-11-18 11:14:00,2022-07-25 04:29:10.345030
370432,418952,625,Delivered,18,13.0,110194,2021-10-12 21:16:00,2021-10-12 21:03:00,2025-01-30 14:05:19.495512
370433,418953,4509,Delivered,26,17.0,17134,2021-07-08 13:30:00,2021-07-08 13:13:00,2022-12-26 23:53:47.640634
370434,418954,4265,Delivered,28,32.0,11696,2021-06-19 22:40:00,2021-06-19 22:08:00,2022-05-16 15:29:17.246147
370435,418955,625,Delivered,21,26.0,122864,2021-09-24 22:03:00,2021-09-24 21:37:00,2024-09-07 04:30:21.224385
370436,418956,3263,Delivered,29,33.0,67429,2021-12-22 21:43:00,2021-12-22 21:10:00,2022-08-25 14:12:48.255314
370437,418958,2235,Failed,37,,96934,,2021-03-20 09:46:00,2024-04-14 18:53:53.189183
370438,418959,625,Delivered,22,28.0,85994,2021-12-20 21:43:00,2021-12-20 21:15:00,2025-03-30 23:56:26.082296
370439,418960,625,Delivered,50,40.0,85994,2021-12-27 06:56:00,2021-12-27 06:16:00,2022-07-19 21:58:28.471606
370440,418961,655,Delivered,37,62.0,85994,2021-12-26 07:06:00,2021-12-26 06:04:00,2024-05-08 11:59:30.666395
370441,418962,1474,Delivered,17,12.0,194415,2021-12-13 22:47:00,2021-12-13 22:35:00,2024-01-08 19:03:16.021968
370442,418963,1398,Delivered,41,31.0,194415,2021-07-06 13:53:00,2021-07-06 13:22:00,2023-06-12 21:50:33.009157
370443,418965,2080,Failed,50,,150061,,2021-11-12 22:52:00,2022-05-02 21:51:08.204633
370444,418966,3233,Delivered,34,53.0,105938,2021-10-13 22:44:00,2021-10-13 21:51:00,2023-04-14 11:13:02.960481
370445,418967,3230,Delivered,38,53.0,105938,2021-11-13 20:23:00,2021-11-13 19:30:00,2025-03-12 12:58:04.623691
370446,418968,1403,Delivered,27,32.0,167209,2021-05-05 16:10:00,2021-05-05 15:38:00,2021-10-21 18:47:59.318712
370447,418969,3196,Delivered,25,20.0,127758,2021-11-16 17:46:00,2021-11-16 17:26:00,2024-09-30 06:39:35.264323
370448,418970,3136,Delivered,42,36.0,127758,2021-06-12 15:42:00,2021-06-12 15:06:00,2023-08-14 13:00:37.585651
370449,418971,2074,Delivered,42,40.0,61653,2021-09-13 22:22:00,2021-09-13 21:42:00,2022-11-08 16:13:57.081686
370450,418972,1993,Delivered,54,46.0,61653,2021-10-14 15:40:00,2021-10-14 14:54:00,2023-08-12 20:24:43.557981
370451,418974,4136,Delivered,48,50.0,72145,2021-11-05 08:53:00,2021-11-05 08:03:00,2025-01-02 20:34:07.777765
370452,418976,4219,Delivered,48,73.0,72145,2021-10-08 23:26:00,2021-10-08 22:13:00,2025-01-12 20:23:50.974179
370453,418977,1557,Returned,33,35.0,123228,2021-12-31 17:02:00,2021-12-31 16:27:00,2024-01-26 22:54:43.071849
370454,418978,1566,Delivered,29,19.0,17383,2021-12-03 07:50:00,2021-12-03 07:31:00,2024-09-14 19:51:28.692159
370455,418979,3263,Delivered,33,48.0,132123,2021-03-15 15:10:00,2021-03-15 14:22:00,2023-10-15 09:47:15.679343
370456,418980,3243,Returned,20,20.0,132123,2021-09-07 23:04:00,2021-09-07 22:44:00,2024-11-18 11:32:50.959749
370457,418981,1993,Delivered,20,21.0,40076,2021-12-24 21:33:00,2021-12-24 21:12:00,2024-11-27 07:33:20.541683
370458,418983,2053,Delivered,46,54.0,40076,2021-10-03 15:27:00,2021-10-03 14:33:00,2024-11-21 01:55:47.650178
370459,418984,4523,Delivered,19,35.0,26823,2021-12-26 17:29:00,2021-12-26 16:54:00,2024-10-25 14:06:58.849734
370460,418985,4503,Delivered,40,42.0,26823,2021-12-14 07:22:00,2021-12-14 06:40:00,2021-12-16 10:08:13.006960
370461,418986,4557,Delivered,15,14.0,26823,2021-12-30 17:17:00,2021-12-30 17:03:00,2022-11-24 20:02:23.664883
370462,418987,656,Delivered,17,20.0,190049,2021-10-16 13:17:00,2021-10-16 12:57:00,2024-10-06 13:45:12.358505
370463,418988,1398,Delivered,25,28.0,7133,2021-08-25 21:49:00,2021-08-25 21:21:00,2022-04-14 06:29:38.309349
370464,418989,1562,Delivered,35,43.0,27023,2021-12-31 21:53:00,2021-12-31 21:10:00,2024-08-18 19:17:14.902951
370465,418990,1502,Returned,49,41.0,27023,2021-12-31 17:01:00,2021-12-31 16:20:00,2024-06-16 08:34:29.230667
370466,418992,4551,Delivered,41,70.0,128247,2021-10-27 10:59:00,2021-10-27 09:49:00,2022-04-13 02:03:37.238203
370467,418993,4537,Delivered,28,36.0,128247,2021-04-22 22:53:00,2021-04-22 22:17:00,2024-05-08 07:52:15.119043
370468,418994,1562,Delivered,29,48.0,32438,2021-12-20 13:44:00,2021-12-20 12:56:00,2023-11-15 15:21:33.634630
370469,418995,1532,Delivered,48,47.0,32438,2021-04-25 20:40:00,2021-04-25 19:53:00,2024-05-08 21:25:51.641925
370470,418996,1557,Delivered,41,49.0,32438,2021-06-21 16:04:00,2021-06-21 15:15:00,2022-02-13 01:54:44.310456
370471,418997,4407,Delivered,51,53.0,161029,2021-06-23 19:20:00,2021-06-23 18:27:00,2021-07-28 20:07:20.024824
370472,418998,1541,Delivered,54,52.0,165389,2021-12-07 12:48:00,2021-12-07 11:56:00,2022-09-23 03:21:39.887163
370473,418999,1198,Delivered,43,36.0,102279,2021-12-29 12:43:00,2021-12-29 12:07:00,2022-05-24 13:32:14.532024
370474,419001,4129,Delivered,17,13.0,158172,2021-10-15 17:35:00,2021-10-15 17:22:00,2024-02-07 22:05:05.542747
370475,419002,4195,Delivered,26,50.0,158172,2021-11-21 14:00:00,2021-11-21 13:10:00,2022-01-10 15:18:10.981882
370476,419003,4523,Delivered,36,29.0,31754,2021-12-02 06:48:00,2021-12-02 06:19:00,2024-09-09 03:38:23.088301
370477,419004,4508,Delivered,19,44.0,31754,2021-12-08 14:11:00,2021-12-08 13:27:00,2023-08-30 11:43:42.370016
370478,419007,4557,Failed,45,,56503,,2021-04-26 07:45:00,2024-01-15 09:02:48.342212
370479,419009,3250,Delivered,38,28.0,93532,2021-04-20 14:14:00,2021-04-20 13:46:00,2024-12-31 04:11:40.737699
370480,419010,1196,Delivered,41,48.0,14562,2021-12-31 14:51:00,2021-12-31 14:03:00,2023-08-04 06:49:01.265678
370481,419011,3206,Delivered,51,41.0,2879,2021-11-21 21:44:00,2021-11-21 21:03:00,2023-05-31 03:59:11.373234
370482,419012,3177,Failed,30,,2879,,2021-09-01 13:20:00,2024-02-12 10:21:51.515854
370483,419013,3162,Delivered,40,31.0,2879,2021-10-30 19:42:00,2021-10-30 19:11:00,2023-07-10 11:20:42.405442
370484,419014,685,Delivered,42,44.0,66858,2021-12-29 15:07:00,2021-12-29 14:23:00,2022-10-03 04:29:01.293002
370485,419015,626,Delivered,17,18.0,66858,2021-12-22 16:09:00,2021-12-22 15:51:00,2024-10-30 17:15:59.045710
370486,419016,2307,Delivered,15,23.0,67463,2021-12-30 09:10:00,2021-12-30 08:47:00,2023-11-13 00:27:28.111679
370487,419017,2242,Delivered,32,27.0,67463,2021-12-26 21:08:00,2021-12-26 20:41:00,2022-12-15 21:24:36.916636
370488,419018,2321,Delivered,22,12.0,67463,2021-12-18 22:13:00,2021-12-18 22:01:00,2024-06-13 00:00:47.888599
370489,419019,1371,Delivered,46,48.0,28288,2021-07-03 22:29:00,2021-07-03 21:41:00,2022-12-08 12:47:24.937807
370490,419020,1362,Delivered,27,17.0,28288,2021-09-10 22:53:00,2021-09-10 22:36:00,2022-08-28 09:38:54.488845
370491,419021,1540,Returned,36,34.0,178600,2021-03-13 21:50:00,2021-03-13 21:16:00,2024-04-08 04:34:30.596371
370492,419022,2080,Delivered,34,49.0,126154,2021-11-10 16:35:00,2021-11-10 15:46:00,2024-09-27 05:17:08.754520
370493,419023,2070,Delivered,28,36.0,126154,2021-08-15 20:52:00,2021-08-15 20:16:00,2022-05-09 01:13:17.523245
370494,419024,4450,Delivered,40,33.0,58404,2021-12-01 13:37:00,2021-12-01 13:04:00,2023-06-06 21:06:56.424110
370495,419025,699,Delivered,36,44.0,90182,2021-12-24 14:10:00,2021-12-24 13:26:00,2023-10-16 17:47:12.307207
370496,419026,699,Delivered,43,40.0,90182,2021-12-30 13:49:00,2021-12-30 13:09:00,2023-02-02 09:55:49.446943
370497,419027,655,Delivered,49,52.0,90182,2021-12-27 09:53:00,2021-12-27 09:01:00,2022-06-26 14:32:02.800924
370498,419028,2307,Delivered,41,39.0,83324,2021-10-04 06:39:00,2021-10-04 06:00:00,2024-08-03 08:16:55.508771
370499,419029,2239,Delivered,53,49.0,83324,2021-10-20 07:56:00,2021-10-20 07:07:00,2024-08-30 23:49:27.768235
370500,419030,4516,Returned,37,41.0,107512,2021-11-14 16:59:00,2021-11-14 16:18:00,2024-09-11 07:13:53.469803
370501,419031,3206,Delivered,23,13.0,196811,2021-12-22 22:07:00,2021-12-22 21:54:00,2024-05-12 18:25:11.521342
370502,419032,3210,Delivered,54,64.0,196811,2021-03-20 13:21:00,2021-03-20 12:17:00,2021-08-06 22:37:08.035891
370503,419033,4537,Returned,29,52.0,72180,2021-11-24 06:52:00,2021-11-24 06:00:00,2022-03-24 21:37:32.737494
370504,419034,4509,Delivered,53,72.0,72180,2021-05-29 10:59:00,2021-05-29 09:47:00,2023-10-23 05:52:11.003385
370505,419035,4537,Delivered,15,16.0,72180,2021-05-03 20:20:00,2021-05-03 20:04:00,2023-07-02 21:31:07.366814
370506,419036,2307,Returned,43,48.0,99865,2021-02-13 11:45:00,2021-02-13 10:57:00,2024-09-17 01:26:08.882385
370507,419037,2242,Returned,48,56.0,99865,2021-06-13 22:34:00,2021-06-13 21:38:00,2022-03-25 09:50:10.766760
370508,419038,1529,Delivered,23,21.0,38422,2021-11-11 22:40:00,2021-11-11 22:19:00,2022-10-20 15:16:53.298443
370509,419039,2347,Delivered,52,61.0,112781,2021-03-04 09:53:00,2021-03-04 08:52:00,2022-05-20 23:49:09.040075
370510,419040,3169,Delivered,54,47.0,2791,2021-09-24 13:07:00,2021-09-24 12:20:00,2023-10-31 11:35:54.306183
370511,419042,4520,Delivered,48,38.0,2792,2021-05-19 08:31:00,2021-05-19 07:53:00,2023-06-06 09:40:21.147014
370512,419043,2339,Delivered,25,26.0,124929,2021-09-24 06:30:00,2021-09-24 06:04:00,2023-03-24 05:12:45.077438
370513,419045,4614,Returned,26,42.0,117454,2021-10-27 11:10:00,2021-10-27 10:28:00,2024-09-24 18:29:29.187863
370514,419046,4486,Delivered,50,47.0,117454,2021-12-07 17:34:00,2021-12-07 16:47:00,2023-12-03 13:34:02.668915
370515,419048,2309,Delivered,36,43.0,147972,2021-12-08 08:15:00,2021-12-08 07:32:00,2021-12-16 00:42:27.657286
370516,419049,2293,Delivered,40,33.0,147972,2021-12-26 09:36:00,2021-12-26 09:03:00,2023-05-06 17:43:33.366570
370517,419050,4506,Delivered,21,20.0,103326,2021-12-24 13:01:00,2021-12-24 12:41:00,2023-01-05 07:37:04.895576
370518,419052,1968,Delivered,30,60.0,183236,2021-12-19 12:16:00,2021-12-19 11:16:00,2023-12-26 21:09:31.294828
370519,419053,4417,Delivered,50,59.0,101577,2021-11-25 11:10:00,2021-11-25 10:11:00,2024-07-16 10:30:12.081719
370520,419054,4416,Returned,23,48.0,101577,2021-11-14 19:20:00,2021-11-14 18:32:00,2024-05-02 15:42:14.539889
370521,419055,4416,Delivered,50,60.0,101577,2021-12-13 21:31:00,2021-12-13 20:31:00,2023-09-21 06:18:46.841054
370522,419056,1480,Delivered,40,35.0,33196,2021-11-16 19:56:00,2021-11-16 19:21:00,2024-01-16 22:25:42.908077
370523,419057,1529,Delivered,25,29.0,33196,2021-11-04 08:40:00,2021-11-04 08:11:00,2021-12-04 01:57:44.271984
370524,419058,4479,Delivered,54,84.0,23002,2021-12-01 23:35:00,2021-12-01 22:11:00,2023-10-27 13:46:08.305488
370525,419059,1362,Delivered,33,26.0,116172,2021-08-04 14:49:00,2021-08-04 14:23:00,2023-05-07 09:46:18.155292
370526,419060,1378,Delivered,16,12.0,116172,2021-10-22 17:07:00,2021-10-22 16:55:00,2023-02-11 03:45:15.129642
370527,419061,753,Delivered,17,12.0,93279,2021-12-22 13:51:00,2021-12-22 13:39:00,2024-02-18 23:44:12.432747
370528,419063,725,Delivered,51,54.0,75261,2021-12-31 12:43:00,2021-12-31 11:49:00,2024-11-26 23:09:47.103508
370529,419064,753,Delivered,42,44.0,75261,2021-12-21 21:05:00,2021-12-21 20:21:00,2024-10-19 23:06:19.839269
370530,419065,2347,Delivered,27,39.0,164848,2021-03-14 16:27:00,2021-03-14 15:48:00,2021-07-29 04:22:58.582228
370531,419066,2303,Delivered,55,54.0,164848,2021-10-04 11:52:00,2021-10-04 10:58:00,2023-08-25 11:58:22.517461
370532,419067,3255,Delivered,18,14.0,198055,2021-05-22 17:28:00,2021-05-22 17:14:00,2023-01-16 21:11:08.949863
370533,419068,3169,Delivered,45,43.0,198055,2021-08-07 21:14:00,2021-08-07 20:31:00,2022-12-07 23:31:21.134566
370534,419069,625,Delivered,51,47.0,12507,2021-11-09 22:00:00,2021-11-09 21:13:00,2024-08-10 02:02:16.042258
370535,419070,656,Delivered,21,30.0,12507,2021-09-21 22:28:00,2021-09-21 21:58:00,2022-03-20 11:30:04.360456
370536,419071,1485,Delivered,32,30.0,133589,2021-11-09 13:25:00,2021-11-09 12:55:00,2022-11-04 03:35:48.278756
370537,419072,1518,Delivered,39,37.0,133589,2021-12-08 13:37:00,2021-12-08 13:00:00,2022-12-06 15:58:30.279937
370538,419073,2029,Delivered,15,25.0,103442,2021-11-11 12:37:00,2021-11-11 12:12:00,2022-04-06 04:40:16.604399
370539,419074,2000,Delivered,35,39.0,103442,2021-11-28 12:17:00,2021-11-28 11:38:00,2024-05-15 21:05:50.472468
370540,419075,705,Delivered,51,77.0,56154,2021-11-27 07:37:00,2021-11-27 06:20:00,2024-09-18 04:24:26.072181
370541,419076,623,Delivered,34,53.0,56154,2021-11-19 16:47:00,2021-11-19 15:54:00,2023-04-21 16:15:17.330562
370542,419077,1540,Delivered,16,21.0,199107,2021-12-27 07:00:00,2021-12-27 06:39:00,2022-02-16 03:33:39.002458
370543,419079,1398,Delivered,19,10.0,72934,2021-10-12 19:26:00,2021-10-12 19:16:00,2024-10-16 13:18:31.842801
370544,419080,1401,Delivered,39,39.0,72934,2021-09-29 15:10:00,2021-09-29 14:31:00,2023-12-14 15:00:05.750188
370545,419081,1371,Delivered,23,33.0,140082,2021-12-02 21:59:00,2021-12-02 21:26:00,2024-01-08 10:37:59.053584
370546,419082,1414,Delivered,44,60.0,140082,2021-08-20 23:46:00,2021-08-20 22:46:00,2024-04-17 05:45:08.451098
370547,419083,625,Delivered,24,28.0,189274,2021-09-01 22:06:00,2021-09-01 21:38:00,2023-08-08 01:35:51.398004
370548,419084,2239,Delivered,43,37.0,183660,2021-12-20 15:35:00,2021-12-20 14:58:00,2022-06-29 06:48:33.409549
370549,419085,2235,Delivered,15,26.0,183660,2021-11-17 08:02:00,2021-11-17 07:36:00,2023-06-23 10:17:20.400196
370550,419086,4242,Delivered,54,48.0,124542,2021-11-27 19:42:00,2021-11-27 18:54:00,2025-04-13 19:48:23.810762
370551,419088,4187,Delivered,32,52.0,124542,2021-12-29 14:12:00,2021-12-29 13:20:00,2024-05-28 04:52:05.961425
370552,419089,3206,Delivered,23,40.0,198181,2021-12-20 23:19:00,2021-12-20 22:39:00,2023-07-03 01:42:06.274143
370553,419090,3255,Delivered,53,50.0,198181,2021-10-05 20:33:00,2021-10-05 19:43:00,2024-01-16 22:47:37.888963
370554,419091,3233,Returned,48,46.0,198181,2021-08-31 17:38:00,2021-08-31 16:52:00,2023-05-21 08:42:14.887298
370555,419094,751,Delivered,33,25.0,67797,2021-10-12 15:23:00,2021-10-12 14:58:00,2023-01-25 12:04:59.741771
370556,419095,751,Delivered,25,35.0,67797,2021-10-07 21:25:00,2021-10-07 20:50:00,2024-02-25 11:20:51.125353
370557,419096,1557,Delivered,50,69.0,68938,2021-01-18 22:30:00,2021-01-18 21:21:00,2023-06-09 16:04:19.731560
370558,419097,1507,Delivered,52,46.0,68938,2021-05-24 07:35:00,2021-05-24 06:49:00,2021-12-14 09:16:13.815267
370559,419098,4132,Delivered,33,42.0,43045,2021-10-24 16:53:00,2021-10-24 16:11:00,2023-09-26 21:36:38.848056
370560,419100,1198,Delivered,52,52.0,128937,2021-12-29 18:33:00,2021-12-29 17:41:00,2024-05-31 01:01:40.819662
370561,419102,3250,Delivered,26,25.0,52014,2021-10-24 22:24:00,2021-10-24 21:59:00,2025-03-22 08:17:56.694506
370562,419103,2324,Returned,32,46.0,126966,2021-10-31 21:46:00,2021-10-31 21:00:00,2025-03-01 10:06:01.260609
370563,419104,1566,Delivered,31,41.0,196584,2021-10-06 13:39:00,2021-10-06 12:58:00,2024-08-25 01:25:25.558468
370564,419105,1566,Delivered,15,13.0,196584,2021-07-09 09:25:00,2021-07-09 09:12:00,2023-06-10 14:09:52.205132
370565,419106,2047,Delivered,50,40.0,16170,2021-07-24 22:24:00,2021-07-24 21:44:00,2022-01-17 16:33:51.923561
370566,419107,1970,Delivered,31,44.0,16170,2021-09-15 13:54:00,2021-09-15 13:10:00,2024-07-14 07:34:12.342138
370567,419108,1365,Delivered,39,44.0,126994,2021-12-08 23:23:00,2021-12-08 22:39:00,2022-09-20 23:07:21.844222
370568,419109,3177,Delivered,32,61.0,118873,2021-10-01 21:35:00,2021-10-01 20:34:00,2025-02-21 00:56:58.088702
370569,419110,3230,Delivered,41,38.0,118873,2021-06-05 12:44:00,2021-06-05 12:06:00,2024-02-21 14:06:30.960297
370570,419112,1242,Returned,27,30.0,137206,2021-12-05 13:23:00,2021-12-05 12:53:00,2022-04-20 19:39:15.928824
370571,419113,1242,Delivered,15,10.0,137206,2021-12-25 22:41:00,2021-12-25 22:31:00,2023-02-03 08:48:13.586446
370572,419114,3255,Delivered,50,76.0,58437,2021-11-17 16:06:00,2021-11-17 14:50:00,2024-11-04 03:25:23.173658
370573,419116,3162,Delivered,23,32.0,77742,2021-11-03 15:00:00,2021-11-03 14:28:00,2023-12-22 02:27:48.898978
370574,419117,2242,Returned,32,24.0,159632,2021-12-02 13:18:00,2021-12-02 12:54:00,2024-03-29 02:02:09.886268
370575,419118,2293,Delivered,44,41.0,159632,2021-04-12 08:49:00,2021-04-12 08:08:00,2022-03-21 16:54:37.417979
370576,419119,2296,Delivered,25,25.0,159632,2021-03-17 23:24:00,2021-03-17 22:59:00,2022-06-24 15:11:19.311482
370577,419120,3255,Delivered,37,29.0,4920,2021-10-31 21:11:00,2021-10-31 20:42:00,2021-11-17 00:19:15.999289
370578,419121,3255,Delivered,25,18.0,4920,2021-09-19 13:58:00,2021-09-19 13:40:00,2025-03-21 16:10:12.502995
370579,419122,4413,Delivered,38,43.0,170722,2021-12-18 22:42:00,2021-12-18 21:59:00,2022-05-01 21:26:44.527897
370580,419123,4479,Delivered,15,14.0,170722,2021-08-30 18:28:00,2021-08-30 18:14:00,2025-04-02 15:03:37.486457
370581,419124,1242,Delivered,25,29.0,93621,2021-12-05 12:48:00,2021-12-05 12:19:00,2022-11-12 12:52:00.108770
370582,419125,4523,Delivered,43,52.0,142874,2021-08-30 08:18:00,2021-08-30 07:26:00,2023-12-21 13:04:10.894571
370583,419126,1196,Returned,31,35.0,117652,2021-12-25 11:53:00,2021-12-25 11:18:00,2022-05-11 04:36:07.270154
370584,419127,3233,Delivered,21,30.0,82371,2021-06-06 14:30:00,2021-06-06 14:00:00,2024-06-22 02:24:56.933783
370585,419128,1168,Delivered,48,40.0,105904,2021-11-19 14:54:00,2021-11-19 14:14:00,2024-06-10 19:31:01.353500
370586,419129,4194,Delivered,26,17.0,48079,2021-12-06 19:07:00,2021-12-06 18:50:00,2023-11-08 12:59:56.224093
370587,419130,4258,Delivered,18,41.0,48079,2021-09-04 23:01:00,2021-09-04 22:20:00,2023-04-09 16:45:00.226615
370588,419131,4412,Delivered,44,50.0,53909,2021-09-19 22:14:00,2021-09-19 21:24:00,2023-09-04 14:29:34.055929
370589,419132,4407,Delivered,30,59.0,53909,2021-06-12 22:42:00,2021-06-12 21:43:00,2023-07-26 02:18:08.297521
370590,419133,4407,Delivered,41,31.0,190284,2021-06-03 22:56:00,2021-06-03 22:25:00,2024-03-18 08:51:52.943869
370591,419135,4463,Delivered,27,21.0,190284,2021-01-28 14:52:00,2021-01-28 14:31:00,2024-05-06 16:55:09.496445
370592,419136,4265,Delivered,34,59.0,750,2021-07-13 07:46:00,2021-07-13 06:47:00,2024-09-30 13:29:40.218421
370593,419137,4551,Delivered,27,23.0,107276,2021-12-08 18:09:00,2021-12-08 17:46:00,2024-05-01 15:45:46.888405
370594,419138,1551,Returned,28,57.0,123270,2021-10-04 16:02:00,2021-10-04 15:05:00,2023-10-21 16:07:11.751367
370595,419139,1529,Delivered,35,39.0,123270,2021-11-25 09:59:00,2021-11-25 09:20:00,2025-01-10 21:51:21.371958
370596,419140,2339,Delivered,35,58.0,85933,2021-07-13 07:44:00,2021-07-13 06:46:00,2023-12-14 12:01:03.783190
370597,419141,2300,Delivered,31,23.0,85933,2021-12-26 15:31:00,2021-12-26 15:08:00,2025-03-20 13:06:28.298071
370598,419142,2347,Delivered,53,54.0,85933,2021-07-26 14:51:00,2021-07-26 13:57:00,2025-03-14 13:54:23.878624
370599,419143,1480,Delivered,40,55.0,200246,2021-12-04 20:23:00,2021-12-04 19:28:00,2024-09-02 22:14:25.815884
370600,419144,1502,Delivered,42,50.0,200246,2021-12-01 14:25:00,2021-12-01 13:35:00,2023-03-26 01:33:17.892980
370601,419145,4219,Delivered,50,48.0,120283,2021-10-30 09:42:00,2021-10-30 08:54:00,2023-09-18 14:01:06.497917
370602,419146,4194,Delivered,47,43.0,120283,2021-11-25 09:59:00,2021-11-25 09:16:00,2022-04-29 13:06:38.272093
370603,419148,1566,Delivered,39,52.0,198269,2021-08-30 21:51:00,2021-08-30 20:59:00,2023-08-04 00:16:01.819808
370604,419149,1551,Delivered,48,43.0,134950,2021-12-19 08:21:00,2021-12-19 07:38:00,2023-10-05 14:31:43.052488
370605,419150,1576,Delivered,40,49.0,134950,2021-08-06 18:50:00,2021-08-06 18:01:00,2022-10-05 11:16:54.268890
370606,419151,2296,Delivered,36,27.0,198558,2021-01-08 09:12:00,2021-01-08 08:45:00,2022-05-30 23:45:05.029057
370607,419152,2357,Delivered,26,31.0,198558,2021-07-24 09:14:00,2021-07-24 08:43:00,2023-04-19 17:45:02.878361
370608,419153,2296,Delivered,47,42.0,198558,2021-01-08 07:44:00,2021-01-08 07:02:00,2021-12-13 13:31:52.231332
370609,419154,2080,Delivered,55,51.0,136475,2021-12-28 07:09:00,2021-12-28 06:18:00,2024-08-21 11:39:47.414715
370610,419155,656,Returned,46,38.0,14548,2021-12-26 10:12:00,2021-12-26 09:34:00,2024-09-17 16:30:27.719491
370611,419156,751,Delivered,46,51.0,65604,2021-08-07 23:43:00,2021-08-07 22:52:00,2023-08-06 12:07:16.008171
370612,419157,753,Returned,29,29.0,65604,2021-11-01 21:58:00,2021-11-01 21:29:00,2023-06-02 21:07:52.973128
370613,419158,625,Delivered,15,19.0,49122,2021-09-15 22:58:00,2021-09-15 22:39:00,2023-05-24 07:31:47.406097
370614,419159,625,Delivered,24,31.0,49122,2021-10-15 00:02:00,2021-10-14 23:31:00,2022-06-04 00:32:24.808378
370615,419160,1377,Delivered,15,11.0,85913,2021-12-29 23:58:00,2021-12-29 23:47:00,2023-12-19 23:40:01.897611
370616,419161,1414,Delivered,49,68.0,85913,2021-12-10 15:55:00,2021-12-10 14:47:00,2023-04-06 20:49:39.924249
370617,419162,1377,Delivered,33,27.0,85913,2021-12-17 18:05:00,2021-12-17 17:38:00,2022-04-23 23:34:05.581137
370618,419163,1168,Returned,22,26.0,198319,2021-11-15 14:40:00,2021-11-15 14:14:00,2023-01-29 12:09:13.768440
370619,419164,1540,Delivered,15,10.0,586,2021-03-15 23:57:00,2021-03-15 23:47:00,2022-12-27 18:02:29.879836
370620,419165,1509,Delivered,55,60.0,586,2021-03-08 13:27:00,2021-03-08 12:27:00,2022-09-19 12:55:42.874360
370621,419166,1509,Delivered,22,26.0,586,2021-04-06 23:20:00,2021-04-06 22:54:00,2022-09-14 02:58:15.105772
370622,419167,3255,Delivered,23,21.0,71182,2021-08-29 13:00:00,2021-08-29 12:39:00,2024-09-30 20:49:16.588637
370623,419169,1993,Delivered,36,65.0,62273,2021-10-13 22:52:00,2021-10-13 21:47:00,2022-02-13 00:47:39.612211
370624,419170,2070,Delivered,31,39.0,62273,2021-11-13 13:22:00,2021-11-13 12:43:00,2022-05-09 20:36:46.608260
370625,419171,1576,Delivered,43,63.0,592,2021-11-15 09:00:00,2021-11-15 07:57:00,2024-01-17 14:07:29.807387
370626,419172,1485,Delivered,31,28.0,592,2021-12-13 13:39:00,2021-12-13 13:11:00,2024-08-07 13:37:05.833633
370627,419173,1504,Delivered,26,46.0,592,2021-11-06 23:59:00,2021-11-06 23:13:00,2024-01-06 17:00:33.771805
370628,419174,1979,Delivered,49,62.0,64584,2021-11-26 23:20:00,2021-11-26 22:18:00,2022-03-08 16:58:14.129221
370629,419175,1970,Delivered,46,46.0,64584,2021-12-03 22:44:00,2021-12-03 21:58:00,2024-03-17 03:51:14.067077
370630,419176,2321,Delivered,27,26.0,86677,2021-10-20 06:51:00,2021-10-20 06:25:00,2025-04-21 19:41:55.351110
370631,419177,2321,Delivered,40,41.0,86677,2021-12-24 13:14:00,2021-12-24 12:33:00,2022-12-03 05:38:21.790997
370632,419178,2304,Delivered,47,42.0,86677,2021-10-25 23:14:00,2021-10-25 22:32:00,2022-12-26 06:38:02.467451
370633,419179,2339,Delivered,43,63.0,168956,2021-09-22 11:25:00,2021-09-22 10:22:00,2023-02-16 18:38:35.001800
370634,419180,2304,Delivered,47,67.0,168956,2021-09-24 00:01:00,2021-09-23 22:54:00,2023-02-20 15:00:31.585283
370635,419181,3196,Delivered,41,50.0,145090,2021-10-11 19:58:00,2021-10-11 19:08:00,2024-02-16 08:17:34.508785
370636,419182,3169,Delivered,54,59.0,145090,2021-11-02 21:47:00,2021-11-02 20:48:00,2022-06-06 22:06:54.940078
370637,419183,3136,Delivered,28,36.0,145090,2021-10-28 22:35:00,2021-10-28 21:59:00,2023-02-13 13:53:55.038037
370638,419184,3210,Delivered,36,27.0,76942,2021-12-02 19:34:00,2021-12-02 19:07:00,2022-04-06 22:25:00.068839
370639,419186,4557,Delivered,44,49.0,199900,2021-11-18 07:09:00,2021-11-18 06:20:00,2024-12-20 21:01:58.614484
370640,419187,4506,Delivered,19,19.0,199900,2021-11-23 19:58:00,2021-11-23 19:39:00,2022-04-21 18:41:00.346206
370641,419188,1993,Delivered,27,18.0,9289,2021-12-25 15:38:00,2021-12-25 15:20:00,2023-10-29 20:26:43.575837
370642,419190,1984,Delivered,42,43.0,9289,2021-12-20 20:55:00,2021-12-20 20:12:00,2022-06-12 04:48:50.266528
370643,419191,1191,Delivered,19,37.0,120156,2021-12-21 21:28:00,2021-12-21 20:51:00,2024-06-04 05:45:23.584253
370644,419194,1562,Delivered,45,43.0,73852,2021-12-13 13:43:00,2021-12-13 13:00:00,2024-10-26 19:43:12.062840
370645,419195,4509,Delivered,49,57.0,89220,2021-05-11 21:30:00,2021-05-11 20:33:00,2024-11-11 14:41:27.101979
370646,419196,3182,Delivered,49,50.0,181224,2021-11-23 21:53:00,2021-11-23 21:03:00,2023-10-18 20:27:12.380677
370647,419197,3233,Delivered,44,61.0,181224,2021-09-19 20:44:00,2021-09-19 19:43:00,2024-08-27 22:01:11.083427
370648,419198,3261,Delivered,30,24.0,181224,2021-12-22 15:08:00,2021-12-22 14:44:00,2024-01-12 06:37:50.818298
370649,419199,4172,Delivered,42,40.0,114488,2021-10-17 20:43:00,2021-10-17 20:03:00,2024-09-21 22:57:07.608767
370650,419200,4252,Delivered,55,58.0,32382,2021-12-16 20:58:00,2021-12-16 20:00:00,2024-02-18 22:07:30.477037
370651,419202,4440,Delivered,22,31.0,90033,2021-10-30 20:42:00,2021-10-30 20:11:00,2024-06-04 22:56:13.889658
370652,419203,4380,Delivered,26,47.0,90033,2021-09-25 23:49:00,2021-09-25 23:02:00,2023-06-23 08:08:18.222627
370653,419204,2062,Delivered,45,35.0,189743,2021-09-05 20:06:00,2021-09-05 19:31:00,2024-05-08 07:01:41.858805
370654,419205,656,Delivered,47,56.0,147171,2021-10-25 07:34:00,2021-10-25 06:38:00,2024-08-19 00:41:50.556022
370655,419206,4172,Delivered,37,56.0,147172,2021-12-03 21:12:00,2021-12-03 20:16:00,2024-09-23 06:30:45.599412
370656,419207,4381,Delivered,24,39.0,114500,2021-11-01 20:28:00,2021-11-01 19:49:00,2024-07-14 03:06:34.270263
370657,419208,4440,Delivered,37,57.0,114500,2021-12-08 22:56:00,2021-12-08 21:59:00,2022-08-01 00:37:41.283529
370658,419209,4450,Delivered,30,40.0,114500,2021-10-28 21:16:00,2021-10-28 20:36:00,2024-11-07 11:19:27.329401
370659,419210,4611,Delivered,18,11.0,50431,2021-11-08 12:52:00,2021-11-08 12:41:00,2023-12-01 22:25:10.026708
370660,419211,4485,Delivered,33,61.0,50431,2021-10-10 21:01:00,2021-10-10 20:00:00,2022-02-15 06:38:42.222405
370661,419212,1497,Delivered,20,41.0,109710,2021-11-30 22:13:00,2021-11-30 21:32:00,2021-12-27 23:44:09.889532
370662,419213,1566,Delivered,47,55.0,109710,2021-09-20 07:24:00,2021-09-20 06:29:00,2022-09-18 13:35:59.989578
370663,419214,1414,Delivered,24,15.0,188888,2021-12-19 13:16:00,2021-12-19 13:01:00,2023-10-09 23:28:37.559075
370664,419215,1414,Returned,19,20.0,188888,2021-12-27 14:18:00,2021-12-27 13:58:00,2024-07-16 11:14:04.291429
370665,419216,1458,Delivered,55,51.0,80520,2021-12-01 14:10:00,2021-12-01 13:19:00,2023-05-23 02:53:04.750055
370666,419217,3233,Failed,44,,181754,,2021-12-15 22:43:00,2024-01-29 19:05:43.288693
370667,419218,3182,Delivered,25,40.0,181754,2021-10-27 20:11:00,2021-10-27 19:31:00,2023-01-01 16:12:46.220117
370668,419219,1504,Delivered,48,42.0,55497,2021-09-30 18:28:00,2021-09-30 17:46:00,2023-03-03 09:23:04.118781
370669,419220,1507,Delivered,43,49.0,55497,2021-10-22 08:54:00,2021-10-22 08:05:00,2023-01-28 11:49:57.396019
370670,419221,1502,Delivered,27,27.0,171715,2021-12-10 13:13:00,2021-12-10 12:46:00,2022-10-27 11:27:50.667573
370671,419222,4242,Delivered,40,31.0,5974,2021-08-28 07:40:00,2021-08-28 07:09:00,2025-03-20 22:46:53.556809
370672,419223,4150,Delivered,48,55.0,5974,2021-08-29 16:46:00,2021-08-29 15:51:00,2022-12-25 10:35:17.651819
370673,419224,4172,Delivered,34,43.0,5974,2021-11-03 16:27:00,2021-11-03 15:44:00,2023-11-17 13:05:38.275625
370674,419225,1138,Delivered,34,58.0,16478,2021-12-23 22:18:00,2021-12-23 21:20:00,2024-01-24 11:38:13.102898
370675,419226,3196,Delivered,15,24.0,141447,2021-10-07 15:58:00,2021-10-07 15:34:00,2022-08-09 02:04:57.656645
370676,419227,2271,Delivered,50,46.0,3398,2021-10-22 23:24:00,2021-10-22 22:38:00,2024-05-01 01:25:09.661357
370677,419229,2016,Delivered,22,27.0,122850,2021-12-12 22:40:00,2021-12-12 22:13:00,2022-07-18 15:21:38.836746
370678,419230,2047,Delivered,22,27.0,122850,2021-12-18 12:39:00,2021-12-18 12:12:00,2022-08-16 01:45:06.461175
370679,419231,2034,Returned,25,36.0,122850,2021-12-24 08:53:00,2021-12-24 08:17:00,2022-03-01 12:44:44.243493
370680,419232,4269,Delivered,44,47.0,140196,2021-08-21 08:05:00,2021-08-21 07:18:00,2024-05-24 14:32:30.362893
370681,419233,4187,Failed,25,,140196,,2021-12-04 17:45:00,2024-09-09 18:51:03.979306
370682,419234,4463,Delivered,53,54.0,141955,2021-01-24 16:19:00,2021-01-24 15:25:00,2023-03-08 11:40:28.440959
370683,419235,4412,Delivered,15,12.0,188819,2021-10-06 21:14:00,2021-10-06 21:02:00,2022-02-26 02:06:18.993084
370684,419236,4417,Delivered,38,34.0,188819,2021-03-26 21:40:00,2021-03-26 21:06:00,2022-06-10 21:14:42.780296
370685,419237,4407,Delivered,35,36.0,188819,2021-09-09 07:40:00,2021-09-09 07:04:00,2023-07-09 13:09:41.218550
370686,419238,2070,Delivered,43,39.0,51774,2021-09-21 22:41:00,2021-09-21 22:02:00,2023-09-23 09:00:11.758599
370687,419239,2002,Delivered,46,42.0,51774,2021-10-07 17:57:00,2021-10-07 17:15:00,2024-02-09 11:55:28.436669
370688,419240,1968,Delivered,47,51.0,139758,2021-09-12 23:46:00,2021-09-12 22:55:00,2022-11-21 07:06:14.446369
370689,419242,2053,Delivered,44,44.0,139758,2021-11-19 21:25:00,2021-11-19 20:41:00,2024-09-17 12:42:57.437180
370690,419243,1242,Delivered,38,41.0,37570,2021-12-15 15:33:00,2021-12-15 14:52:00,2024-02-27 22:21:05.237325
370691,419246,2053,Returned,34,44.0,93770,2021-09-05 17:11:00,2021-09-05 16:27:00,2024-04-08 07:52:59.617066
370692,419247,2070,Delivered,33,34.0,101024,2021-12-25 00:33:00,2021-12-24 23:59:00,2024-06-02 19:39:29.161674
370693,419248,2014,Delivered,40,45.0,101024,2021-12-21 23:55:00,2021-12-21 23:10:00,2023-09-07 03:12:47.826162
370694,419249,2016,Delivered,41,31.0,101024,2021-12-23 23:23:00,2021-12-23 22:52:00,2023-03-23 22:46:45.571014
370695,419250,3177,Delivered,25,45.0,160936,2021-12-29 21:17:00,2021-12-29 20:32:00,2024-01-11 07:35:06.741252
370696,419251,3236,Delivered,37,31.0,160936,2021-12-30 18:32:00,2021-12-30 18:01:00,2024-09-05 01:50:39.090835
370697,419252,3243,Delivered,47,53.0,160936,2021-12-27 11:26:00,2021-12-27 10:33:00,2024-12-28 03:31:59.921538
370698,419253,2304,Delivered,25,33.0,107232,2021-12-25 05:36:00,2021-12-25 05:03:00,2023-01-21 10:32:16.666111
370699,419254,2316,Delivered,29,23.0,107232,2021-12-19 14:15:00,2021-12-19 13:52:00,2024-06-03 16:44:29.711820
370700,419255,2350,Delivered,43,53.0,107232,2021-12-27 15:00:00,2021-12-27 14:07:00,2025-03-27 02:21:54.417909
370701,419256,2053,Returned,53,58.0,36187,2021-12-31 14:24:00,2021-12-31 13:26:00,2022-01-14 06:42:51.211222
370702,419257,2002,Delivered,31,25.0,36187,2021-09-11 18:46:00,2021-09-11 18:21:00,2023-08-29 12:55:28.631649
370703,419258,4417,Delivered,47,47.0,84890,2021-12-31 23:53:00,2021-12-31 23:06:00,2022-05-27 18:09:50.764354
370704,419259,2310,Delivered,22,30.0,116890,2021-09-06 19:42:00,2021-09-06 19:12:00,2023-08-28 08:51:34.695959
370705,419260,2242,Delivered,18,13.0,116890,2021-11-26 21:52:00,2021-11-26 21:39:00,2022-02-10 13:54:17.144260
370706,419261,2357,Failed,15,,116890,,2021-12-11 20:04:00,2023-01-29 17:18:44.714786
370707,419262,4485,Delivered,38,47.0,193057,2021-08-19 17:49:00,2021-08-19 17:02:00,2022-12-28 03:29:28.993677
370708,419263,4520,Delivered,44,44.0,193057,2021-12-20 17:02:00,2021-12-20 16:18:00,2024-05-30 02:47:57.496249
370709,419264,4516,Delivered,20,13.0,193057,2021-10-27 13:19:00,2021-10-27 13:06:00,2023-04-17 22:52:04.237500
370710,419265,3263,Returned,19,34.0,3798,2021-07-29 15:04:00,2021-07-29 14:30:00,2021-08-01 00:15:29.343093
370711,419266,3218,Returned,46,50.0,3798,2021-12-06 15:11:00,2021-12-06 14:21:00,2023-12-23 22:48:27.908418
370712,419267,3149,Delivered,47,57.0,3798,2021-10-17 15:59:00,2021-10-17 15:02:00,2022-03-20 02:45:31.228734
370713,419269,2239,Delivered,30,24.0,123096,2021-11-19 20:52:00,2021-11-19 20:28:00,2022-12-30 05:19:54.701173
370714,419270,4172,Delivered,54,62.0,13586,2021-12-28 17:35:00,2021-12-28 16:33:00,2025-03-06 13:22:34.822609
370715,419271,4187,Delivered,19,41.0,13586,2021-10-30 16:47:00,2021-10-30 16:06:00,2022-10-15 05:47:19.318403
370716,419272,4413,Delivered,45,35.0,128881,2021-12-16 12:25:00,2021-12-16 11:50:00,2023-07-06 03:17:11.494499
370717,419273,4440,Delivered,22,25.0,128881,2021-12-08 23:24:00,2021-12-08 22:59:00,2023-04-24 08:55:56.722061
370718,419274,4481,Delivered,53,56.0,128881,2021-12-16 13:41:00,2021-12-16 12:45:00,2023-02-03 03:29:25.007639
370719,419275,751,Delivered,25,26.0,54038,2021-12-22 10:32:00,2021-12-22 10:06:00,2024-04-15 23:48:42.558350
370720,419276,748,Delivered,48,71.0,54038,2021-12-13 00:06:00,2021-12-12 22:55:00,2023-01-18 06:35:15.831319
370721,419279,3210,Delivered,27,51.0,149796,2021-02-07 15:07:00,2021-02-07 14:16:00,2024-09-25 03:50:43.426040
370722,419280,625,Delivered,38,47.0,18701,2021-09-01 21:36:00,2021-09-01 20:49:00,2023-07-30 21:22:05.775191
370723,419281,1365,Delivered,31,59.0,169828,2021-10-21 14:35:00,2021-10-21 13:36:00,2024-02-07 08:18:30.044410
370724,419282,4486,Delivered,54,67.0,168527,2021-11-26 08:31:00,2021-11-26 07:24:00,2025-04-27 02:10:51.007527
370725,419283,1362,Delivered,21,22.0,170570,2021-08-09 20:21:00,2021-08-09 19:59:00,2021-08-21 22:23:28.310566
370726,419284,1371,Delivered,35,42.0,170570,2021-07-30 22:21:00,2021-07-30 21:39:00,2024-02-22 05:02:49.814587
370727,419285,1509,Delivered,27,47.0,197205,2021-12-01 14:10:00,2021-12-01 13:23:00,2025-01-03 18:30:13.671217
370728,419286,1529,Delivered,40,30.0,197205,2021-11-30 20:44:00,2021-11-30 20:14:00,2024-07-08 15:04:52.817141
370729,419287,1485,Delivered,35,31.0,197205,2021-11-03 07:51:00,2021-11-03 07:20:00,2023-06-14 14:31:02.186476
370730,419288,734,Delivered,29,27.0,56970,2021-11-24 10:52:00,2021-11-24 10:25:00,2022-08-13 18:05:58.639037
370731,419291,4238,Delivered,46,36.0,37676,2021-11-24 17:16:00,2021-11-24 16:40:00,2023-02-18 04:12:03.111663
370732,419293,4179,Delivered,53,46.0,37676,2021-12-14 14:41:00,2021-12-14 13:55:00,2022-11-13 11:03:26.596616
370733,419294,623,Delivered,34,43.0,102444,2021-12-08 20:56:00,2021-12-08 20:13:00,2024-06-17 01:34:21.986719
370734,419295,656,Delivered,42,40.0,102444,2021-11-26 20:55:00,2021-11-26 20:15:00,2024-04-12 14:27:06.087661
370735,419296,1494,Delivered,20,17.0,133603,2021-12-09 21:30:00,2021-12-09 21:13:00,2023-03-01 19:23:29.400951
370736,419297,1562,Delivered,24,30.0,133603,2021-12-26 20:24:00,2021-12-26 19:54:00,2022-08-16 21:21:35.438000
370737,419298,1485,Failed,18,,12088,,2021-12-22 18:45:00,2022-11-24 23:05:15.642174
370738,419299,1551,Delivered,23,15.0,12088,2021-12-14 08:48:00,2021-12-14 08:33:00,2024-07-31 21:33:17.829993
370739,419300,626,Delivered,32,59.0,182134,2021-12-14 14:25:00,2021-12-14 13:26:00,2024-07-25 20:42:40.531697
370740,419301,725,Delivered,23,50.0,182134,2021-12-12 22:31:00,2021-12-12 21:41:00,2022-11-08 17:43:19.024363
370741,419302,751,Returned,35,29.0,182134,2021-12-12 21:00:00,2021-12-12 20:31:00,2024-07-31 05:18:51.723814
370742,419304,3150,Delivered,19,25.0,51230,2021-09-08 12:37:00,2021-09-08 12:12:00,2024-04-14 11:08:57.632442
370743,419305,1445,Delivered,40,39.0,124537,2021-12-22 13:04:00,2021-12-22 12:25:00,2024-01-01 21:49:29.109878
370744,419306,4187,Delivered,54,59.0,115165,2021-10-08 17:08:00,2021-10-08 16:09:00,2025-02-17 23:40:40.998094
370745,419307,1362,Delivered,52,81.0,81167,2021-09-02 22:28:00,2021-09-02 21:07:00,2023-06-26 23:57:56.777921
370746,419308,1365,Delivered,48,74.0,81167,2021-10-22 21:45:00,2021-10-22 20:31:00,2023-10-21 04:21:57.861883
370747,419309,3136,Delivered,40,46.0,163639,2021-08-12 14:19:00,2021-08-12 13:33:00,2022-04-19 06:24:25.857748
370748,419310,1138,Delivered,42,50.0,173328,2021-12-20 19:14:00,2021-12-20 18:24:00,2022-08-10 01:39:08.894357
370749,419312,1242,Delivered,39,47.0,173328,2021-12-21 16:42:00,2021-12-21 15:55:00,2022-11-16 08:38:37.132877
370750,419313,4394,Delivered,50,76.0,15425,2021-09-19 21:34:00,2021-09-19 20:18:00,2022-10-20 12:23:51.470640
370751,419314,4423,Returned,47,49.0,15425,2021-12-27 21:23:00,2021-12-27 20:34:00,2023-03-12 11:19:40.290606
370752,419315,4179,Failed,18,,100369,,2021-12-14 21:36:00,2024-04-13 22:59:57.802103
370753,419316,4265,Delivered,49,58.0,100369,2021-12-20 11:36:00,2021-12-20 10:38:00,2022-07-08 11:46:33.837187
370754,419317,3139,Delivered,29,48.0,5170,2021-12-14 20:16:00,2021-12-14 19:28:00,2023-09-27 12:53:03.510045
370755,419318,3250,Delivered,24,25.0,149764,2021-09-21 13:43:00,2021-09-21 13:18:00,2025-04-08 14:56:08.833263
370756,419319,3182,Delivered,55,62.0,149764,2021-10-28 21:56:00,2021-10-28 20:54:00,2024-08-19 23:10:51.688904
370757,419320,3149,Delivered,55,49.0,149764,2021-11-11 20:47:00,2021-11-11 19:58:00,2023-12-20 21:42:02.158471
370758,419321,2080,Returned,22,27.0,48454,2021-12-31 09:07:00,2021-12-31 08:40:00,2022-10-24 00:20:36.098851
370759,419322,2047,Delivered,26,45.0,48454,2021-12-23 14:41:00,2021-12-23 13:56:00,2024-09-10 18:44:15.951130
370760,419323,1979,Delivered,45,39.0,48454,2021-11-30 17:51:00,2021-11-30 17:12:00,2024-07-16 08:16:20.033603
370761,419324,4450,Delivered,46,55.0,9162,2021-11-10 00:26:00,2021-11-09 23:31:00,2024-12-09 04:24:18.528756
370762,419326,1504,Delivered,45,52.0,134467,2021-12-20 07:15:00,2021-12-20 06:23:00,2022-04-26 06:02:42.133014
370763,419327,1362,Delivered,25,21.0,105650,2021-08-21 19:21:00,2021-08-21 19:00:00,2024-08-24 18:22:39.281455
370764,419328,1371,Delivered,22,36.0,105650,2021-08-26 21:09:00,2021-08-26 20:33:00,2023-06-08 05:47:50.491307
370765,419329,1414,Delivered,46,47.0,105650,2021-10-10 22:47:00,2021-10-10 22:00:00,2022-09-25 18:07:41.794863
370766,419330,2000,Delivered,47,47.0,72478,2021-11-15 23:53:00,2021-11-15 23:06:00,2023-05-07 22:43:37.367824
370767,419331,1984,Delivered,45,68.0,72478,2021-11-11 15:08:00,2021-11-11 14:00:00,2022-06-12 11:47:39.026523
370768,419332,1365,Delivered,45,35.0,151741,2021-12-28 15:05:00,2021-12-28 14:30:00,2023-10-10 16:26:11.282618
370769,419333,4150,Delivered,35,33.0,23264,2021-09-01 08:35:00,2021-09-01 08:02:00,2022-10-17 12:00:33.712980
370770,419334,748,Delivered,25,26.0,34976,2021-12-28 12:44:00,2021-12-28 12:18:00,2023-11-12 06:19:36.519007
370771,419335,685,Delivered,16,16.0,34976,2021-12-24 06:49:00,2021-12-24 06:33:00,2025-02-24 17:47:23.542603
370772,419336,3154,Delivered,41,57.0,12456,2021-12-31 22:36:00,2021-12-31 21:39:00,2023-11-22 21:59:44.762174
370773,419337,3149,Delivered,50,42.0,12456,2021-12-12 17:45:00,2021-12-12 17:03:00,2023-11-07 09:38:52.041197
370774,419338,3253,Delivered,20,12.0,12456,2021-12-22 17:31:00,2021-12-22 17:19:00,2022-09-20 23:00:53.148927
370775,419339,1576,Delivered,32,38.0,122050,2021-10-26 23:47:00,2021-10-26 23:09:00,2023-03-26 11:09:46.680701
370776,419340,2339,Returned,28,36.0,184360,2021-08-20 06:42:00,2021-08-20 06:06:00,2022-03-05 18:49:45.936454
370777,419341,2356,Delivered,28,47.0,184360,2021-08-14 13:17:00,2021-08-14 12:30:00,2022-02-27 15:37:35.341764
370778,419342,2321,Delivered,27,28.0,184360,2021-10-29 19:28:00,2021-10-29 19:00:00,2022-04-20 16:41:02.885634
370779,419343,4132,Delivered,44,44.0,50378,2021-08-10 13:58:00,2021-08-10 13:14:00,2023-01-02 23:30:36.547190
370780,419344,4265,Delivered,50,60.0,50378,2021-06-29 08:47:00,2021-06-29 07:47:00,2025-04-20 23:20:36.374908
370781,419345,685,Delivered,36,37.0,157591,2021-11-18 10:08:00,2021-11-18 09:31:00,2023-08-29 21:51:58.097380
370782,419347,753,Delivered,45,48.0,157591,2021-10-23 15:21:00,2021-10-23 14:33:00,2023-08-08 09:13:03.461304
370783,419348,1398,Delivered,24,28.0,190388,2021-12-23 21:30:00,2021-12-23 21:02:00,2022-09-28 13:15:07.016102
370784,419349,2357,Delivered,32,31.0,31512,2021-08-22 23:00:00,2021-08-22 22:29:00,2021-09-24 18:37:21.829888
370785,419350,4238,Delivered,44,50.0,169109,2021-11-02 10:47:00,2021-11-02 09:57:00,2024-05-01 13:37:13.517990
370786,419351,4262,Delivered,41,31.0,169109,2021-11-14 14:24:00,2021-11-14 13:53:00,2023-07-03 20:23:12.814345
370787,419352,1371,Delivered,29,22.0,177073,2021-12-22 23:36:00,2021-12-22 23:14:00,2022-01-25 16:30:21.314281
370788,419353,1378,Delivered,25,50.0,177073,2021-12-15 15:07:00,2021-12-15 14:17:00,2024-09-15 18:38:52.901443
370789,419354,1440,Returned,53,80.0,177073,2021-12-19 15:27:00,2021-12-19 14:07:00,2022-08-18 16:39:19.289007
370790,419355,3255,Delivered,39,34.0,337,2021-08-20 15:12:00,2021-08-20 14:38:00,2022-05-29 01:16:11.220337
370791,419356,4537,Delivered,28,42.0,71585,2021-12-15 08:01:00,2021-12-15 07:19:00,2021-12-31 14:38:56.612700
370792,419357,753,Delivered,36,45.0,8440,2021-12-18 20:53:00,2021-12-18 20:08:00,2024-06-08 15:51:54.995493
370793,419358,625,Delivered,54,63.0,8440,2021-10-15 07:45:00,2021-10-15 06:42:00,2024-03-29 10:18:26.868880
370794,419359,751,Delivered,37,51.0,8440,2021-12-12 16:13:00,2021-12-12 15:22:00,2023-12-13 19:38:42.943678
370795,419360,2059,Delivered,24,18.0,196055,2021-12-23 21:23:00,2021-12-23 21:05:00,2024-03-21 00:03:40.871098
370796,419361,4537,Delivered,28,22.0,34401,2021-08-23 18:22:00,2021-08-23 18:00:00,2023-09-07 13:40:37.096263
370797,419363,1378,Delivered,39,44.0,8111,2021-09-30 20:08:00,2021-09-30 19:24:00,2024-04-15 16:59:52.653293
370798,419364,1401,Delivered,32,22.0,8111,2021-08-16 23:08:00,2021-08-16 22:46:00,2022-11-23 05:04:51.467972
370799,419365,1371,Delivered,45,49.0,123977,2021-12-06 19:07:00,2021-12-06 18:18:00,2023-06-19 00:22:58.532271
370800,419366,1474,Delivered,41,65.0,123977,2021-10-31 21:05:00,2021-10-31 20:00:00,2025-02-16 22:50:34.892980
370801,419367,1445,Delivered,46,44.0,123977,2021-12-02 18:35:00,2021-12-02 17:51:00,2024-12-16 03:48:02.261056
370802,419368,4149,Delivered,24,22.0,61058,2021-10-23 18:02:00,2021-10-23 17:40:00,2024-05-01 06:14:04.234884
370803,419369,3182,Delivered,28,30.0,38928,2021-11-10 22:57:00,2021-11-10 22:27:00,2025-04-29 10:02:28.888281
370804,419370,3169,Delivered,40,47.0,38928,2021-08-24 17:54:00,2021-08-24 17:07:00,2024-12-06 07:43:03.235558
370805,419371,2304,Delivered,54,54.0,86723,2021-12-15 21:52:00,2021-12-15 20:58:00,2024-01-11 17:12:35.933419
370806,419372,1138,Delivered,31,37.0,7264,2021-12-28 22:21:00,2021-12-28 21:44:00,2024-05-14 09:28:42.836303
370807,419373,4262,Delivered,23,27.0,49304,2021-06-21 11:54:00,2021-06-21 11:27:00,2025-02-13 01:58:59.820459
370808,419374,4265,Delivered,22,35.0,49304,2021-12-17 00:26:00,2021-12-16 23:51:00,2022-06-11 23:35:27.146857
370809,419375,4194,Delivered,28,23.0,49304,2021-10-27 18:29:00,2021-10-27 18:06:00,2022-01-18 10:13:06.267725
370810,419376,4553,Delivered,28,26.0,15297,2021-12-12 06:44:00,2021-12-12 06:18:00,2023-04-01 01:12:32.446497
370811,419379,623,Delivered,43,35.0,190068,2021-11-28 09:12:00,2021-11-28 08:37:00,2023-10-22 07:57:15.394818
370812,419380,1494,Delivered,15,13.0,149339,2021-12-21 14:54:00,2021-12-21 14:41:00,2022-04-22 05:49:56.318592
370813,419381,4149,Delivered,46,50.0,8327,2021-10-30 19:08:00,2021-10-30 18:18:00,2022-12-22 08:07:22.071902
370814,419382,4485,Delivered,34,60.0,142777,2021-12-03 19:05:00,2021-12-03 18:05:00,2024-06-23 14:33:42.282116
370815,419383,4614,Failed,34,,142777,,2021-11-15 06:21:00,2023-11-24 17:46:25.465323
370816,419384,4557,Delivered,19,14.0,142777,2021-11-08 06:18:00,2021-11-08 06:04:00,2024-06-09 01:39:46.908903
370817,419385,3250,Delivered,42,34.0,57451,2021-05-13 15:38:00,2021-05-13 15:04:00,2024-08-21 06:11:23.483799
370818,419387,4252,Delivered,26,23.0,112393,2021-11-03 08:51:00,2021-11-03 08:28:00,2022-11-06 19:36:17.676888
370819,419388,2316,Delivered,23,33.0,111723,2021-12-13 12:42:00,2021-12-13 12:09:00,2024-08-17 07:08:08.666874
370820,419390,3206,Delivered,25,29.0,44902,2021-05-29 12:35:00,2021-05-29 12:06:00,2021-11-09 11:22:00.441193
370821,419392,3247,Delivered,19,27.0,44902,2021-12-20 16:04:00,2021-12-20 15:37:00,2024-09-14 22:20:35.705315
370822,419393,1502,Delivered,28,26.0,196138,2021-12-23 09:10:00,2021-12-23 08:44:00,2022-12-14 06:55:37.023402
370823,419394,4523,Delivered,15,15.0,93543,2021-12-25 07:36:00,2021-12-25 07:21:00,2024-12-09 23:30:05.221530
370824,419396,4516,Delivered,44,74.0,93543,2021-09-06 18:36:00,2021-09-06 17:22:00,2022-07-08 01:40:35.760185
370825,419397,1191,Delivered,32,62.0,14974,2021-12-03 13:46:00,2021-12-03 12:44:00,2022-03-26 21:59:39.223516
370826,419398,1172,Delivered,31,25.0,14974,2021-12-07 16:18:00,2021-12-07 15:53:00,2022-05-21 18:56:41.301443
370827,419399,4479,Delivered,37,42.0,133489,2021-04-13 19:26:00,2021-04-13 18:44:00,2023-03-12 07:33:10.870253
370828,419400,4417,Failed,30,,133489,,2021-05-09 20:06:00,2022-07-09 02:16:10.021882
370829,419401,4423,Delivered,29,39.0,133489,2021-09-24 21:04:00,2021-09-24 20:25:00,2023-10-15 10:30:20.318131
370830,419402,4402,Delivered,18,24.0,176416,2021-03-17 15:11:00,2021-03-17 14:47:00,2022-04-03 09:24:28.035948
370831,419404,1374,Failed,20,,103834,,2021-09-22 20:25:00,2022-10-19 16:59:32.738496
370832,419405,2002,Returned,21,36.0,113383,2021-08-24 23:08:00,2021-08-24 22:32:00,2021-09-20 18:38:50.820306
370833,419406,2070,Delivered,22,23.0,113383,2021-09-27 13:29:00,2021-09-27 13:06:00,2023-03-21 16:07:51.352834
370834,419407,2047,Delivered,45,73.0,113383,2021-09-10 21:08:00,2021-09-10 19:55:00,2022-07-16 17:12:12.094425
