OrderItemID,OrderID,MenuItemID,Quantity,Price,Subtotal,Ratings,CreatedDate,ModifiedDate
749241,418750,30239,1,69,69,5.0,2021-07-06 22:49:00,2022-03-10 18:13:58.509059
749242,418750,30245,1,283,283,5.0,2021-07-06 22:49:00,2022-03-10 18:13:58.509059
749243,418750,30242,1,168,168,5.0,2021-07-06 22:49:00,2022-03-10 18:13:58.509059
749244,418751,5297,1,52,52,,2021-12-08 10:36:00,2023-05-31 13:50:16.173968
749245,418752,4528,2,179,358,5.0,2021-12-03 15:48:00,2023-06-21 23:24:19.385287
749246,418753,27977,2,371,742,,2021-07-01 13:24:00,2023-03-27 15:09:11.350976
749247,418754,30890,1,464,464,4.0,2021-12-22 18:12:00,2024-06-22 11:45:30.344106
749248,418754,30888,1,292,292,2.0,2021-12-22 18:12:00,2024-06-22 11:45:30.344106
749249,418755,8666,2,249,498,1.0,2021-12-20 22:23:00,2023-09-10 14:07:37.175927
749250,418755,8674,1,144,144,4.0,2021-12-20 22:23:00,2023-09-10 14:07:37.175927
749251,418756,30944,2,90,180,4.0,2021-12-31 06:48:00,2024-12-04 20:14:24.275872
749252,418757,10067,1,251,251,4.0,2021-11-06 19:19:00,2025-03-17 02:36:42.655269
749253,418758,10138,3,74,222,3.0,2021-11-23 14:21:00,2024-12-24 17:09:28.227322
749254,418758,10130,1,138,138,5.0,2021-11-23 14:21:00,2024-12-24 17:09:28.227322
749255,418758,10132,1,120,120,5.0,2021-11-23 14:21:00,2024-12-24 17:09:28.227322
749256,418759,10077,1,120,120,5.0,2021-12-08 17:02:00,2024-11-17 21:26:38.539094
749257,418760,14090,1,483,483,2.0,2021-08-27 14:42:00,2023-11-17 03:46:34.544174
749258,418761,14080,1,135,135,4.0,2021-10-10 12:34:00,2024-10-08 05:12:17.881506
749259,418762,21940,1,50,50,5.0,2021-12-15 12:30:00,2022-02-21 13:41:37.420148
749260,418763,21893,2,105,210,5.0,2021-12-12 21:07:00,2022-06-20 14:31:32.359096
749261,418764,21674,2,97,194,1.0,2021-12-19 10:35:00,2023-09-21 12:43:34.705891
749262,418765,11610,3,211,633,5.0,2021-12-31 16:38:00,2022-11-11 14:31:07.186691
749263,418765,11614,1,63,63,4.0,2021-12-31 16:38:00,2022-11-11 14:31:07.186691
749264,418765,11612,1,393,393,4.0,2021-12-31 16:38:00,2022-11-11 14:31:07.186691
749265,418766,11726,1,72,72,4.0,2021-12-29 11:17:00,2024-06-09 22:02:57.168398
749266,418767,4747,1,52,52,4.0,2021-09-20 20:30:00,2023-09-29 04:29:42.895887
749267,418768,13809,1,272,272,,2021-11-26 19:03:00,2025-01-02 19:30:42.077667
749268,418768,13808,1,277,277,,2021-11-26 19:03:00,2025-01-02 19:30:42.077667
749269,418768,13804,1,324,324,,2021-11-26 19:03:00,2025-01-02 19:30:42.077667
749270,418768,13811,1,178,178,,2021-11-26 19:03:00,2025-01-02 19:30:42.077667
749271,418769,14566,1,306,306,5.0,2021-12-14 12:48:00,2023-04-01 10:13:27.245247
749272,418770,10623,1,135,135,,2021-12-10 17:16:00,2021-12-10 21:58:58.628365
749273,418771,10775,1,119,119,5.0,2021-11-04 22:30:00,2023-03-07 03:10:05.728434
749274,418772,30708,1,281,281,4.0,2021-12-25 09:44:00,2025-01-28 21:06:54.986327
749275,418772,30703,2,200,400,1.0,2021-12-25 09:44:00,2025-01-28 21:06:54.986327
749276,418772,30709,1,54,54,5.0,2021-12-25 09:44:00,2025-01-28 21:06:54.986327
749277,418772,30713,2,323,646,4.0,2021-12-25 09:44:00,2025-01-28 21:06:54.986327
749278,418773,30113,1,275,275,2.0,2021-12-26 20:38:00,2024-05-05 23:01:08.001846
749279,418773,30111,1,169,169,5.0,2021-12-26 20:38:00,2024-05-05 23:01:08.001846
749280,418773,30112,1,116,116,5.0,2021-12-26 20:38:00,2024-05-05 23:01:08.001846
749281,418774,30595,3,136,408,5.0,2021-12-29 13:10:00,2024-02-27 02:39:21.049331
749282,418774,30593,2,223,446,5.0,2021-12-29 13:10:00,2024-02-27 02:39:21.049331
749283,418775,10422,2,215,430,5.0,2021-11-24 21:50:00,2024-03-01 03:04:21.007803
749284,418775,10417,1,205,205,4.0,2021-11-24 21:50:00,2024-03-01 03:04:21.007803
749285,418776,11606,1,242,242,1.0,2021-12-26 16:31:00,2025-02-24 03:28:12.326917
749286,418776,11612,1,393,393,3.0,2021-12-26 16:31:00,2025-02-24 03:28:12.326917
749287,418777,11605,3,195,585,4.0,2021-12-26 16:59:00,2022-07-12 23:48:46.124145
749288,418778,29979,1,82,82,3.0,2021-12-30 22:57:00,2022-06-11 01:23:34.082133
749289,418778,29980,1,292,292,5.0,2021-12-30 22:57:00,2022-06-11 01:23:34.082133
749290,418778,29968,2,315,630,5.0,2021-12-30 22:57:00,2022-06-11 01:23:34.082133
749291,418778,29972,2,220,440,5.0,2021-12-30 22:57:00,2022-06-11 01:23:34.082133
749292,418779,30123,1,218,218,5.0,2021-12-24 13:33:00,2022-08-14 00:16:08.145690
749293,418780,30350,1,264,264,5.0,2021-12-24 23:04:00,2024-05-25 21:31:58.933604
749294,418780,30351,1,224,224,2.0,2021-12-24 23:04:00,2024-05-25 21:31:58.933604
749295,418781,10560,1,285,285,4.0,2021-09-25 21:48:00,2022-01-06 15:59:38.357047
749296,418782,10068,1,283,283,4.0,2021-08-23 20:31:00,2023-02-02 05:33:46.661511
749297,418783,27919,1,72,72,2.0,2021-12-10 07:22:00,2023-03-25 13:40:21.813981
749298,418784,10298,1,109,109,5.0,2021-11-26 22:00:00,2024-06-13 14:55:31.421317
749299,418785,14319,1,74,74,,2021-10-06 23:09:00,2025-03-29 13:43:52.982771
749300,418785,14313,1,62,62,,2021-10-06 23:09:00,2025-03-29 13:43:52.982771
749301,418786,14565,1,214,214,4.0,2021-09-25 12:55:00,2022-10-10 08:52:59.661434
749302,418786,14568,1,375,375,5.0,2021-09-25 12:55:00,2022-10-10 08:52:59.661434
749303,418787,16236,1,154,154,4.0,2021-12-27 20:01:00,2022-03-25 15:11:05.111231
749304,418787,16239,1,186,186,4.0,2021-12-27 20:01:00,2022-03-25 15:11:05.111231
749305,418788,16368,1,263,263,2.0,2021-12-27 05:34:00,2022-11-04 16:11:28.618176
749306,418789,30807,1,79,79,5.0,2021-11-30 07:34:00,2022-03-02 15:43:54.720766
749307,418790,30890,2,464,928,3.0,2021-12-07 16:30:00,2022-04-12 18:37:42.814591
749308,418791,30804,2,54,108,2.0,2021-12-23 07:33:00,2023-11-20 19:36:45.312856
749309,418792,11418,2,208,416,4.0,2021-11-19 21:07:00,2022-08-20 04:34:00.539601
749310,418792,11422,2,74,148,5.0,2021-11-19 21:07:00,2022-08-20 04:34:00.539601
749311,418793,11067,1,219,219,5.0,2021-06-30 20:00:00,2021-07-30 05:51:15.218226
749312,418793,11060,1,206,206,4.0,2021-06-30 20:00:00,2021-07-30 05:51:15.218226
749313,418794,10728,1,190,190,,2021-11-14 07:31:00,2023-03-30 13:52:03.552649
749314,418795,9987,1,288,288,3.0,2021-11-08 13:11:00,2024-07-31 22:27:42.090956
749315,418796,9994,3,264,792,3.0,2021-11-08 15:50:00,2022-09-01 03:49:19.877478
749316,418797,15958,1,299,299,5.0,2021-12-12 08:35:00,2022-06-08 11:39:54.304582
749317,418798,11065,2,94,188,5.0,2021-10-21 23:27:00,2023-06-26 00:35:08.355907
749318,418798,11060,1,206,206,2.0,2021-10-21 23:27:00,2023-06-26 00:35:08.355907
749319,418799,30971,1,240,240,5.0,2021-10-11 12:41:00,2022-05-29 07:03:13.356900
749320,418800,30924,2,383,766,5.0,2021-10-22 20:13:00,2021-12-12 22:46:54.994828
749321,418801,30924,3,383,1149,2.0,2021-06-09 22:34:00,2024-03-01 05:20:07.167136
749322,418802,21934,2,295,590,2.0,2021-11-02 12:35:00,2023-01-21 13:13:45.485323
749323,418802,21930,1,448,448,2.0,2021-11-02 12:35:00,2023-01-21 13:13:45.485323
749324,418803,21714,1,319,319,1.0,2021-10-29 14:18:00,2023-07-08 14:22:23.138300
749325,418804,21891,1,69,69,3.0,2021-10-30 21:44:00,2023-10-01 07:00:03.172266
749326,418805,14557,2,170,340,5.0,2021-10-25 12:00:00,2024-11-13 16:45:29.611410
749327,418805,14562,2,298,596,5.0,2021-10-25 12:00:00,2024-11-13 16:45:29.611410
749328,418805,14563,1,75,75,5.0,2021-10-25 12:00:00,2024-11-13 16:45:29.611410
749329,418806,14436,2,374,748,2.0,2021-12-25 21:43:00,2023-09-10 03:23:49.077015
749330,418806,14439,1,92,92,5.0,2021-12-25 21:43:00,2023-09-10 03:23:49.077015
749331,418806,14440,1,99,99,3.0,2021-12-25 21:43:00,2023-09-10 03:23:49.077015
749332,418807,22140,3,197,591,1.0,2021-03-22 21:44:00,2024-11-18 07:28:26.745998
749333,418807,22149,2,280,560,3.0,2021-03-22 21:44:00,2024-11-18 07:28:26.745998
749334,418808,21603,3,255,765,4.0,2021-09-12 17:09:00,2022-09-05 23:49:13.797319
749335,418808,21606,1,154,154,4.0,2021-09-12 17:09:00,2022-09-05 23:49:13.797319
749336,418808,21605,2,296,592,5.0,2021-09-12 17:09:00,2022-09-05 23:49:13.797319
749337,418808,21607,1,71,71,5.0,2021-09-12 17:09:00,2022-09-05 23:49:13.797319
749338,418808,21598,1,179,179,3.0,2021-09-12 17:09:00,2022-09-05 23:49:13.797319
749339,418809,21712,1,112,112,4.0,2021-11-15 15:19:00,2024-06-01 12:07:20.649162
749340,418809,21722,1,88,88,5.0,2021-11-15 15:19:00,2024-06-01 12:07:20.649162
749341,418810,21713,1,191,191,5.0,2021-11-08 12:10:00,2022-08-26 06:21:11.776682
749342,418811,9989,3,180,540,,2021-11-03 13:34:00,2024-10-19 15:13:51.184586
749343,418812,28215,1,293,293,,2021-11-21 17:28:00,2022-03-09 16:40:58.074832
749344,418812,28222,3,196,588,,2021-11-21 17:28:00,2022-03-09 16:40:58.074832
749345,418812,28212,1,86,86,,2021-11-21 17:28:00,2022-03-09 16:40:58.074832
749346,418813,10305,1,298,298,5.0,2021-10-22 21:15:00,2022-02-06 21:19:10.280025
749347,418813,10302,1,297,297,3.0,2021-10-22 21:15:00,2022-02-06 21:19:10.280025
749348,418814,31529,2,92,184,5.0,2021-12-29 16:20:00,2024-04-11 21:32:07.397850
749349,418815,11054,1,245,245,5.0,2021-07-19 06:06:00,2023-08-31 16:16:44.165107
749350,418815,11052,1,56,56,4.0,2021-07-19 06:06:00,2023-08-31 16:16:44.165107
749351,418816,10916,2,164,328,4.0,2021-12-15 14:49:00,2023-08-18 10:17:19.837533
749352,418817,30463,1,84,84,1.0,2021-03-01 13:09:00,2022-01-20 12:22:59.955937
749353,418818,5055,1,130,130,2.0,2021-12-13 06:42:00,2024-07-29 18:39:16.287242
749354,418818,5051,2,184,368,5.0,2021-12-13 06:42:00,2024-07-29 18:39:16.287242
749355,418818,5053,2,68,136,4.0,2021-12-13 06:42:00,2024-07-29 18:39:16.287242
749356,418819,10729,1,159,159,3.0,2021-10-27 09:22:00,2023-06-15 23:52:18.748589
749357,418819,10736,1,235,235,3.0,2021-10-27 09:22:00,2023-06-15 23:52:18.748589
749358,418819,10737,1,380,380,2.0,2021-10-27 09:22:00,2023-06-15 23:52:18.748589
749359,418820,30600,1,110,110,5.0,2021-11-17 14:26:00,2024-06-21 00:23:58.442424
749360,418820,30597,1,269,269,1.0,2021-11-17 14:26:00,2024-06-21 00:23:58.442424
749361,418821,28759,3,124,372,,2021-12-28 12:28:00,2022-11-06 20:32:55.756863
749362,418822,31446,2,167,334,5.0,2021-12-17 07:49:00,2025-01-31 20:52:21.423216
749363,418822,31444,2,345,690,5.0,2021-12-17 07:49:00,2025-01-31 20:52:21.423216
749364,418823,30665,3,53,159,5.0,2021-03-02 14:16:00,2024-05-29 16:36:39.467116
749365,418824,11280,1,124,124,,2021-09-02 21:49:00,2022-08-09 11:17:32.371659
749366,418825,11684,3,278,834,5.0,2021-12-09 20:22:00,2023-04-17 11:02:59.509382
749367,418825,11690,1,161,161,5.0,2021-12-09 20:22:00,2023-04-17 11:02:59.509382
749368,418826,28248,1,101,101,2.0,2021-12-22 06:42:00,2024-05-10 18:44:29.808417
749369,418826,28242,2,214,428,5.0,2021-12-22 06:42:00,2024-05-10 18:44:29.808417
749370,418826,28237,1,218,218,5.0,2021-12-22 06:42:00,2024-05-10 18:44:29.808417
749371,418826,28245,2,345,690,5.0,2021-12-22 06:42:00,2024-05-10 18:44:29.808417
749372,418827,27980,1,291,291,,2021-07-10 15:03:00,2021-12-07 16:02:25.236931
749373,418827,27977,1,371,371,,2021-07-10 15:03:00,2021-12-07 16:02:25.236931
749374,418828,27914,2,260,520,1.0,2021-09-07 08:32:00,2022-03-01 17:18:11.722808
749375,418829,10767,1,183,183,5.0,2021-10-23 14:33:00,2023-11-22 10:51:42.832829
749376,418829,10759,1,99,99,5.0,2021-10-23 14:33:00,2023-11-22 10:51:42.832829
749377,418829,10755,1,159,159,5.0,2021-10-23 14:33:00,2023-11-22 10:51:42.832829
749378,418829,10758,2,192,384,4.0,2021-10-23 14:33:00,2023-11-22 10:51:42.832829
749379,418829,10766,1,62,62,5.0,2021-10-23 14:33:00,2023-11-22 10:51:42.832829
749380,418830,10913,2,123,246,3.0,2021-11-23 12:06:00,2024-03-04 08:45:20.755440
749381,418831,11038,1,184,184,4.0,2021-10-21 21:16:00,2025-04-02 17:27:23.671671
749382,418831,11041,1,94,94,5.0,2021-10-21 21:16:00,2025-04-02 17:27:23.671671
749383,418832,30109,3,162,486,5.0,2021-09-28 19:12:00,2023-01-07 19:53:41.581419
749384,418832,30111,1,169,169,1.0,2021-09-28 19:12:00,2023-01-07 19:53:41.581419
749385,418833,30120,1,232,232,,2021-11-12 12:22:00,2022-04-17 21:58:03.241012
749386,418834,21721,1,337,337,1.0,2021-12-24 12:00:00,2025-02-11 09:35:11.705817
749387,418834,21714,3,319,957,5.0,2021-12-24 12:00:00,2025-02-11 09:35:11.705817
749388,418834,21722,1,88,88,5.0,2021-12-24 12:00:00,2025-02-11 09:35:11.705817
749389,418834,21716,3,174,522,4.0,2021-12-24 12:00:00,2025-02-11 09:35:11.705817
749390,418835,10070,1,255,255,5.0,2021-12-22 21:59:00,2022-01-22 17:10:44.797777
749391,418836,4748,1,154,154,4.0,2021-08-22 20:04:00,2022-05-03 10:39:37.214282
749392,418837,31633,1,114,114,5.0,2021-11-25 10:10:00,2021-12-03 19:42:59.041688
749393,418837,31631,2,287,574,4.0,2021-11-25 10:10:00,2021-12-03 19:42:59.041688
749394,418838,14314,3,234,702,1.0,2021-10-04 23:55:00,2022-05-06 02:17:09.469329
749395,418839,13812,2,114,228,4.0,2021-09-06 21:04:00,2024-07-18 21:30:37.231449
749396,418839,13810,2,105,210,5.0,2021-09-06 21:04:00,2024-07-18 21:30:37.231449
749397,418839,13805,1,254,254,4.0,2021-09-06 21:04:00,2024-07-18 21:30:37.231449
749398,418840,4754,2,150,300,,2021-09-01 20:00:00,2024-07-18 14:32:17.402831
749399,418841,4746,1,318,318,4.0,2021-11-22 23:46:00,2022-05-16 06:13:52.824953
749400,418841,4747,1,52,52,4.0,2021-11-22 23:46:00,2022-05-16 06:13:52.824953
749401,418842,4532,1,116,116,4.0,2021-11-25 15:34:00,2023-08-31 01:10:25.255788
749402,418842,4535,1,82,82,5.0,2021-11-25 15:34:00,2023-08-31 01:10:25.255788
749403,418842,4536,1,133,133,4.0,2021-11-25 15:34:00,2023-08-31 01:10:25.255788
749404,418843,11058,1,189,189,,2021-08-16 22:08:00,2022-02-24 17:10:00.774563
749405,418844,10783,1,228,228,2.0,2021-10-09 13:49:00,2023-01-16 16:59:25.098856
749406,418844,10787,2,143,286,1.0,2021-10-09 13:49:00,2023-01-16 16:59:25.098856
749407,418844,10786,1,211,211,4.0,2021-10-09 13:49:00,2023-01-16 16:59:25.098856
749408,418844,10788,1,63,63,5.0,2021-10-09 13:49:00,2023-01-16 16:59:25.098856
749409,418845,11051,1,250,250,4.0,2021-08-16 07:00:00,2023-01-22 17:41:20.842759
749410,418846,22150,3,110,330,5.0,2021-11-29 22:16:00,2022-01-18 15:37:27.483925
749411,418846,22142,3,226,678,5.0,2021-11-29 22:16:00,2022-01-18 15:37:27.483925
749412,418847,4645,1,273,273,4.0,2021-09-28 21:34:00,2023-04-24 17:48:23.352086
749413,418847,4646,1,99,99,2.0,2021-09-28 21:34:00,2023-04-24 17:48:23.352086
749414,418848,22136,1,343,343,5.0,2021-12-02 22:34:00,2022-07-09 03:53:28.909162
749415,418848,22148,1,68,68,4.0,2021-12-02 22:34:00,2022-07-09 03:53:28.909162
749416,418849,21720,3,210,630,5.0,2021-08-02 14:30:00,2024-06-17 00:57:52.403367
749417,418849,21721,2,337,674,4.0,2021-08-02 14:30:00,2024-06-17 00:57:52.403367
749418,418850,30667,1,225,225,,2021-11-26 11:15:00,2022-03-25 04:17:26.478893
749419,418851,30104,3,274,822,3.0,2021-04-21 20:13:00,2023-06-10 14:43:48.989441
749420,418851,30105,1,264,264,1.0,2021-04-21 20:13:00,2023-06-10 14:43:48.989441
749421,418852,8095,1,264,264,5.0,2021-11-13 12:49:00,2023-01-16 06:40:35.174067
749422,418853,11269,3,249,747,2.0,2021-08-11 19:34:00,2021-11-03 09:13:04.859706
749423,418853,11272,1,352,352,5.0,2021-08-11 19:34:00,2021-11-03 09:13:04.859706
749424,418853,11275,1,72,72,5.0,2021-08-11 19:34:00,2021-11-03 09:13:04.859706
749425,418853,11278,3,83,249,4.0,2021-08-11 19:34:00,2021-11-03 09:13:04.859706
749426,418854,11575,1,117,117,4.0,2021-11-03 14:21:00,2022-06-02 06:26:32.067235
749427,418855,30884,1,267,267,5.0,2021-11-12 16:09:00,2021-11-17 12:27:43.010789
749428,418856,31525,1,150,150,4.0,2021-11-01 16:41:00,2024-07-14 11:20:50.584796
749429,418857,31484,1,183,183,1.0,2021-11-26 18:41:00,2024-12-26 08:17:07.881798
749430,418858,21833,1,62,62,4.0,2021-09-09 21:21:00,2024-04-18 04:12:48.987284
749431,418858,21830,1,291,291,5.0,2021-09-09 21:21:00,2024-04-18 04:12:48.987284
749432,418859,21830,2,291,582,5.0,2021-09-14 20:18:00,2023-10-21 11:14:54.042758
749433,418860,21600,1,369,369,3.0,2021-09-07 16:08:00,2022-05-27 19:41:19.958279
749434,418861,5078,1,220,220,5.0,2021-12-04 11:10:00,2022-11-25 03:24:57.465027
749435,418861,5083,1,138,138,3.0,2021-12-04 11:10:00,2022-11-25 03:24:57.465027
749436,418862,5059,1,240,240,,2021-12-02 06:04:00,2023-11-04 14:35:20.929615
749437,418862,5056,2,201,402,,2021-12-02 06:04:00,2023-11-04 14:35:20.929615
749438,418863,5240,3,141,423,1.0,2021-12-07 20:24:00,2022-02-18 18:40:41.869501
749439,418863,5237,1,198,198,2.0,2021-12-07 20:24:00,2022-02-18 18:40:41.869501
749440,418864,8003,3,152,456,2.0,2021-11-25 12:08:00,2024-12-25 23:58:47.087529
749441,418864,8002,1,135,135,1.0,2021-11-25 12:08:00,2024-12-25 23:58:47.087529
749442,418865,7968,1,150,150,4.0,2021-12-25 16:53:00,2024-11-02 14:12:45.654466
749443,418866,15560,1,100,100,5.0,2021-11-11 07:24:00,2022-12-12 23:50:36.657955
749444,418866,15559,3,180,540,4.0,2021-11-11 07:24:00,2022-12-12 23:50:36.657955
749445,418866,15568,2,264,528,5.0,2021-11-11 07:24:00,2022-12-12 23:50:36.657955
749446,418867,15966,2,247,494,,2021-09-05 15:22:00,2025-04-03 16:11:35.929981
749447,418868,14091,3,254,762,5.0,2021-12-04 12:09:00,2024-12-18 04:28:13.252594
749448,418869,13804,1,324,324,4.0,2021-12-17 22:03:00,2025-01-21 23:46:47.556710
749449,418869,13807,3,367,1101,2.0,2021-12-17 22:03:00,2025-01-21 23:46:47.556710
749450,418869,13811,1,178,178,4.0,2021-12-17 22:03:00,2025-01-21 23:46:47.556710
749451,418869,13801,1,283,283,2.0,2021-12-17 22:03:00,2025-01-21 23:46:47.556710
749452,418869,13809,2,272,544,4.0,2021-12-17 22:03:00,2025-01-21 23:46:47.556710
749453,418870,14111,1,370,370,5.0,2021-10-19 18:38:00,2025-04-12 14:02:29.763727
749454,418870,14119,1,335,335,5.0,2021-10-19 18:38:00,2025-04-12 14:02:29.763727
749455,418871,30973,1,387,387,,2021-12-27 13:02:00,2022-09-14 23:49:22.979280
749456,418871,30967,1,175,175,,2021-12-27 13:02:00,2022-09-14 23:49:22.979280
749457,418871,30978,1,82,82,,2021-12-27 13:02:00,2022-09-14 23:49:22.979280
749458,418871,30974,1,286,286,,2021-12-27 13:02:00,2022-09-14 23:49:22.979280
749459,418872,14094,2,396,792,4.0,2021-12-23 12:10:00,2023-02-24 07:37:40.859412
749460,418872,14085,1,110,110,5.0,2021-12-23 12:10:00,2023-02-24 07:37:40.859412
749461,418872,14089,1,289,289,1.0,2021-12-23 12:10:00,2023-02-24 07:37:40.859412
749462,418873,31630,1,118,118,3.0,2021-12-12 07:12:00,2024-08-15 17:54:12.149752
749463,418874,30889,1,197,197,,2021-09-20 16:13:00,2023-08-19 12:46:29.160480
749464,418874,30886,1,136,136,,2021-09-20 16:13:00,2023-08-19 12:46:29.160480
749465,418875,31480,1,124,124,5.0,2021-08-30 17:03:00,2024-09-16 12:08:55.630234
749466,418875,31483,1,99,99,5.0,2021-08-30 17:03:00,2024-09-16 12:08:55.630234
749467,418876,31511,2,220,440,5.0,2021-12-28 08:38:00,2022-06-30 10:09:22.764631
749468,418877,10406,1,90,90,,2021-12-25 21:57:00,2022-12-02 18:25:33.618039
749469,418877,10398,1,233,233,,2021-12-25 21:57:00,2022-12-02 18:25:33.618039
749470,418878,10139,1,363,363,4.0,2021-12-23 12:54:00,2024-03-15 03:34:28.474025
749471,418878,10131,1,211,211,4.0,2021-12-23 12:54:00,2024-03-15 03:34:28.474025
749472,418879,10561,1,148,148,5.0,2021-10-14 20:28:00,2023-01-23 09:50:08.681414
749473,418879,10568,1,180,180,4.0,2021-10-14 20:28:00,2023-01-23 09:50:08.681414
749474,418879,10560,1,285,285,5.0,2021-10-14 20:28:00,2023-01-23 09:50:08.681414
749475,418879,10563,2,81,162,5.0,2021-10-14 20:28:00,2023-01-23 09:50:08.681414
749476,418880,10401,1,222,222,4.0,2021-11-22 21:02:00,2024-06-21 14:28:03.901641
749477,418880,10400,1,165,165,4.0,2021-11-22 21:02:00,2024-06-21 14:28:03.901641
749478,418881,10138,2,74,148,,2021-07-19 12:31:00,2023-03-05 13:11:53.762538
749479,418882,14115,1,57,57,4.0,2021-10-07 18:24:00,2022-10-19 14:24:54.657866
749480,418883,14094,1,396,396,5.0,2021-07-15 11:23:00,2022-03-26 12:51:57.027555
749481,418884,31506,2,126,252,4.0,2021-12-27 10:23:00,2025-03-04 09:18:17.964824
749482,418884,31508,1,64,64,1.0,2021-12-27 10:23:00,2025-03-04 09:18:17.964824
749483,418885,30944,1,90,90,5.0,2021-12-28 09:59:00,2022-03-17 00:11:18.112035
749484,418885,30946,1,331,331,5.0,2021-12-28 09:59:00,2022-03-17 00:11:18.112035
749485,418886,30807,1,79,79,,2021-12-27 09:07:00,2023-08-28 01:08:13.392174
749486,418887,30922,2,195,390,2.0,2021-04-12 21:07:00,2025-02-15 12:54:32.388825
749487,418888,30926,1,176,176,3.0,2021-04-17 21:04:00,2023-04-21 12:52:35.288691
749488,418889,4646,1,99,99,3.0,2021-08-16 20:39:00,2023-06-10 06:59:41.844912
749489,418889,4641,1,70,70,5.0,2021-08-16 20:39:00,2023-06-10 06:59:41.844912
749490,418890,4645,1,273,273,5.0,2021-10-26 22:17:00,2023-10-15 11:56:12.734846
749491,418890,4648,1,51,51,5.0,2021-10-26 22:17:00,2023-10-15 11:56:12.734846
749492,418891,27977,2,371,742,5.0,2021-09-14 13:31:00,2023-05-11 22:45:22.691384
749493,418891,27982,1,236,236,4.0,2021-09-14 13:31:00,2023-05-11 22:45:22.691384
749494,418892,27986,2,98,196,5.0,2021-09-08 15:47:00,2023-09-04 15:41:32.034534
749495,418892,27978,2,205,410,5.0,2021-09-08 15:47:00,2023-09-04 15:41:32.034534
749496,418893,30948,2,179,358,3.0,2021-12-20 06:15:00,2025-05-01 07:29:55.621678
749497,418893,30944,1,90,90,2.0,2021-12-20 06:15:00,2025-05-01 07:29:55.621678
749498,418894,21723,1,238,238,5.0,2021-11-04 14:09:00,2023-06-15 06:08:21.896491
749499,418895,16106,2,146,292,5.0,2021-12-19 07:05:00,2023-11-15 10:57:08.351763
749500,418896,16107,1,146,146,5.0,2021-12-10 08:49:00,2022-05-07 21:34:29.389516
749501,418896,16102,1,302,302,4.0,2021-12-10 08:49:00,2022-05-07 21:34:29.389516
749502,418897,31636,1,259,259,5.0,2021-12-26 08:42:00,2024-09-27 05:17:35.154479
749503,418898,14560,1,295,295,5.0,2021-10-12 14:45:00,2024-03-31 11:08:47.622467
749504,418898,14556,1,72,72,4.0,2021-10-12 14:45:00,2024-03-31 11:08:47.622467
749505,418899,14569,1,102,102,1.0,2021-11-17 13:37:00,2023-08-24 15:51:00.136561
749506,418900,14312,1,122,122,1.0,2021-11-23 21:42:00,2024-03-13 10:51:50.018540
749507,418901,14114,1,163,163,5.0,2021-08-23 16:11:00,2022-03-04 13:30:00.367851
749508,418901,14118,2,264,528,3.0,2021-08-23 16:11:00,2022-03-04 13:30:00.367851
749509,418901,14111,1,370,370,4.0,2021-08-23 16:11:00,2022-03-04 13:30:00.367851
749510,418901,14112,2,128,256,4.0,2021-08-23 16:11:00,2022-03-04 13:30:00.367851
749511,418903,30462,1,241,241,5.0,2021-02-24 13:14:00,2024-04-26 18:42:44.537727
749512,418904,30307,1,130,130,2.0,2021-12-02 12:09:00,2023-04-25 09:01:24.416219
749513,418904,30317,1,276,276,4.0,2021-12-02 12:09:00,2023-04-25 09:01:24.416219
749514,418904,30313,2,95,190,1.0,2021-12-02 12:09:00,2023-04-25 09:01:24.416219
749515,418904,30318,2,457,914,4.0,2021-12-02 12:09:00,2023-04-25 09:01:24.416219
749516,418905,28219,1,129,129,4.0,2021-12-05 16:25:00,2024-11-23 12:07:06.059995
749517,418906,21598,3,179,537,1.0,2021-05-06 16:04:00,2023-08-16 05:31:38.860324
749518,418906,21599,1,59,59,1.0,2021-05-06 16:04:00,2023-08-16 05:31:38.860324
749519,418907,21824,1,182,182,5.0,2021-10-21 21:50:00,2022-01-26 09:19:45.047075
749520,418908,21941,1,103,103,2.0,2021-12-21 14:53:00,2022-05-10 15:50:07.841083
749521,418909,4650,2,188,376,5.0,2021-08-19 20:42:00,2023-06-06 17:14:20.776307
749522,418909,4643,1,184,184,5.0,2021-08-19 20:42:00,2023-06-06 17:14:20.776307
749523,418909,4646,1,99,99,5.0,2021-08-19 20:42:00,2023-06-06 17:14:20.776307
749524,418909,4647,2,418,836,4.0,2021-08-19 20:42:00,2023-06-06 17:14:20.776307
749525,418909,4641,1,70,70,4.0,2021-08-19 20:42:00,2023-06-06 17:14:20.776307
749526,418910,4646,1,99,99,,2021-08-06 20:35:00,2021-12-26 00:20:28.577605
749527,418911,14084,1,156,156,4.0,2021-09-09 12:53:00,2023-04-04 16:04:08.833481
749528,418912,16240,2,71,142,1.0,2021-06-16 20:12:00,2024-06-29 18:48:50.351414
749529,418913,16377,1,127,127,4.0,2021-12-12 15:23:00,2025-03-29 22:23:41.325414
749530,418913,16384,1,279,279,4.0,2021-12-12 15:23:00,2025-03-29 22:23:41.325414
749531,418913,16380,2,214,428,4.0,2021-12-12 15:23:00,2025-03-29 22:23:41.325414
749532,418914,30661,1,238,238,,2021-08-14 12:57:00,2023-10-26 17:12:33.407552
749533,418914,30663,1,277,277,,2021-08-14 12:57:00,2023-10-26 17:12:33.407552
749534,418915,30408,1,146,146,,2021-12-23 22:57:00,2024-05-07 08:49:36.829257
749535,418915,30409,1,111,111,,2021-12-23 22:57:00,2024-05-07 08:49:36.829257
749536,418915,30407,1,66,66,,2021-12-23 22:57:00,2024-05-07 08:49:36.829257
749537,418915,30414,1,238,238,,2021-12-23 22:57:00,2024-05-07 08:49:36.829257
749538,418916,30465,1,202,202,5.0,2021-11-20 12:15:00,2023-10-01 05:20:12.253339
749539,418917,5245,3,148,444,4.0,2021-10-11 23:53:00,2025-03-18 18:04:44.375774
749540,418918,4754,1,150,150,4.0,2021-08-23 22:31:00,2022-04-24 20:48:17.296499
749541,418919,5083,1,138,138,,2021-10-30 13:59:00,2022-01-11 20:29:08.014611
749542,418919,5080,1,255,255,,2021-10-30 13:59:00,2022-01-11 20:29:08.014611
749543,418919,5079,1,235,235,,2021-10-30 13:59:00,2022-01-11 20:29:08.014611
749544,418920,14321,1,212,212,,2021-11-01 22:04:00,2024-12-03 07:13:44.857793
749545,418921,4641,2,70,140,4.0,2021-08-20 22:37:00,2022-09-30 07:08:01.593664
749546,418921,4647,3,418,1254,5.0,2021-08-20 22:37:00,2022-09-30 07:08:01.593664
749547,418922,14564,1,63,63,5.0,2021-12-09 14:52:00,2024-07-18 21:02:54.794518
749548,418922,14559,1,181,181,5.0,2021-12-09 14:52:00,2024-07-18 21:02:54.794518
749549,418922,14556,1,72,72,4.0,2021-12-09 14:52:00,2024-07-18 21:02:54.794518
749550,418922,14565,1,214,214,2.0,2021-12-09 14:52:00,2024-07-18 21:02:54.794518
749551,418923,14118,1,264,264,5.0,2021-11-24 17:08:00,2023-12-06 00:08:29.691370
749552,418925,28238,2,83,166,3.0,2021-10-31 06:59:00,2021-12-22 09:07:47.107695
749553,418925,28245,1,345,345,5.0,2021-10-31 06:59:00,2021-12-22 09:07:47.107695
749554,418926,10404,1,83,83,3.0,2021-08-15 22:17:00,2025-02-07 22:07:21.262151
749555,418927,10075,3,369,1107,1.0,2021-10-10 16:37:00,2024-08-02 08:01:42.868793
749556,418928,5292,1,247,247,5.0,2021-10-26 08:05:00,2021-11-13 20:07:36.527589
749557,418928,5289,1,198,198,3.0,2021-10-26 08:05:00,2021-11-13 20:07:36.527589
749558,418929,4643,1,184,184,4.0,2021-08-27 22:01:00,2024-10-20 17:04:27.117475
749559,418929,4651,2,152,304,2.0,2021-08-27 22:01:00,2024-10-20 17:04:27.117475
749560,418930,4651,2,152,304,4.0,2021-11-18 19:47:00,2023-04-22 01:56:50.110440
749561,418930,4640,1,159,159,5.0,2021-11-18 19:47:00,2023-04-22 01:56:50.110440
749562,418931,7967,1,289,289,,2021-12-23 16:53:00,2024-04-03 03:20:12.087389
749563,418931,7963,2,437,874,,2021-12-23 16:53:00,2024-04-03 03:20:12.087389
749564,418931,7955,1,86,86,,2021-12-23 16:53:00,2024-04-03 03:20:12.087389
749565,418931,7968,1,150,150,,2021-12-23 16:53:00,2024-04-03 03:20:12.087389
749566,418932,30105,3,264,792,5.0,2021-05-04 20:56:00,2025-04-09 08:45:09.118233
749567,418932,30108,3,121,363,5.0,2021-05-04 20:56:00,2025-04-09 08:45:09.118233
749568,418933,27907,3,267,801,5.0,2021-12-30 21:52:00,2022-06-26 02:07:17.040317
749569,418934,28171,1,55,55,,2021-10-21 19:46:00,2023-03-27 03:54:39.758416
749570,418935,11582,2,238,476,4.0,2021-09-10 13:39:00,2024-06-25 05:58:35.242173
749571,418936,11065,1,94,94,2.0,2021-09-06 23:25:00,2024-08-20 01:37:14.089614
749572,418937,11592,1,170,170,,2021-11-07 12:46:00,2023-12-16 20:12:19.433847
749573,418938,11572,1,199,199,4.0,2021-11-17 15:26:00,2023-01-30 18:32:17.288462
749574,418938,11576,1,127,127,3.0,2021-11-17 15:26:00,2023-01-30 18:32:17.288462
749575,418939,11515,1,299,299,4.0,2021-11-19 11:46:00,2024-04-08 01:45:17.600197
749576,418939,11508,2,292,584,1.0,2021-11-19 11:46:00,2024-04-08 01:45:17.600197
749577,418939,11511,2,228,456,5.0,2021-11-19 11:46:00,2024-04-08 01:45:17.600197
749578,418940,28271,1,151,151,,2021-12-28 22:18:00,2022-08-04 10:05:22.184561
749579,418940,28269,2,134,268,,2021-12-28 22:18:00,2022-08-04 10:05:22.184561
749580,418940,28267,1,283,283,,2021-12-28 22:18:00,2022-08-04 10:05:22.184561
749581,418941,28211,1,274,274,4.0,2021-12-26 16:29:00,2024-11-20 13:58:44.586426
749582,418941,28222,1,196,196,5.0,2021-12-26 16:29:00,2024-11-20 13:58:44.586426
749583,418941,28215,2,293,586,4.0,2021-12-26 16:29:00,2024-11-20 13:58:44.586426
749584,418941,28221,1,76,76,4.0,2021-12-26 16:29:00,2024-11-20 13:58:44.586426
749585,418942,27889,2,407,814,4.0,2021-12-30 21:16:00,2025-04-02 10:27:13.386713
749586,418942,27895,1,482,482,5.0,2021-12-30 21:16:00,2025-04-02 10:27:13.386713
749587,418942,27891,1,102,102,5.0,2021-12-30 21:16:00,2025-04-02 10:27:13.386713
749588,418942,27888,3,56,168,1.0,2021-12-30 21:16:00,2025-04-02 10:27:13.386713
749589,418943,30123,2,218,436,1.0,2021-12-28 14:54:00,2024-10-19 18:45:15.928379
749590,418944,30592,2,344,688,5.0,2021-12-06 12:32:00,2023-02-11 18:30:49.079295
749591,418944,30590,3,191,573,4.0,2021-12-06 12:32:00,2023-02-11 18:30:49.079295
749592,418944,30591,1,66,66,2.0,2021-12-06 12:32:00,2023-02-11 18:30:49.079295
749593,418944,30601,2,273,546,4.0,2021-12-06 12:32:00,2023-02-11 18:30:49.079295
749594,418945,7997,1,246,246,,2021-12-08 12:55:00,2022-09-15 06:08:04.150839
749595,418946,7998,1,185,185,4.0,2021-12-12 14:54:00,2022-02-14 00:12:55.273881
749596,418946,8001,1,80,80,3.0,2021-12-12 14:54:00,2022-02-14 00:12:55.273881
749597,418947,16238,1,218,218,5.0,2021-11-08 21:25:00,2024-08-12 05:24:07.768443
749598,418948,15954,1,64,64,4.0,2021-07-26 10:02:00,2022-08-10 13:40:35.357071
749599,418949,16103,1,114,114,5.0,2021-09-25 09:44:00,2023-11-09 07:54:47.123837
749600,418950,13814,2,276,552,2.0,2021-11-15 22:24:00,2022-04-06 07:30:14.816928
749601,418950,13801,1,283,283,5.0,2021-11-15 22:24:00,2022-04-06 07:30:14.816928
749602,418950,13806,3,286,858,5.0,2021-11-15 22:24:00,2022-04-06 07:30:14.816928
749603,418951,14089,2,289,578,3.0,2021-11-18 11:14:00,2022-07-25 04:29:10.345030
749604,418951,14091,1,254,254,4.0,2021-11-18 11:14:00,2022-07-25 04:29:10.345030
749605,418951,14083,2,217,434,5.0,2021-11-18 11:14:00,2022-07-25 04:29:10.345030
749606,418951,14082,1,69,69,4.0,2021-11-18 11:14:00,2022-07-25 04:29:10.345030
749607,418951,14088,2,280,560,4.0,2021-11-18 11:14:00,2022-07-25 04:29:10.345030
749608,418952,4749,1,199,199,5.0,2021-10-12 21:03:00,2025-01-30 14:05:19.495512
749609,418952,4748,1,154,154,5.0,2021-10-12 21:03:00,2025-01-30 14:05:19.495512
749610,418953,30975,1,56,56,3.0,2021-07-08 13:13:00,2022-12-26 23:53:47.640634
749611,418953,30968,1,281,281,1.0,2021-07-08 13:13:00,2022-12-26 23:53:47.640634
749612,418954,27903,2,242,484,2.0,2021-06-19 22:08:00,2022-05-16 15:29:17.246147
749613,418954,27906,1,109,109,4.0,2021-06-19 22:08:00,2022-05-16 15:29:17.246147
749614,418954,27911,3,141,423,5.0,2021-06-19 22:08:00,2022-05-16 15:29:17.246147
749615,418954,27907,3,267,801,4.0,2021-06-19 22:08:00,2022-05-16 15:29:17.246147
749616,418955,4741,1,197,197,5.0,2021-09-24 21:37:00,2024-09-07 04:30:21.224385
749617,418955,4746,2,318,636,5.0,2021-09-24 21:37:00,2024-09-07 04:30:21.224385
749618,418955,4744,1,261,261,2.0,2021-09-24 21:37:00,2024-09-07 04:30:21.224385
749619,418955,4752,3,93,279,3.0,2021-09-24 21:37:00,2024-09-07 04:30:21.224385
749620,418956,21829,2,207,414,4.0,2021-12-22 21:10:00,2022-08-25 14:12:48.255314
749621,418956,21827,2,219,438,3.0,2021-12-22 21:10:00,2022-08-25 14:12:48.255314
749622,418956,21832,1,79,79,2.0,2021-12-22 21:10:00,2022-08-25 14:12:48.255314
749623,418957,21934,1,295,295,,2021-07-09 15:03:00,2025-01-16 08:00:03.918591
749624,418957,21932,2,273,546,,2021-07-09 15:03:00,2025-01-16 08:00:03.918591
749625,418957,21937,1,377,377,,2021-07-09 15:03:00,2025-01-16 08:00:03.918591
749626,418957,21930,2,448,896,,2021-07-09 15:03:00,2025-01-16 08:00:03.918591
749627,418958,15843,1,241,241,,2021-03-20 09:46:00,2024-04-14 18:53:53.189183
749628,418958,15853,3,70,210,,2021-03-20 09:46:00,2024-04-14 18:53:53.189183
749629,418958,15852,1,242,242,,2021-03-20 09:46:00,2024-04-14 18:53:53.189183
749630,418959,4938,2,267,534,5.0,2021-12-20 21:15:00,2025-03-30 23:56:26.082296
749631,418960,5297,2,52,104,5.0,2021-12-27 06:16:00,2022-07-19 21:58:28.471606
749632,418960,5291,1,440,440,5.0,2021-12-27 06:16:00,2022-07-19 21:58:28.471606
749633,418960,5298,1,98,98,5.0,2021-12-27 06:16:00,2022-07-19 21:58:28.471606
749634,418960,5290,2,76,152,3.0,2021-12-27 06:16:00,2022-07-19 21:58:28.471606
749635,418960,5293,1,406,406,5.0,2021-12-27 06:16:00,2022-07-19 21:58:28.471606
749636,418961,5292,1,247,247,3.0,2021-12-26 06:04:00,2024-05-08 11:59:30.666395
749637,418962,10400,1,165,165,4.0,2021-12-13 22:35:00,2024-01-08 19:03:16.021968
749638,418963,10136,1,173,173,4.0,2021-07-06 13:22:00,2023-06-12 21:50:33.009157
749639,418965,14317,1,170,170,,2021-11-12 22:52:00,2022-05-02 21:51:08.204633
749640,418966,22146,2,51,102,5.0,2021-10-13 21:51:00,2023-04-14 11:13:02.960481
749641,418967,21893,1,105,105,2.0,2021-11-13 19:30:00,2025-03-12 12:58:04.623691
749642,418967,21891,1,69,69,3.0,2021-11-13 19:30:00,2025-03-12 12:58:04.623691
749643,418968,10130,1,138,138,4.0,2021-05-05 15:38:00,2021-10-21 18:47:59.318712
749644,418969,21606,1,154,154,4.0,2021-11-16 17:26:00,2024-09-30 06:39:35.264323
749645,418970,21720,3,210,630,3.0,2021-06-12 15:06:00,2023-08-14 13:00:37.585651
749646,418970,21714,1,319,319,4.0,2021-06-12 15:06:00,2023-08-14 13:00:37.585651
749647,418971,13812,2,114,228,5.0,2021-09-13 21:42:00,2022-11-08 16:13:57.081686
749648,418972,13756,2,237,474,4.0,2021-10-14 14:54:00,2023-08-12 20:24:43.557981
749649,418974,27924,1,150,150,5.0,2021-11-05 08:03:00,2025-01-02 20:34:07.777765
749650,418974,27913,1,108,108,2.0,2021-11-05 08:03:00,2025-01-02 20:34:07.777765
749651,418975,28245,1,345,345,,2021-10-09 07:57:00,2025-03-14 17:45:36.654581
749652,418976,27901,1,109,109,5.0,2021-10-08 22:13:00,2025-01-12 20:23:50.974179
749653,418976,27899,1,97,97,1.0,2021-10-08 22:13:00,2025-01-12 20:23:50.974179
749654,418976,27891,1,102,102,4.0,2021-10-08 22:13:00,2025-01-12 20:23:50.974179
749655,418977,11615,2,284,568,,2021-12-31 16:27:00,2024-01-26 22:54:43.071849
749656,418977,11611,1,179,179,,2021-12-31 16:27:00,2024-01-26 22:54:43.071849
749657,418977,11619,1,142,142,,2021-12-31 16:27:00,2024-01-26 22:54:43.071849
749658,418978,10735,1,70,70,3.0,2021-12-03 07:31:00,2024-09-14 19:51:28.692159
749659,418978,10734,2,214,428,4.0,2021-12-03 07:31:00,2024-09-14 19:51:28.692159
749660,418979,21931,1,172,172,4.0,2021-03-15 14:22:00,2023-10-15 09:47:15.679343
749661,418979,21932,3,273,819,3.0,2021-03-15 14:22:00,2023-10-15 09:47:15.679343
749662,418980,22143,2,113,226,,2021-09-07 22:44:00,2024-11-18 11:32:50.959749
749663,418981,13742,1,80,80,1.0,2021-12-24 21:12:00,2024-11-27 07:33:20.541683
749664,418981,13744,1,160,160,4.0,2021-12-24 21:12:00,2024-11-27 07:33:20.541683
749665,418981,13748,3,280,840,1.0,2021-12-24 21:12:00,2024-11-27 07:33:20.541683
749666,418981,13745,1,163,163,1.0,2021-12-24 21:12:00,2024-11-27 07:33:20.541683
749667,418981,13750,1,300,300,5.0,2021-12-24 21:12:00,2024-11-27 07:33:20.541683
749668,418982,14565,2,214,428,,2021-12-03 14:57:00,2023-11-29 21:22:18.261321
749669,418983,14084,1,156,156,5.0,2021-10-03 14:33:00,2024-11-21 01:55:47.650178
749670,418984,31490,1,278,278,4.0,2021-12-26 16:54:00,2024-10-25 14:06:58.849734
749671,418984,31488,2,105,210,5.0,2021-12-26 16:54:00,2024-10-25 14:06:58.849734
749672,418984,31483,1,99,99,3.0,2021-12-26 16:54:00,2024-10-25 14:06:58.849734
749673,418985,31506,2,126,252,3.0,2021-12-14 06:40:00,2021-12-16 10:08:13.006960
749674,418986,31533,2,281,562,4.0,2021-12-30 17:03:00,2022-11-24 20:02:23.664883
749675,418987,4525,1,206,206,3.0,2021-10-16 12:57:00,2024-10-06 13:45:12.358505
749676,418988,9771,2,263,526,1.0,2021-08-25 21:21:00,2022-04-14 06:29:38.309349
749677,418988,9775,1,239,239,4.0,2021-08-25 21:21:00,2022-04-14 06:29:38.309349
749678,418989,10777,1,86,86,2.0,2021-12-31 21:10:00,2024-08-18 19:17:14.902951
749679,418989,10782,1,225,225,1.0,2021-12-31 21:10:00,2024-08-18 19:17:14.902951
749680,418990,10624,2,116,232,,2021-12-31 16:20:00,2024-06-16 08:34:29.230667
749681,418991,11042,3,59,177,,2021-12-30 23:19:00,2025-03-11 01:33:05.397265
749682,418992,30943,2,74,148,4.0,2021-10-27 09:49:00,2022-04-13 02:03:37.238203
749683,418993,30922,1,195,195,4.0,2021-04-22 22:17:00,2024-05-08 07:52:15.119043
749684,418993,30923,3,259,777,5.0,2021-04-22 22:17:00,2024-05-08 07:52:15.119043
749685,418993,30921,1,78,78,1.0,2021-04-22 22:17:00,2024-05-08 07:52:15.119043
749686,418994,10910,2,57,114,1.0,2021-12-20 12:56:00,2023-11-15 15:21:33.634630
749687,418995,11422,1,74,74,3.0,2021-04-25 19:53:00,2024-05-08 21:25:51.641925
749688,418995,11430,1,169,169,4.0,2021-04-25 19:53:00,2024-05-08 21:25:51.641925
749689,418996,10812,1,51,51,4.0,2021-06-21 15:15:00,2022-02-13 01:54:44.310456
749690,418996,10808,3,222,666,4.0,2021-06-21 15:15:00,2022-02-13 01:54:44.310456
749691,418996,10819,3,120,360,1.0,2021-06-21 15:15:00,2022-02-13 01:54:44.310456
749692,418996,10817,3,264,792,4.0,2021-06-21 15:15:00,2022-02-13 01:54:44.310456
749693,418996,10818,1,80,80,4.0,2021-06-21 15:15:00,2022-02-13 01:54:44.310456
749694,418997,30554,2,362,724,5.0,2021-06-23 18:27:00,2021-07-28 20:07:20.024824
749695,418998,10790,2,242,484,5.0,2021-12-07 11:56:00,2022-09-23 03:21:39.887163
749696,418998,10792,1,412,412,2.0,2021-12-07 11:56:00,2022-09-23 03:21:39.887163
749697,418999,8094,2,63,126,2.0,2021-12-29 12:07:00,2022-05-24 13:32:14.532024
749698,418999,8098,1,230,230,5.0,2021-12-29 12:07:00,2022-05-24 13:32:14.532024
749699,418999,8093,1,460,460,5.0,2021-12-29 12:07:00,2022-05-24 13:32:14.532024
749700,418999,8088,2,67,134,4.0,2021-12-29 12:07:00,2022-05-24 13:32:14.532024
749701,418999,8102,1,115,115,2.0,2021-12-29 12:07:00,2022-05-24 13:32:14.532024
749702,419001,28565,1,120,120,5.0,2021-10-15 17:22:00,2024-02-07 22:05:05.542747
749703,419001,28560,2,188,376,4.0,2021-10-15 17:22:00,2024-02-07 22:05:05.542747
749704,419002,28054,2,441,882,5.0,2021-11-21 13:10:00,2022-01-10 15:18:10.981882
749705,419002,28058,1,157,157,2.0,2021-11-21 13:10:00,2022-01-10 15:18:10.981882
749706,419002,28056,1,149,149,5.0,2021-11-21 13:10:00,2022-01-10 15:18:10.981882
749707,419003,31633,1,114,114,5.0,2021-12-02 06:19:00,2024-09-09 03:38:23.088301
749708,419004,30976,1,238,238,5.0,2021-12-08 13:27:00,2023-08-30 11:43:42.370016
749709,419004,30978,1,82,82,5.0,2021-12-08 13:27:00,2023-08-30 11:43:42.370016
749710,419004,30974,3,286,858,2.0,2021-12-08 13:27:00,2023-08-30 11:43:42.370016
749711,419004,30977,1,226,226,4.0,2021-12-08 13:27:00,2023-08-30 11:43:42.370016
749712,419004,30973,1,387,387,5.0,2021-12-08 13:27:00,2023-08-30 11:43:42.370016
749713,419006,11734,1,186,186,,2021-12-11 11:59:00,2023-12-23 04:04:43.431704
749714,419007,30949,1,332,332,,2021-04-26 07:45:00,2024-01-15 09:02:48.342212
749715,419007,30942,2,283,566,,2021-04-26 07:45:00,2024-01-15 09:02:48.342212
749716,419008,21601,2,299,598,5.0,2021-01-24 16:02:00,2022-07-11 03:35:01.559572
749717,419009,21940,1,50,50,1.0,2021-04-20 13:46:00,2024-12-31 04:11:40.737699
749718,419009,21938,3,201,603,4.0,2021-04-20 13:46:00,2024-12-31 04:11:40.737699
749719,419010,8101,1,271,271,4.0,2021-12-31 14:03:00,2023-08-04 06:49:01.265678
749720,419010,8095,1,264,264,5.0,2021-12-31 14:03:00,2023-08-04 06:49:01.265678
749721,419011,21888,1,395,395,3.0,2021-11-21 21:03:00,2023-05-31 03:59:11.373234
749722,419011,21891,1,69,69,3.0,2021-11-21 21:03:00,2023-05-31 03:59:11.373234
749723,419012,21719,1,56,56,,2021-09-01 13:20:00,2024-02-12 10:21:51.515854
749724,419012,21717,1,236,236,,2021-09-01 13:20:00,2024-02-12 10:21:51.515854
749725,419013,21892,1,167,167,4.0,2021-10-30 19:11:00,2023-07-10 11:20:42.405442
749726,419013,21882,3,197,591,2.0,2021-10-30 19:11:00,2023-07-10 11:20:42.405442
749727,419014,4851,2,148,296,5.0,2021-12-29 14:23:00,2022-10-03 04:29:01.293002
749728,419015,4528,1,179,179,4.0,2021-12-22 15:51:00,2024-10-30 17:15:59.045710
749729,419016,15566,2,131,262,5.0,2021-12-30 08:47:00,2023-11-13 00:27:28.111679
749730,419017,16234,3,227,681,3.0,2021-12-26 20:41:00,2022-12-15 21:24:36.916636
749731,419017,16233,2,431,862,2.0,2021-12-26 20:41:00,2022-12-15 21:24:36.916636
749732,419018,16162,2,290,580,4.0,2021-12-18 22:01:00,2024-06-13 00:00:47.888599
749733,419019,9767,3,268,804,5.0,2021-07-03 21:41:00,2022-12-08 12:47:24.937807
749734,419020,10401,2,222,444,3.0,2021-09-10 22:36:00,2022-08-28 09:38:54.488845
749735,419020,10403,1,196,196,2.0,2021-09-10 22:36:00,2022-08-28 09:38:54.488845
749736,419021,11059,1,159,159,,2021-03-13 21:16:00,2024-04-08 04:34:30.596371
749737,419021,11065,1,94,94,,2021-03-13 21:16:00,2024-04-08 04:34:30.596371
749738,419022,14568,2,375,750,5.0,2021-11-10 15:46:00,2024-09-27 05:17:08.754520
749739,419022,14563,1,75,75,5.0,2021-11-10 15:46:00,2024-09-27 05:17:08.754520
749740,419022,14561,2,285,570,5.0,2021-11-10 15:46:00,2024-09-27 05:17:08.754520
749741,419023,14321,3,212,636,2.0,2021-08-15 20:16:00,2022-05-09 01:13:17.523245
749742,419024,29954,2,155,310,5.0,2021-12-01 13:04:00,2023-06-06 21:06:56.424110
749743,419024,29961,2,498,996,2.0,2021-12-01 13:04:00,2023-06-06 21:06:56.424110
749744,419024,29956,1,278,278,1.0,2021-12-01 13:04:00,2023-06-06 21:06:56.424110
749745,419024,29958,1,245,245,5.0,2021-12-01 13:04:00,2023-06-06 21:06:56.424110
749746,419025,4844,1,191,191,2.0,2021-12-24 13:26:00,2023-10-16 17:47:12.307207
749747,419025,4851,1,148,148,4.0,2021-12-24 13:26:00,2023-10-16 17:47:12.307207
749748,419026,4844,1,191,191,2.0,2021-12-30 13:09:00,2023-02-02 09:55:49.446943
749749,419026,4851,1,148,148,3.0,2021-12-30 13:09:00,2023-02-02 09:55:49.446943
749750,419027,5293,3,406,1218,4.0,2021-12-27 09:01:00,2022-06-26 14:32:02.800924
749751,419027,5290,1,76,76,5.0,2021-12-27 09:01:00,2022-06-26 14:32:02.800924
749752,419027,5289,1,198,198,5.0,2021-12-27 09:01:00,2022-06-26 14:32:02.800924
749753,419027,5295,2,354,708,3.0,2021-12-27 09:01:00,2022-06-26 14:32:02.800924
749754,419028,15583,2,359,718,4.0,2021-10-04 06:00:00,2024-08-03 08:16:55.508771
749755,419029,15563,2,82,164,5.0,2021-10-20 07:07:00,2024-08-30 23:49:27.768235
749756,419029,15557,1,209,209,4.0,2021-10-20 07:07:00,2024-08-30 23:49:27.768235
749757,419030,31525,3,150,450,,2021-11-14 16:18:00,2024-09-11 07:13:53.469803
749758,419030,31526,1,162,162,,2021-11-14 16:18:00,2024-09-11 07:13:53.469803
749759,419031,22147,2,59,118,5.0,2021-12-22 21:54:00,2024-05-12 18:25:11.521342
749760,419032,21936,2,145,290,5.0,2021-03-20 12:17:00,2021-08-06 22:37:08.035891
749761,419033,30804,2,54,108,,2021-11-24 06:00:00,2022-03-24 21:37:32.737494
749762,419033,30808,1,267,267,,2021-11-24 06:00:00,2022-03-24 21:37:32.737494
749763,419033,30797,1,307,307,,2021-11-24 06:00:00,2022-03-24 21:37:32.737494
749764,419033,30801,1,194,194,,2021-11-24 06:00:00,2022-03-24 21:37:32.737494
749765,419034,30942,1,283,283,5.0,2021-05-29 09:47:00,2023-10-23 05:52:11.003385
749766,419035,30922,1,195,195,2.0,2021-05-03 20:04:00,2023-07-02 21:31:07.366814
749767,419035,30926,1,176,176,3.0,2021-05-03 20:04:00,2023-07-02 21:31:07.366814
749768,419036,15958,3,299,897,,2021-02-13 10:57:00,2024-09-17 01:26:08.882385
749769,419037,16240,1,71,71,,2021-06-13 21:38:00,2022-03-25 09:50:10.766760
749770,419038,11421,1,222,222,4.0,2021-11-11 22:19:00,2022-10-20 15:16:53.298443
749771,419038,11424,2,188,376,3.0,2021-11-11 22:19:00,2022-10-20 15:16:53.298443
749772,419038,11432,1,215,215,5.0,2021-11-11 22:19:00,2022-10-20 15:16:53.298443
749773,419039,15852,1,242,242,4.0,2021-03-04 08:52:00,2022-05-20 23:49:09.040075
749774,419040,21937,1,377,377,5.0,2021-09-24 12:20:00,2023-10-31 11:35:54.306183
749775,419042,30951,1,236,236,5.0,2021-05-19 07:53:00,2023-06-06 09:40:21.147014
749776,419043,15585,1,298,298,3.0,2021-09-24 06:04:00,2023-03-24 05:12:45.077438
749777,419044,15975,2,186,372,,2021-12-02 07:55:00,2022-06-29 07:37:29.744639
749778,419044,15979,1,148,148,,2021-12-02 07:55:00,2022-06-29 07:37:29.744639
749779,419044,15978,3,265,795,,2021-12-02 07:55:00,2022-06-29 07:37:29.744639
749780,419044,15980,2,144,288,,2021-12-02 07:55:00,2022-06-29 07:37:29.744639
749781,419045,30951,1,236,236,,2021-10-27 10:28:00,2024-09-24 18:29:29.187863
749782,419046,31483,2,99,198,5.0,2021-12-07 16:47:00,2023-12-03 13:34:02.668915
749783,419046,31490,3,278,834,4.0,2021-12-07 16:47:00,2023-12-03 13:34:02.668915
749784,419047,30969,1,228,228,,2021-10-15 12:51:00,2025-01-29 02:48:35.291365
749785,419047,30974,1,286,286,,2021-10-15 12:51:00,2025-01-29 02:48:35.291365
749786,419048,15557,2,209,418,3.0,2021-12-08 07:32:00,2021-12-16 00:42:27.657286
749787,419048,15562,3,98,294,1.0,2021-12-08 07:32:00,2021-12-16 00:42:27.657286
749788,419049,15952,1,212,212,3.0,2021-12-26 09:03:00,2023-05-06 17:43:33.366570
749789,419050,30973,1,387,387,4.0,2021-12-24 12:41:00,2023-01-05 07:37:04.895576
749790,419050,30974,2,286,572,5.0,2021-12-24 12:41:00,2023-01-05 07:37:04.895576
749791,419050,30969,1,228,228,5.0,2021-12-24 12:41:00,2023-01-05 07:37:04.895576
749792,419051,11319,3,129,387,,2021-11-27 23:14:00,2025-02-02 07:58:47.284722
749793,419052,14094,2,396,792,1.0,2021-12-19 11:16:00,2023-12-26 21:09:31.294828
749794,419053,30703,1,200,200,5.0,2021-11-25 10:11:00,2024-07-16 10:30:12.081719
749795,419053,30713,1,323,323,4.0,2021-11-25 10:11:00,2024-07-16 10:30:12.081719
749796,419053,30707,2,259,518,3.0,2021-11-25 10:11:00,2024-07-16 10:30:12.081719
749797,419053,30706,2,110,220,3.0,2021-11-25 10:11:00,2024-07-16 10:30:12.081719
749798,419054,30555,1,257,257,,2021-11-14 18:32:00,2024-05-02 15:42:14.539889
749799,419055,29970,1,59,59,4.0,2021-12-13 20:31:00,2023-09-21 06:18:46.841054
749800,419056,11270,3,171,513,1.0,2021-11-16 19:21:00,2024-01-16 22:25:42.908077
749801,419057,11460,1,174,174,2.0,2021-11-04 08:11:00,2021-12-04 01:57:44.271984
749802,419057,11463,3,123,369,3.0,2021-11-04 08:11:00,2021-12-04 01:57:44.271984
749803,419058,30244,2,128,256,5.0,2021-12-01 22:11:00,2023-10-27 13:46:08.305488
749804,419058,30236,1,269,269,5.0,2021-12-01 22:11:00,2023-10-27 13:46:08.305488
749805,419059,10131,1,211,211,2.0,2021-08-04 14:23:00,2023-05-07 09:46:18.155292
749806,419059,10132,1,120,120,2.0,2021-08-04 14:23:00,2023-05-07 09:46:18.155292
749807,419060,10081,3,62,186,4.0,2021-10-22 16:55:00,2023-02-11 03:45:15.129642
749808,419060,10075,1,369,369,5.0,2021-10-22 16:55:00,2023-02-11 03:45:15.129642
749809,419061,4844,1,191,191,4.0,2021-12-22 13:39:00,2024-02-18 23:44:12.432747
749810,419061,4851,2,148,296,5.0,2021-12-22 13:39:00,2024-02-18 23:44:12.432747
749811,419062,4531,1,116,116,,2021-12-30 14:41:00,2022-01-13 09:20:13.757809
749812,419063,5082,1,116,116,4.0,2021-12-31 11:49:00,2024-11-26 23:09:47.103508
749813,419064,4647,1,418,418,2.0,2021-12-21 20:21:00,2024-10-19 23:06:19.839269
749814,419065,15967,1,230,230,3.0,2021-03-14 15:48:00,2021-07-29 04:22:58.582228
749815,419065,15970,1,217,217,4.0,2021-03-14 15:48:00,2021-07-29 04:22:58.582228
749816,419066,15568,1,264,264,4.0,2021-10-04 10:58:00,2023-08-25 11:58:22.517461
749817,419067,21600,1,369,369,1.0,2021-05-22 17:14:00,2023-01-16 21:11:08.949863
749818,419067,21608,3,114,342,4.0,2021-05-22 17:14:00,2023-01-16 21:11:08.949863
749819,419067,21598,1,179,179,3.0,2021-05-22 17:14:00,2023-01-16 21:11:08.949863
749820,419068,22139,1,259,259,5.0,2021-08-07 20:31:00,2022-12-07 23:31:21.134566
749821,419068,22149,1,280,280,5.0,2021-08-07 20:31:00,2022-12-07 23:31:21.134566
749822,419069,4742,1,105,105,4.0,2021-11-09 21:13:00,2024-08-10 02:02:16.042258
749823,419069,4754,3,150,450,5.0,2021-11-09 21:13:00,2024-08-10 02:02:16.042258
749824,419070,4744,1,261,261,5.0,2021-09-21 21:58:00,2022-03-20 11:30:04.360456
749825,419071,11732,2,107,214,3.0,2021-11-09 12:55:00,2022-11-04 03:35:48.278756
749826,419071,11723,2,144,288,2.0,2021-11-09 12:55:00,2022-11-04 03:35:48.278756
749827,419072,10915,1,268,268,5.0,2021-12-08 13:00:00,2022-12-06 15:58:30.279937
749828,419072,10916,2,164,328,4.0,2021-12-08 13:00:00,2022-12-06 15:58:30.279937
749829,419073,14568,2,375,750,3.0,2021-11-11 12:12:00,2022-04-06 04:40:16.604399
749830,419074,14089,1,289,289,1.0,2021-11-28 11:38:00,2024-05-15 21:05:50.472468
749831,419075,5296,1,158,158,3.0,2021-11-27 06:20:00,2024-09-18 04:24:26.072181
749832,419075,5295,1,354,354,1.0,2021-11-27 06:20:00,2024-09-18 04:24:26.072181
749833,419076,4529,1,89,89,2.0,2021-11-19 15:54:00,2023-04-21 16:15:17.330562
749834,419077,11464,1,290,290,1.0,2021-12-27 06:39:00,2022-02-16 03:33:39.002458
749835,419077,11460,1,174,174,5.0,2021-12-27 06:39:00,2022-02-16 03:33:39.002458
749836,419078,8670,2,231,462,,2021-12-29 21:05:00,2025-03-03 08:13:39.354450
749837,419079,9772,3,154,462,5.0,2021-10-12 19:16:00,2024-10-16 13:18:31.842801
749838,419079,9773,3,236,708,5.0,2021-10-12 19:16:00,2024-10-16 13:18:31.842801
749839,419080,10131,3,211,633,1.0,2021-09-29 14:31:00,2023-12-14 15:00:05.750188
749840,419080,10135,2,229,458,5.0,2021-09-29 14:31:00,2023-12-14 15:00:05.750188
749841,419080,10128,2,93,186,2.0,2021-09-29 14:31:00,2023-12-14 15:00:05.750188
749842,419080,10132,1,120,120,4.0,2021-09-29 14:31:00,2023-12-14 15:00:05.750188
749843,419080,10133,1,278,278,4.0,2021-09-29 14:31:00,2023-12-14 15:00:05.750188
749844,419081,9776,1,107,107,5.0,2021-12-02 21:26:00,2024-01-08 10:37:59.053584
749845,419082,9775,1,239,239,4.0,2021-08-20 22:46:00,2024-04-17 05:45:08.451098
749846,419083,4642,3,194,582,4.0,2021-09-01 21:38:00,2023-08-08 01:35:51.398004
749847,419083,4646,2,99,198,3.0,2021-09-01 21:38:00,2023-08-08 01:35:51.398004
749848,419083,4641,2,70,140,4.0,2021-09-01 21:38:00,2023-08-08 01:35:51.398004
749849,419084,15965,1,79,79,5.0,2021-12-20 14:58:00,2022-06-29 06:48:33.409549
749850,419084,15971,1,228,228,1.0,2021-12-20 14:58:00,2022-06-29 06:48:33.409549
749851,419084,15973,2,119,238,1.0,2021-12-20 14:58:00,2022-06-29 06:48:33.409549
749852,419084,15974,1,173,173,5.0,2021-12-20 14:58:00,2022-06-29 06:48:33.409549
749853,419085,15955,3,130,390,3.0,2021-11-17 07:36:00,2023-06-23 10:17:20.400196
749854,419085,15957,3,137,411,2.0,2021-11-17 07:36:00,2023-06-23 10:17:20.400196
749855,419085,15959,1,184,184,5.0,2021-11-17 07:36:00,2023-06-23 10:17:20.400196
749856,419086,28219,1,129,129,4.0,2021-11-27 18:54:00,2025-04-13 19:48:23.810762
749857,419086,28213,1,379,379,5.0,2021-11-27 18:54:00,2025-04-13 19:48:23.810762
749858,419086,28222,1,196,196,5.0,2021-11-27 18:54:00,2025-04-13 19:48:23.810762
749859,419088,27985,1,275,275,4.0,2021-12-29 13:20:00,2024-05-28 04:52:05.961425
749860,419088,27978,1,205,205,5.0,2021-12-29 13:20:00,2024-05-28 04:52:05.961425
749861,419088,27980,3,291,873,3.0,2021-12-29 13:20:00,2024-05-28 04:52:05.961425
749862,419088,27977,2,371,742,5.0,2021-12-29 13:20:00,2024-05-28 04:52:05.961425
749863,419089,21887,1,191,191,2.0,2021-12-20 22:39:00,2023-07-03 01:42:06.274143
749864,419089,21881,1,90,90,5.0,2021-12-20 22:39:00,2023-07-03 01:42:06.274143
749865,419090,21830,2,291,582,4.0,2021-10-05 19:43:00,2024-01-16 22:47:37.888963
749866,419091,21598,1,179,179,,2021-08-31 16:52:00,2023-05-21 08:42:14.887298
749867,419092,28269,1,134,134,,2021-11-30 20:24:00,2023-03-26 20:34:42.437348
749868,419094,5082,1,116,116,5.0,2021-10-12 14:58:00,2023-01-25 12:04:59.741771
749869,419095,4648,1,51,51,5.0,2021-10-07 20:50:00,2024-02-25 11:20:51.125353
749870,419096,11276,3,274,822,3.0,2021-01-18 21:21:00,2023-06-09 16:04:19.731560
749871,419096,11281,2,253,506,4.0,2021-01-18 21:21:00,2023-06-09 16:04:19.731560
749872,419096,11277,1,244,244,4.0,2021-01-18 21:21:00,2023-06-09 16:04:19.731560
749873,419096,11271,2,274,548,4.0,2021-01-18 21:21:00,2023-06-09 16:04:19.731560
749874,419097,11050,1,274,274,4.0,2021-05-24 06:49:00,2021-12-14 09:16:13.815267
749875,419098,28558,2,262,524,2.0,2021-10-24 16:11:00,2023-09-26 21:36:38.848056
749876,419098,28565,1,120,120,5.0,2021-10-24 16:11:00,2023-09-26 21:36:38.848056
749877,419099,8093,3,460,1380,,2021-12-31 14:21:00,2024-11-15 12:13:22.455507
749878,419099,8099,2,69,138,,2021-12-31 14:21:00,2024-11-15 12:13:22.455507
749879,419099,8088,1,67,67,,2021-12-31 14:21:00,2024-11-15 12:13:22.455507
749880,419099,8102,1,115,115,,2021-12-31 14:21:00,2024-11-15 12:13:22.455507
749881,419099,8100,1,185,185,,2021-12-31 14:21:00,2024-11-15 12:13:22.455507
749882,419100,7963,2,437,874,5.0,2021-12-29 17:41:00,2024-05-31 01:01:40.819662
749883,419100,7967,1,289,289,5.0,2021-12-29 17:41:00,2024-05-31 01:01:40.819662
749884,419100,7955,2,86,172,5.0,2021-12-29 17:41:00,2024-05-31 01:01:40.819662
749885,419102,21825,1,74,74,4.0,2021-10-24 21:59:00,2025-03-22 08:17:56.694506
749886,419103,16237,2,166,332,,2021-10-31 21:00:00,2025-03-01 10:06:01.260609
749887,419103,16238,2,218,436,,2021-10-31 21:00:00,2025-03-01 10:06:01.260609
749888,419103,16233,1,431,431,,2021-10-31 21:00:00,2025-03-01 10:06:01.260609
749889,419103,16232,1,169,169,,2021-10-31 21:00:00,2025-03-01 10:06:01.260609
749890,419104,10757,2,86,172,5.0,2021-10-06 12:58:00,2024-08-25 01:25:25.558468
749891,419105,11055,1,288,288,3.0,2021-07-09 09:12:00,2023-06-10 14:09:52.205132
749892,419105,11053,1,241,241,5.0,2021-07-09 09:12:00,2023-06-10 14:09:52.205132
749893,419106,14321,1,212,212,1.0,2021-07-24 21:44:00,2022-01-17 16:33:51.923561
749894,419107,14093,3,210,630,4.0,2021-09-15 13:10:00,2024-07-14 07:34:12.342138
749895,419107,14091,3,254,762,4.0,2021-09-15 13:10:00,2024-07-14 07:34:12.342138
749896,419107,14085,2,110,220,4.0,2021-09-15 13:10:00,2024-07-14 07:34:12.342138
749897,419108,10404,1,83,83,4.0,2021-12-08 22:39:00,2022-09-20 23:07:21.844222
749898,419108,10402,1,157,157,4.0,2021-12-08 22:39:00,2022-09-20 23:07:21.844222
749899,419109,22147,1,59,59,4.0,2021-10-01 20:34:00,2025-02-21 00:56:58.088702
749900,419110,21714,1,319,319,4.0,2021-06-05 12:06:00,2024-02-21 14:06:30.960297
749901,419110,21723,1,238,238,4.0,2021-06-05 12:06:00,2024-02-21 14:06:30.960297
749902,419112,8003,1,152,152,,2021-12-05 12:53:00,2022-04-20 19:39:15.928824
749903,419113,8676,2,130,260,2.0,2021-12-25 22:31:00,2023-02-03 08:48:13.586446
749904,419113,8666,2,249,498,5.0,2021-12-25 22:31:00,2023-02-03 08:48:13.586446
749905,419114,21721,2,337,674,3.0,2021-11-17 14:50:00,2024-11-04 03:25:23.173658
749906,419115,22145,1,297,297,,2021-12-12 19:29:00,2022-05-27 06:05:43.906031
749907,419116,21717,2,236,472,4.0,2021-11-03 14:28:00,2023-12-22 02:27:48.898978
749908,419117,16384,1,279,279,,2021-12-02 12:54:00,2024-03-29 02:02:09.886268
749909,419118,15855,2,380,760,5.0,2021-04-12 08:08:00,2022-03-21 16:54:37.417979
749910,419119,16235,2,448,896,5.0,2021-03-17 22:59:00,2022-06-24 15:11:19.311482
749911,419120,21886,1,107,107,5.0,2021-10-31 20:42:00,2021-11-17 00:19:15.999289
749912,419120,21889,1,87,87,5.0,2021-10-31 20:42:00,2021-11-17 00:19:15.999289
749913,419121,21937,3,377,1131,4.0,2021-09-19 13:40:00,2025-03-21 16:10:12.502995
749914,419121,21938,1,201,201,4.0,2021-09-19 13:40:00,2025-03-21 16:10:12.502995
749915,419121,21940,1,50,50,5.0,2021-09-19 13:40:00,2025-03-21 16:10:12.502995
749916,419121,21933,1,186,186,2.0,2021-09-19 13:40:00,2025-03-21 16:10:12.502995
749917,419121,21934,2,295,590,5.0,2021-09-19 13:40:00,2025-03-21 16:10:12.502995
749918,419122,30408,1,146,146,4.0,2021-12-18 21:59:00,2022-05-01 21:26:44.527897
749919,419123,30561,1,165,165,4.0,2021-08-30 18:14:00,2025-04-02 15:03:37.486457
749920,419123,30554,2,362,724,5.0,2021-08-30 18:14:00,2025-04-02 15:03:37.486457
749921,419124,7997,2,246,492,5.0,2021-12-05 12:19:00,2022-11-12 12:52:00.108770
749922,419125,30950,1,174,174,5.0,2021-08-30 07:26:00,2023-12-21 13:04:10.894571
749923,419125,30944,2,90,180,3.0,2021-08-30 07:26:00,2023-12-21 13:04:10.894571
749924,419125,30943,1,74,74,3.0,2021-08-30 07:26:00,2023-12-21 13:04:10.894571
749925,419125,30942,1,283,283,4.0,2021-08-30 07:26:00,2023-12-21 13:04:10.894571
749926,419126,7997,3,246,738,,2021-12-25 11:18:00,2022-05-11 04:36:07.270154
749927,419127,21714,1,319,319,4.0,2021-06-06 14:00:00,2024-06-22 02:24:56.933783
749928,419127,21712,1,112,112,5.0,2021-06-06 14:00:00,2024-06-22 02:24:56.933783
749929,419128,8095,2,264,528,1.0,2021-11-19 14:14:00,2024-06-10 19:31:01.353500
749930,419129,28220,2,498,996,5.0,2021-12-06 18:50:00,2023-11-08 12:59:56.224093
749931,419130,27898,1,363,363,5.0,2021-09-04 22:20:00,2023-04-09 16:45:00.226615
749932,419131,30165,2,54,108,5.0,2021-09-19 21:24:00,2023-09-04 14:29:34.055929
749933,419132,29971,1,78,78,4.0,2021-06-12 21:43:00,2023-07-26 02:18:08.297521
749934,419132,29979,2,82,164,4.0,2021-06-12 21:43:00,2023-07-26 02:18:08.297521
749935,419133,30172,1,454,454,1.0,2021-06-03 22:25:00,2024-03-18 08:51:52.943869
749936,419134,30063,2,218,436,,2021-11-29 23:15:00,2023-11-03 13:40:11.104762
749937,419134,30055,1,289,289,,2021-11-29 23:15:00,2023-11-03 13:40:11.104762
749938,419135,30463,2,84,168,3.0,2021-01-28 14:31:00,2024-05-06 16:55:09.496445
749939,419136,28248,1,101,101,2.0,2021-07-13 06:47:00,2024-09-30 13:29:40.218421
749940,419136,28241,3,90,270,5.0,2021-07-13 06:47:00,2024-09-30 13:29:40.218421
749941,419137,31527,1,332,332,5.0,2021-12-08 17:46:00,2024-05-01 15:45:46.888405
749942,419138,11577,1,316,316,,2021-10-04 15:05:00,2023-10-21 16:07:11.751367
749943,419138,11580,2,370,740,,2021-10-04 15:05:00,2023-10-21 16:07:11.751367
749944,419139,10739,1,215,215,5.0,2021-11-25 09:20:00,2025-01-10 21:51:21.371958
749945,419139,10735,2,70,140,3.0,2021-11-25 09:20:00,2025-01-10 21:51:21.371958
749946,419140,15962,1,278,278,2.0,2021-07-13 06:46:00,2023-12-14 12:01:03.783190
749947,419141,16380,2,214,428,4.0,2021-12-26 15:08:00,2025-03-20 13:06:28.298071
749948,419141,16376,2,294,588,5.0,2021-12-26 15:08:00,2025-03-20 13:06:28.298071
749949,419142,16181,2,114,228,2.0,2021-07-26 13:57:00,2025-03-14 13:54:23.878624
749950,419143,11388,1,165,165,2.0,2021-12-04 19:28:00,2024-09-02 22:14:25.815884
749951,419144,10757,1,86,86,5.0,2021-12-01 13:35:00,2023-03-26 01:33:17.892980
749952,419144,10759,1,99,99,3.0,2021-12-01 13:35:00,2023-03-26 01:33:17.892980
749953,419144,10760,1,268,268,2.0,2021-12-01 13:35:00,2023-03-26 01:33:17.892980
749954,419144,10766,2,62,124,3.0,2021-12-01 13:35:00,2023-03-26 01:33:17.892980
749955,419144,10758,2,192,384,5.0,2021-12-01 13:35:00,2023-03-26 01:33:17.892980
749956,419145,28247,1,157,157,4.0,2021-10-30 08:54:00,2023-09-18 14:01:06.497917
749957,419146,27917,3,219,657,5.0,2021-11-25 09:16:00,2022-04-29 13:06:38.272093
749958,419146,27925,2,269,538,4.0,2021-11-25 09:16:00,2022-04-29 13:06:38.272093
749959,419146,27919,1,72,72,5.0,2021-11-25 09:16:00,2022-04-29 13:06:38.272093
749960,419147,11616,1,230,230,,2021-10-03 17:44:00,2025-02-02 01:02:13.193247
749961,419148,11419,1,66,66,5.0,2021-08-30 20:59:00,2023-08-04 00:16:01.819808
749962,419148,11426,1,241,241,4.0,2021-08-30 20:59:00,2023-08-04 00:16:01.819808
749963,419148,11418,2,208,416,1.0,2021-08-30 20:59:00,2023-08-04 00:16:01.819808
749964,419149,11055,2,288,576,5.0,2021-12-19 07:38:00,2023-10-05 14:31:43.052488
749965,419150,11605,1,195,195,2.0,2021-08-06 18:01:00,2022-10-05 11:16:54.268890
749966,419150,11606,2,242,484,5.0,2021-08-06 18:01:00,2022-10-05 11:16:54.268890
749967,419151,15959,1,184,184,4.0,2021-01-08 08:45:00,2022-05-30 23:45:05.029057
749968,419152,15844,1,163,163,1.0,2021-07-24 08:43:00,2023-04-19 17:45:02.878361
749969,419153,15958,1,299,299,5.0,2021-01-08 07:02:00,2021-12-13 13:31:52.231332
749970,419154,13847,1,208,208,4.0,2021-12-28 06:18:00,2024-08-21 11:39:47.414715
749971,419154,13843,2,74,148,4.0,2021-12-28 06:18:00,2024-08-21 11:39:47.414715
749972,419155,5295,3,354,1062,,2021-12-26 09:34:00,2024-09-17 16:30:27.719491
749973,419155,5291,2,440,880,,2021-12-26 09:34:00,2024-09-17 16:30:27.719491
749974,419155,5290,2,76,152,,2021-12-26 09:34:00,2024-09-17 16:30:27.719491
749975,419156,4754,1,150,150,5.0,2021-08-07 22:52:00,2023-08-06 12:07:16.008171
749976,419157,4648,3,51,153,,2021-11-01 21:29:00,2023-06-02 21:07:52.973128
749977,419158,4745,1,146,146,3.0,2021-09-15 22:39:00,2023-05-24 07:31:47.406097
749978,419158,4750,1,63,63,5.0,2021-09-15 22:39:00,2023-05-24 07:31:47.406097
749979,419159,5249,1,274,274,5.0,2021-10-14 23:31:00,2022-06-04 00:32:24.808378
749980,419160,10414,1,82,82,4.0,2021-12-29 23:47:00,2023-12-19 23:40:01.897611
749981,419161,9875,1,267,267,4.0,2021-12-10 14:47:00,2023-04-06 20:49:39.924249
749982,419162,10075,1,369,369,4.0,2021-12-17 17:38:00,2022-04-23 23:34:05.581137
749983,419163,8095,1,264,264,,2021-11-15 14:14:00,2023-01-29 12:09:13.768440
749984,419164,11323,1,178,178,1.0,2021-03-15 23:47:00,2022-12-27 18:02:29.879836
749985,419164,11320,1,52,52,4.0,2021-03-15 23:47:00,2022-12-27 18:02:29.879836
749986,419164,11316,1,232,232,5.0,2021-03-15 23:47:00,2022-12-27 18:02:29.879836
749987,419164,11319,1,129,129,5.0,2021-03-15 23:47:00,2022-12-27 18:02:29.879836
749988,419165,10787,1,143,143,4.0,2021-03-08 12:27:00,2022-09-19 12:55:42.874360
749989,419165,10786,2,211,422,5.0,2021-03-08 12:27:00,2022-09-19 12:55:42.874360
749990,419166,11269,1,249,249,5.0,2021-04-06 22:54:00,2022-09-14 02:58:15.105772
749991,419166,11282,2,181,362,4.0,2021-04-06 22:54:00,2022-09-14 02:58:15.105772
749992,419167,21940,1,50,50,5.0,2021-08-29 12:39:00,2024-09-30 20:49:16.588637
749993,419167,21935,1,161,161,5.0,2021-08-29 12:39:00,2024-09-30 20:49:16.588637
749994,419168,11430,2,169,338,,2021-09-26 19:55:00,2025-02-10 09:31:36.226720
749995,419168,11425,1,132,132,,2021-09-26 19:55:00,2025-02-10 09:31:36.226720
749996,419168,11431,1,223,223,,2021-09-26 19:55:00,2025-02-10 09:31:36.226720
749997,419169,14315,2,113,226,5.0,2021-10-13 21:47:00,2022-02-13 00:47:39.612211
749998,419170,14361,1,398,398,3.0,2021-11-13 12:43:00,2022-05-09 20:36:46.608260
749999,419171,11464,1,290,290,5.0,2021-11-15 07:57:00,2024-01-17 14:07:29.807387
750000,419171,11461,2,247,494,1.0,2021-11-15 07:57:00,2024-01-17 14:07:29.807387
750001,419171,11455,2,407,814,4.0,2021-11-15 07:57:00,2024-01-17 14:07:29.807387
750002,419172,11572,2,199,398,5.0,2021-12-13 13:11:00,2024-08-07 13:37:05.833633
750003,419172,11571,1,318,318,2.0,2021-12-13 13:11:00,2024-08-07 13:37:05.833633
750004,419173,11062,1,106,106,5.0,2021-11-06 23:13:00,2024-01-06 17:00:33.771805
750005,419174,13805,1,254,254,5.0,2021-11-26 22:18:00,2022-03-08 16:58:14.129221
750006,419175,13748,1,280,280,4.0,2021-12-03 21:58:00,2024-03-17 03:51:14.067077
750007,419175,13747,1,105,105,4.0,2021-12-03 21:58:00,2024-03-17 03:51:14.067077
750008,419176,15567,2,328,656,5.0,2021-10-20 06:25:00,2025-04-21 19:41:55.351110
750009,419177,16181,1,114,114,1.0,2021-12-24 12:33:00,2022-12-03 05:38:21.790997
750010,419178,16237,2,166,332,5.0,2021-10-25 22:32:00,2022-12-26 06:38:02.467451
750011,419178,16239,2,186,372,4.0,2021-10-25 22:32:00,2022-12-26 06:38:02.467451
750012,419178,16238,1,218,218,5.0,2021-10-25 22:32:00,2022-12-26 06:38:02.467451
750013,419178,16235,3,448,1344,5.0,2021-10-25 22:32:00,2022-12-26 06:38:02.467451
750014,419179,15850,1,239,239,4.0,2021-09-22 10:22:00,2023-02-16 18:38:35.001800
750015,419180,15925,1,374,374,4.0,2021-09-23 22:54:00,2023-02-20 15:00:31.585283
750016,419180,15915,1,287,287,5.0,2021-09-23 22:54:00,2023-02-20 15:00:31.585283
750017,419181,21891,1,69,69,4.0,2021-10-11 19:08:00,2024-02-16 08:17:34.508785
750018,419181,21882,1,197,197,5.0,2021-10-11 19:08:00,2024-02-16 08:17:34.508785
750019,419181,21885,1,293,293,1.0,2021-10-11 19:08:00,2024-02-16 08:17:34.508785
750020,419181,21890,2,203,406,4.0,2021-10-11 19:08:00,2024-02-16 08:17:34.508785
750021,419181,21889,1,87,87,4.0,2021-10-11 19:08:00,2024-02-16 08:17:34.508785
750022,419182,22144,2,297,594,3.0,2021-11-02 20:48:00,2022-06-06 22:06:54.940078
750023,419183,21822,1,326,326,4.0,2021-10-28 21:59:00,2023-02-13 13:53:55.038037
750024,419183,21829,1,207,207,2.0,2021-10-28 21:59:00,2023-02-13 13:53:55.038037
750025,419183,21827,1,219,219,5.0,2021-10-28 21:59:00,2023-02-13 13:53:55.038037
750026,419183,21832,1,79,79,5.0,2021-10-28 21:59:00,2023-02-13 13:53:55.038037
750027,419184,21892,2,167,334,4.0,2021-12-02 19:07:00,2022-04-06 22:25:00.068839
750028,419186,30803,1,203,203,5.0,2021-11-18 06:20:00,2024-12-20 21:01:58.614484
750029,419186,30804,2,54,108,5.0,2021-11-18 06:20:00,2024-12-20 21:01:58.614484
750030,419187,30928,1,67,67,5.0,2021-11-23 19:39:00,2022-04-21 18:41:00.346206
750031,419188,14704,2,55,110,5.0,2021-12-25 15:20:00,2023-10-29 20:26:43.575837
750032,419188,14714,1,244,244,2.0,2021-12-25 15:20:00,2023-10-29 20:26:43.575837
750033,419188,14710,1,263,263,4.0,2021-12-25 15:20:00,2023-10-29 20:26:43.575837
750034,419189,14677,1,240,240,,2021-12-27 09:57:00,2024-11-24 23:43:52.464009
750035,419189,14670,1,186,186,,2021-12-27 09:57:00,2024-11-24 23:43:52.464009
750036,419190,13802,1,81,81,4.0,2021-12-20 20:12:00,2022-06-12 04:48:50.266528
750037,419191,8666,1,249,249,5.0,2021-12-21 20:51:00,2024-06-04 05:45:23.584253
750038,419193,8254,2,132,264,,2021-12-31 20:02:00,2024-11-15 12:28:09.744516
750039,419194,11588,2,205,410,5.0,2021-12-13 13:00:00,2024-10-26 19:43:12.062840
750040,419195,30927,1,69,69,5.0,2021-05-11 20:33:00,2024-11-11 14:41:27.101979
750041,419196,21833,2,62,124,4.0,2021-11-23 21:03:00,2023-10-18 20:27:12.380677
750042,419197,21828,2,72,144,1.0,2021-09-19 19:43:00,2024-08-27 22:01:11.083427
750043,419198,21720,2,210,420,2.0,2021-12-22 14:44:00,2024-01-12 06:37:50.818298
750044,419198,21717,3,236,708,4.0,2021-12-22 14:44:00,2024-01-12 06:37:50.818298
750045,419199,28167,1,385,385,4.0,2021-10-17 20:03:00,2024-09-21 22:57:07.608767
750046,419199,28169,3,205,615,1.0,2021-10-17 20:03:00,2024-09-21 22:57:07.608767
750047,419200,28167,1,385,385,5.0,2021-12-16 20:00:00,2024-02-18 22:07:30.477037
750048,419201,30355,1,81,81,,2021-09-15 22:32:00,2022-11-04 12:25:20.877430
750049,419201,30349,2,56,112,,2021-09-15 22:32:00,2022-11-04 12:25:20.877430
750050,419202,30240,1,372,372,3.0,2021-10-30 20:11:00,2024-06-04 22:56:13.889658
750051,419203,30173,1,204,204,2.0,2021-09-25 23:02:00,2023-06-23 08:08:18.222627
750052,419203,30161,1,273,273,5.0,2021-09-25 23:02:00,2023-06-23 08:08:18.222627
750053,419203,30160,1,155,155,5.0,2021-09-25 23:02:00,2023-06-23 08:08:18.222627
750054,419204,13810,1,105,105,5.0,2021-09-05 19:31:00,2024-05-08 07:01:41.858805
750055,419204,13805,2,254,508,5.0,2021-09-05 19:31:00,2024-05-08 07:01:41.858805
750056,419205,5290,1,76,76,1.0,2021-10-25 06:38:00,2024-08-19 00:41:50.556022
750057,419206,28173,1,99,99,1.0,2021-12-03 20:16:00,2024-09-23 06:30:45.599412
750058,419206,28169,1,205,205,5.0,2021-12-03 20:16:00,2024-09-23 06:30:45.599412
750059,419206,28175,2,222,444,4.0,2021-12-03 20:16:00,2024-09-23 06:30:45.599412
750060,419207,29972,2,220,440,5.0,2021-11-01 19:49:00,2024-07-14 03:06:34.270263
750061,419208,30243,3,174,522,4.0,2021-12-08 21:59:00,2022-08-01 00:37:41.283529
750062,419209,30247,1,338,338,5.0,2021-10-28 20:36:00,2024-11-07 11:19:27.329401
750063,419209,30241,1,249,249,3.0,2021-10-28 20:36:00,2024-11-07 11:19:27.329401
750064,419210,30970,1,288,288,5.0,2021-11-08 12:41:00,2023-12-01 22:25:10.026708
750065,419211,30921,1,78,78,5.0,2021-10-10 20:00:00,2022-02-15 06:38:42.222405
750066,419211,30917,1,235,235,5.0,2021-10-10 20:00:00,2022-02-15 06:38:42.222405
750067,419212,10773,1,60,60,1.0,2021-11-30 21:32:00,2021-12-27 23:44:09.889532
750068,419213,11455,1,407,407,4.0,2021-09-20 06:29:00,2022-09-18 13:35:59.989578
750069,419214,9985,2,220,440,5.0,2021-12-19 13:01:00,2023-10-09 23:28:37.559075
750070,419215,9874,1,481,481,,2021-12-27 13:58:00,2024-07-16 11:14:04.291429
750071,419215,9880,2,256,512,,2021-12-27 13:58:00,2024-07-16 11:14:04.291429
750072,419215,9881,2,213,426,,2021-12-27 13:58:00,2024-07-16 11:14:04.291429
750073,419215,9875,1,267,267,,2021-12-27 13:58:00,2024-07-16 11:14:04.291429
750074,419215,9878,2,207,414,,2021-12-27 13:58:00,2024-07-16 11:14:04.291429
750075,419216,10137,1,226,226,4.0,2021-12-01 13:19:00,2023-05-23 02:53:04.750055
750076,419216,10131,3,211,633,1.0,2021-12-01 13:19:00,2023-05-23 02:53:04.750055
750077,419216,10132,2,120,240,4.0,2021-12-01 13:19:00,2023-05-23 02:53:04.750055
750078,419217,21885,1,293,293,,2021-12-15 22:43:00,2024-01-29 19:05:43.288693
750079,419218,21834,1,79,79,4.0,2021-10-27 19:31:00,2023-01-01 16:12:46.220117
750080,419218,21827,2,219,438,4.0,2021-10-27 19:31:00,2023-01-01 16:12:46.220117
750081,419218,21833,1,62,62,5.0,2021-10-27 19:31:00,2023-01-01 16:12:46.220117
750082,419219,11609,2,200,400,5.0,2021-09-30 17:46:00,2023-03-03 09:23:04.118781
750083,419219,11617,3,265,795,2.0,2021-09-30 17:46:00,2023-03-03 09:23:04.118781
750084,419220,11049,1,100,100,2.0,2021-10-22 08:05:00,2023-01-28 11:49:57.396019
750085,419220,11057,1,254,254,3.0,2021-10-22 08:05:00,2023-01-28 11:49:57.396019
750086,419220,11051,1,250,250,4.0,2021-10-22 08:05:00,2023-01-28 11:49:57.396019
750087,419220,11052,1,56,56,4.0,2021-10-22 08:05:00,2023-01-28 11:49:57.396019
750088,419221,10766,1,62,62,4.0,2021-12-10 12:46:00,2022-10-27 11:27:50.667573
750089,419221,10762,2,344,688,5.0,2021-12-10 12:46:00,2022-10-27 11:27:50.667573
750090,419221,10759,3,99,297,5.0,2021-12-10 12:46:00,2022-10-27 11:27:50.667573
750091,419222,28242,2,214,428,4.0,2021-08-28 07:09:00,2025-03-20 22:46:53.556809
750092,419222,28246,3,83,249,5.0,2021-08-28 07:09:00,2025-03-20 22:46:53.556809
750093,419223,27980,1,291,291,4.0,2021-08-29 15:51:00,2022-12-25 10:35:17.651819
750094,419223,27983,2,141,282,4.0,2021-08-29 15:51:00,2022-12-25 10:35:17.651819
750095,419223,27982,1,236,236,4.0,2021-08-29 15:51:00,2022-12-25 10:35:17.651819
750096,419223,27979,1,92,92,5.0,2021-08-29 15:51:00,2022-12-25 10:35:17.651819
750097,419223,27981,2,98,196,2.0,2021-08-29 15:51:00,2022-12-25 10:35:17.651819
750098,419224,27983,3,141,423,3.0,2021-11-03 15:44:00,2023-11-17 13:05:38.275625
750099,419224,27980,2,291,582,1.0,2021-11-03 15:44:00,2023-11-17 13:05:38.275625
750100,419224,27985,1,275,275,5.0,2021-11-03 15:44:00,2023-11-17 13:05:38.275625
750101,419224,27986,2,98,196,4.0,2021-11-03 15:44:00,2023-11-17 13:05:38.275625
750102,419225,8253,1,225,225,1.0,2021-12-23 21:20:00,2024-01-24 11:38:13.102898
750103,419225,8252,1,164,164,5.0,2021-12-23 21:20:00,2024-01-24 11:38:13.102898
750104,419225,8248,1,159,159,2.0,2021-12-23 21:20:00,2024-01-24 11:38:13.102898
750105,419226,21934,1,295,295,5.0,2021-10-07 15:34:00,2022-08-09 02:04:57.656645
750106,419227,16232,1,169,169,1.0,2021-10-22 22:38:00,2024-05-01 01:25:09.661357
750107,419228,10294,1,191,191,,2021-12-08 23:21:00,2022-03-02 19:55:34.492560
750108,419229,14434,1,268,268,4.0,2021-12-12 22:13:00,2022-07-18 15:21:38.836746
750109,419229,14433,1,139,139,5.0,2021-12-12 22:13:00,2022-07-18 15:21:38.836746
750110,419229,14436,1,374,374,1.0,2021-12-12 22:13:00,2022-07-18 15:21:38.836746
750111,419230,14370,1,162,162,3.0,2021-12-18 12:12:00,2022-08-16 01:45:06.461175
750112,419231,13843,1,74,74,,2021-12-24 08:17:00,2022-03-01 12:44:44.243493
750113,419231,13846,1,168,168,,2021-12-24 08:17:00,2022-03-01 12:44:44.243493
750114,419231,13845,1,379,379,,2021-12-24 08:17:00,2022-03-01 12:44:44.243493
750115,419231,13847,3,208,624,,2021-12-24 08:17:00,2022-03-01 12:44:44.243493
750116,419232,28245,1,345,345,5.0,2021-08-21 07:18:00,2024-05-24 14:32:30.362893
750117,419232,28250,2,51,102,5.0,2021-08-21 07:18:00,2024-05-24 14:32:30.362893
750118,419233,28215,1,293,293,,2021-12-04 17:45:00,2024-09-09 18:51:03.979306
750119,419234,29966,1,192,192,1.0,2021-01-24 15:25:00,2023-03-08 11:40:28.440959
750120,419235,30109,1,162,162,2.0,2021-10-06 21:02:00,2022-02-26 02:06:18.993084
750121,419236,30411,1,94,94,5.0,2021-03-26 21:06:00,2022-06-10 21:14:42.780296
750122,419236,30418,1,67,67,5.0,2021-03-26 21:06:00,2022-06-10 21:14:42.780296
750123,419236,30407,2,66,132,1.0,2021-03-26 21:06:00,2022-06-10 21:14:42.780296
750124,419236,30416,3,70,210,1.0,2021-03-26 21:06:00,2022-06-10 21:14:42.780296
750125,419237,30712,1,226,226,1.0,2021-09-09 07:04:00,2023-07-09 13:09:41.218550
750126,419238,14310,2,115,230,4.0,2021-09-21 22:02:00,2023-09-23 09:00:11.758599
750127,419239,14110,2,221,442,4.0,2021-10-07 17:15:00,2024-02-09 11:55:28.436669
750128,419239,14116,1,71,71,2.0,2021-10-07 17:15:00,2024-02-09 11:55:28.436669
750129,419240,14312,3,122,366,5.0,2021-09-12 22:55:00,2022-11-21 07:06:14.446369
750130,419240,14318,1,84,84,5.0,2021-09-12 22:55:00,2022-11-21 07:06:14.446369
750131,419240,14314,1,234,234,5.0,2021-09-12 22:55:00,2022-11-21 07:06:14.446369
750132,419240,14309,1,184,184,4.0,2021-09-12 22:55:00,2022-11-21 07:06:14.446369
750133,419241,13754,1,269,269,,2021-12-23 14:01:00,2021-12-31 03:46:27.533942
750134,419241,13758,2,64,128,,2021-12-23 14:01:00,2021-12-31 03:46:27.533942
750135,419242,14317,1,170,170,4.0,2021-11-19 20:41:00,2024-09-17 12:42:57.437180
750136,419243,8101,1,271,271,1.0,2021-12-15 14:52:00,2024-02-27 22:21:05.237325
750137,419243,8093,1,460,460,3.0,2021-12-15 14:52:00,2024-02-27 22:21:05.237325
750138,419244,7995,1,81,81,,2021-12-26 14:12:00,2023-04-20 19:51:53.068999
750139,419246,14111,1,370,370,,2021-09-05 16:27:00,2024-04-08 07:52:59.617066
750140,419246,14113,1,226,226,,2021-09-05 16:27:00,2024-04-08 07:52:59.617066
750141,419247,14440,1,99,99,1.0,2021-12-24 23:59:00,2024-06-02 19:39:29.161674
750142,419248,14311,2,80,160,3.0,2021-12-21 23:10:00,2023-09-07 03:12:47.826162
750143,419248,14313,3,62,186,5.0,2021-12-21 23:10:00,2023-09-07 03:12:47.826162
750144,419248,14317,1,170,170,5.0,2021-12-21 23:10:00,2023-09-07 03:12:47.826162
750145,419249,13745,1,163,163,4.0,2021-12-23 22:52:00,2023-03-23 22:46:45.571014
750146,419250,21886,1,107,107,2.0,2021-12-29 20:32:00,2024-01-11 07:35:06.741252
750147,419250,21889,2,87,174,2.0,2021-12-29 20:32:00,2024-01-11 07:35:06.741252
750148,419251,21602,1,368,368,4.0,2021-12-30 18:01:00,2024-09-05 01:50:39.090835
750149,419251,21606,2,154,308,4.0,2021-12-30 18:01:00,2024-09-05 01:50:39.090835
750150,419252,21683,1,246,246,4.0,2021-12-27 10:33:00,2024-12-28 03:31:59.921538
750151,419252,21680,1,186,186,2.0,2021-12-27 10:33:00,2024-12-28 03:31:59.921538
750152,419252,21679,1,86,86,5.0,2021-12-27 10:33:00,2024-12-28 03:31:59.921538
750153,419252,21676,1,389,389,4.0,2021-12-27 10:33:00,2024-12-28 03:31:59.921538
750154,419253,16367,2,258,516,5.0,2021-12-25 05:03:00,2023-01-21 10:32:16.666111
750155,419254,16383,1,449,449,5.0,2021-12-19 13:52:00,2024-06-03 16:44:29.711820
750156,419255,16384,1,279,279,4.0,2021-12-27 14:07:00,2025-03-27 02:21:54.417909
750157,419255,16378,2,111,222,4.0,2021-12-27 14:07:00,2025-03-27 02:21:54.417909
750158,419256,14556,1,72,72,,2021-12-31 13:26:00,2022-01-14 06:42:51.211222
750159,419256,14557,3,170,510,,2021-12-31 13:26:00,2022-01-14 06:42:51.211222
750160,419256,14564,1,63,63,,2021-12-31 13:26:00,2022-01-14 06:42:51.211222
750161,419257,14113,1,226,226,3.0,2021-09-11 18:21:00,2023-08-29 12:55:28.631649
750162,419258,30357,1,207,207,5.0,2021-12-31 23:06:00,2022-05-27 18:09:50.764354
750163,419259,16230,2,229,458,5.0,2021-09-06 19:12:00,2023-08-28 08:51:34.695959
750164,419260,16166,1,211,211,3.0,2021-11-26 21:39:00,2022-02-10 13:54:17.144260
750165,419260,16157,3,60,180,1.0,2021-11-26 21:39:00,2022-02-10 13:54:17.144260
750166,419261,16233,1,431,431,,2021-12-11 20:04:00,2023-01-29 17:18:44.714786
750167,419261,16234,1,227,227,,2021-12-11 20:04:00,2023-01-29 17:18:44.714786
750168,419261,16229,2,366,732,,2021-12-11 20:04:00,2023-01-29 17:18:44.714786
750169,419262,31480,1,124,124,5.0,2021-08-19 17:02:00,2022-12-28 03:29:28.993677
750170,419262,31485,1,280,280,5.0,2021-08-19 17:02:00,2022-12-28 03:29:28.993677
750171,419263,30892,2,205,410,5.0,2021-12-20 16:18:00,2024-05-30 02:47:57.496249
750172,419263,30893,1,275,275,5.0,2021-12-20 16:18:00,2024-05-30 02:47:57.496249
750173,419263,30880,1,228,228,1.0,2021-12-20 16:18:00,2024-05-30 02:47:57.496249
750174,419263,30888,1,292,292,5.0,2021-12-20 16:18:00,2024-05-30 02:47:57.496249
750175,419264,30976,1,238,238,5.0,2021-10-27 13:06:00,2023-04-17 22:52:04.237500
750176,419265,21936,3,145,435,,2021-07-29 14:30:00,2021-08-01 00:15:29.343093
750177,419266,21930,1,448,448,,2021-12-06 14:21:00,2023-12-23 22:48:27.908418
750178,419267,21723,1,238,238,3.0,2021-10-17 15:02:00,2022-03-20 02:45:31.228734
750179,419268,16110,1,276,276,,2021-10-23 07:49:00,2024-10-19 08:35:54.346466
750180,419268,16112,2,168,336,,2021-10-23 07:49:00,2024-10-19 08:35:54.346466
750181,419268,16116,1,104,104,,2021-10-23 07:49:00,2024-10-19 08:35:54.346466
750182,419269,15924,2,253,506,4.0,2021-11-19 20:28:00,2022-12-30 05:19:54.701173
750183,419269,15919,2,295,590,5.0,2021-11-19 20:28:00,2022-12-30 05:19:54.701173
750184,419270,28212,1,86,86,4.0,2021-12-28 16:33:00,2025-03-06 13:22:34.822609
750185,419270,28217,1,78,78,5.0,2021-12-28 16:33:00,2025-03-06 13:22:34.822609
750186,419270,28213,2,379,758,4.0,2021-12-28 16:33:00,2025-03-06 13:22:34.822609
750187,419271,28212,2,86,172,5.0,2021-10-30 16:06:00,2022-10-15 05:47:19.318403
750188,419272,30659,2,112,224,4.0,2021-12-16 11:50:00,2023-07-06 03:17:11.494499
750189,419272,30664,2,276,552,5.0,2021-12-16 11:50:00,2023-07-06 03:17:11.494499
750190,419273,30418,1,67,67,2.0,2021-12-08 22:59:00,2023-04-24 08:55:56.722061
750191,419273,30409,2,111,222,1.0,2021-12-08 22:59:00,2023-04-24 08:55:56.722061
750192,419274,30120,1,232,232,5.0,2021-12-16 12:45:00,2023-02-03 03:29:25.007639
750193,419274,30116,1,271,271,5.0,2021-12-16 12:45:00,2023-02-03 03:29:25.007639
750194,419275,5292,2,247,494,5.0,2021-12-22 10:06:00,2024-04-15 23:48:42.558350
750195,419275,5291,2,440,880,2.0,2021-12-22 10:06:00,2024-04-15 23:48:42.558350
750196,419276,4938,1,267,267,3.0,2021-12-12 22:55:00,2023-01-18 06:35:15.831319
750197,419276,4931,3,209,627,5.0,2021-12-12 22:55:00,2023-01-18 06:35:15.831319
750198,419278,21887,2,191,382,,2021-11-11 19:14:00,2021-12-25 21:04:21.115621
750199,419278,21884,1,272,272,,2021-11-11 19:14:00,2021-12-25 21:04:21.115621
750200,419279,21934,1,295,295,5.0,2021-02-07 14:16:00,2024-09-25 03:50:43.426040
750201,419279,21930,1,448,448,3.0,2021-02-07 14:16:00,2024-09-25 03:50:43.426040
750202,419280,4741,1,197,197,5.0,2021-09-01 20:49:00,2023-07-30 21:22:05.775191
750203,419280,4754,2,150,300,4.0,2021-09-01 20:49:00,2023-07-30 21:22:05.775191
750204,419280,4743,1,473,473,4.0,2021-09-01 20:49:00,2023-07-30 21:22:05.775191
750205,419280,4752,1,93,93,4.0,2021-09-01 20:49:00,2023-07-30 21:22:05.775191
750206,419280,4747,1,52,52,1.0,2021-09-01 20:49:00,2023-07-30 21:22:05.775191
750207,419281,10135,1,229,229,4.0,2021-10-21 13:36:00,2024-02-07 08:18:30.044410
750208,419282,30948,1,179,179,2.0,2021-11-26 07:24:00,2025-04-27 02:10:51.007527
750209,419283,9774,1,117,117,4.0,2021-08-09 19:59:00,2021-08-21 22:23:28.310566
750210,419283,9767,1,268,268,2.0,2021-08-09 19:59:00,2021-08-21 22:23:28.310566
750211,419284,10069,1,211,211,5.0,2021-07-30 21:39:00,2024-02-22 05:02:49.814587
750212,419285,10914,2,260,520,5.0,2021-12-01 13:23:00,2025-01-03 18:30:13.671217
750213,419285,10915,1,268,268,5.0,2021-12-01 13:23:00,2025-01-03 18:30:13.671217
750214,419286,11427,1,72,72,4.0,2021-11-30 20:14:00,2024-07-08 15:04:52.817141
750215,419286,11424,1,188,188,3.0,2021-11-30 20:14:00,2024-07-08 15:04:52.817141
750216,419286,11423,2,142,284,4.0,2021-11-30 20:14:00,2024-07-08 15:04:52.817141
750217,419286,11425,1,132,132,5.0,2021-11-30 20:14:00,2024-07-08 15:04:52.817141
750218,419286,11422,1,74,74,5.0,2021-11-30 20:14:00,2024-07-08 15:04:52.817141
750219,419287,11053,1,241,241,2.0,2021-11-03 07:20:00,2023-06-14 14:31:02.186476
750220,419287,11051,2,250,500,2.0,2021-11-03 07:20:00,2023-06-14 14:31:02.186476
750221,419287,11052,1,56,56,3.0,2021-11-03 07:20:00,2023-06-14 14:31:02.186476
750222,419288,5059,1,240,240,5.0,2021-11-24 10:25:00,2022-08-13 18:05:58.639037
750223,419289,4743,1,473,473,,2021-11-05 21:27:00,2024-07-23 17:40:00.694115
750224,419290,8093,1,460,460,,2021-12-17 12:48:00,2022-03-13 12:59:29.898107
750225,419291,28213,2,379,758,2.0,2021-11-24 16:40:00,2023-02-18 04:12:03.111663
750226,419292,27978,1,205,205,,2021-11-19 14:30:00,2025-03-04 06:22:23.454664
750227,419293,28757,2,271,542,4.0,2021-12-14 13:55:00,2022-11-13 11:03:26.596616
750228,419294,4938,1,267,267,5.0,2021-12-08 20:13:00,2024-06-17 01:34:21.986719
750229,419295,5247,1,265,265,4.0,2021-11-26 20:15:00,2024-04-12 14:27:06.087661
750230,419296,11427,1,72,72,3.0,2021-12-09 21:13:00,2023-03-01 19:23:29.400951
750231,419296,11432,1,215,215,3.0,2021-12-09 21:13:00,2023-03-01 19:23:29.400951
750232,419297,11390,1,208,208,5.0,2021-12-26 19:54:00,2022-08-16 21:21:35.438000
750233,419297,11385,1,96,96,2.0,2021-12-26 19:54:00,2022-08-16 21:21:35.438000
750234,419298,11609,1,200,200,,2021-12-22 18:45:00,2022-11-24 23:05:15.642174
750235,419299,10735,3,70,210,3.0,2021-12-14 08:33:00,2024-07-31 21:33:17.829993
750236,419300,4825,1,225,225,4.0,2021-12-14 13:26:00,2024-07-25 20:42:40.531697
750237,419300,4821,1,208,208,1.0,2021-12-14 13:26:00,2024-07-25 20:42:40.531697
750238,419301,4748,3,154,462,3.0,2021-12-12 21:41:00,2022-11-08 17:43:19.024363
750239,419301,4743,3,473,1419,3.0,2021-12-12 21:41:00,2022-11-08 17:43:19.024363
750240,419301,4746,1,318,318,1.0,2021-12-12 21:41:00,2022-11-08 17:43:19.024363
750241,419301,4752,1,93,93,4.0,2021-12-12 21:41:00,2022-11-08 17:43:19.024363
750242,419302,5247,1,265,265,,2021-12-12 20:31:00,2024-07-31 05:18:51.723814
750243,419302,5237,1,198,198,,2021-12-12 20:31:00,2024-07-31 05:18:51.723814
750244,419302,5238,1,241,241,,2021-12-12 20:31:00,2024-07-31 05:18:51.723814
750245,419303,21941,1,103,103,,2021-11-08 12:45:00,2022-11-18 09:30:05.306005
750246,419304,21720,1,210,210,5.0,2021-09-08 12:12:00,2024-04-14 11:08:57.632442
750247,419305,9996,1,266,266,1.0,2021-12-22 12:25:00,2024-01-01 21:49:29.109878
750248,419305,9991,1,453,453,5.0,2021-12-22 12:25:00,2024-01-01 21:49:29.109878
750249,419305,9986,1,118,118,5.0,2021-12-22 12:25:00,2024-01-01 21:49:29.109878
750250,419305,9989,1,180,180,5.0,2021-12-22 12:25:00,2024-01-01 21:49:29.109878
750251,419305,9988,1,206,206,5.0,2021-12-22 12:25:00,2024-01-01 21:49:29.109878
750252,419306,28560,2,188,376,1.0,2021-10-08 16:09:00,2025-02-17 23:40:40.998094
750253,419307,10068,1,283,283,4.0,2021-09-02 21:07:00,2023-06-26 23:57:56.777921
750254,419308,10062,1,245,245,4.0,2021-10-22 20:31:00,2023-10-21 04:21:57.861883
750255,419309,21939,1,156,156,3.0,2021-08-12 13:33:00,2022-04-19 06:24:25.857748
750256,419310,7955,1,86,86,4.0,2021-12-20 18:24:00,2022-08-10 01:39:08.894357
750257,419312,8100,1,185,185,5.0,2021-12-21 15:55:00,2022-11-16 08:38:37.132877
750258,419313,30234,1,239,239,2.0,2021-09-19 20:18:00,2022-10-20 12:23:51.470640
750259,419314,29967,1,87,87,,2021-12-27 20:34:00,2023-03-12 11:19:40.290606
750260,419314,29978,1,233,233,,2021-12-27 20:34:00,2023-03-12 11:19:40.290606
750261,419315,27903,1,242,242,,2021-12-14 21:36:00,2024-04-13 22:59:57.802103
750262,419315,27907,1,267,267,,2021-12-14 21:36:00,2024-04-13 22:59:57.802103
750263,419316,28245,1,345,345,2.0,2021-12-20 10:38:00,2022-07-08 11:46:33.837187
750264,419316,28237,1,218,218,4.0,2021-12-20 10:38:00,2022-07-08 11:46:33.837187
750265,419317,21882,1,197,197,2.0,2021-12-14 19:28:00,2023-09-27 12:53:03.510045
750266,419317,21889,2,87,174,4.0,2021-12-14 19:28:00,2023-09-27 12:53:03.510045
750267,419318,21712,1,112,112,4.0,2021-09-21 13:18:00,2025-04-08 14:56:08.833263
750268,419319,22143,1,113,113,4.0,2021-10-28 20:54:00,2024-08-19 23:10:51.688904
750269,419320,22138,1,189,189,1.0,2021-11-11 19:58:00,2023-12-20 21:42:02.158471
750270,419320,22150,1,110,110,1.0,2021-11-11 19:58:00,2023-12-20 21:42:02.158471
750271,419320,22144,2,297,594,4.0,2021-11-11 19:58:00,2023-12-20 21:42:02.158471
750272,419321,13847,2,208,416,,2021-12-31 08:40:00,2022-10-24 00:20:36.098851
750273,419322,13758,1,64,64,4.0,2021-12-23 13:56:00,2024-09-10 18:44:15.951130
750274,419323,14119,1,335,335,4.0,2021-11-30 17:12:00,2024-07-16 08:16:20.033603
750275,419323,14108,2,407,814,4.0,2021-11-30 17:12:00,2024-07-16 08:16:20.033603
750276,419324,30348,1,126,126,5.0,2021-11-09 23:31:00,2024-12-09 04:24:18.528756
750277,419325,10764,2,93,186,,2021-12-26 11:58:00,2025-01-23 09:58:40.534431
750278,419325,10757,3,86,258,,2021-12-26 11:58:00,2025-01-23 09:58:40.534431
750279,419326,11461,1,247,247,4.0,2021-12-20 06:23:00,2022-04-26 06:02:42.133014
750280,419327,9769,1,490,490,5.0,2021-08-21 19:00:00,2024-08-24 18:22:39.281455
750281,419327,9774,1,117,117,2.0,2021-08-21 19:00:00,2024-08-24 18:22:39.281455
750282,419328,10409,1,197,197,3.0,2021-08-26 20:33:00,2023-06-08 05:47:50.491307
750283,419328,10406,1,90,90,5.0,2021-08-26 20:33:00,2023-06-08 05:47:50.491307
750284,419329,10074,2,122,244,4.0,2021-10-10 22:00:00,2022-09-25 18:07:41.794863
750285,419330,14440,1,99,99,4.0,2021-11-15 23:06:00,2023-05-07 22:43:37.367824
750286,419331,13760,1,346,346,4.0,2021-11-11 14:00:00,2022-06-12 11:47:39.026523
750287,419332,9996,1,266,266,2.0,2021-12-28 14:30:00,2023-10-10 16:26:11.282618
750288,419333,27919,2,72,144,5.0,2021-09-01 08:02:00,2022-10-17 12:00:33.712980
750289,419333,27920,1,65,65,3.0,2021-09-01 08:02:00,2022-10-17 12:00:33.712980
750290,419333,27918,1,64,64,4.0,2021-09-01 08:02:00,2022-10-17 12:00:33.712980
750291,419333,27921,2,214,428,4.0,2021-09-01 08:02:00,2022-10-17 12:00:33.712980
750292,419334,4828,1,268,268,4.0,2021-12-28 12:18:00,2023-11-12 06:19:36.519007
750293,419335,5293,1,406,406,4.0,2021-12-24 06:33:00,2025-02-24 17:47:23.542603
750294,419336,21750,2,150,300,5.0,2021-12-31 21:39:00,2023-11-22 21:59:44.762174
750295,419337,21604,2,150,300,1.0,2021-12-12 17:03:00,2023-11-07 09:38:52.041197
750296,419338,21603,1,255,255,4.0,2021-12-22 17:19:00,2022-09-20 23:00:53.148927
750297,419338,21601,1,299,299,5.0,2021-12-22 17:19:00,2022-09-20 23:00:53.148927
750298,419339,10774,3,430,1290,4.0,2021-10-26 23:09:00,2023-03-26 11:09:46.680701
750299,419339,10778,1,79,79,2.0,2021-10-26 23:09:00,2023-03-26 11:09:46.680701
750300,419340,15851,2,255,510,,2021-08-20 06:06:00,2022-03-05 18:49:45.936454
750301,419340,15843,3,241,723,,2021-08-20 06:06:00,2022-03-05 18:49:45.936454
750302,419341,16183,1,246,246,3.0,2021-08-14 12:30:00,2022-02-27 15:37:35.341764
750303,419341,16184,1,220,220,4.0,2021-08-14 12:30:00,2022-02-27 15:37:35.341764
750304,419342,16239,2,186,372,4.0,2021-10-29 19:00:00,2022-04-20 16:41:02.885634
750305,419343,27981,1,98,98,5.0,2021-08-10 13:14:00,2023-01-02 23:30:36.547190
750306,419344,28244,1,248,248,5.0,2021-06-29 07:47:00,2025-04-20 23:20:36.374908
750307,419345,5055,1,130,130,5.0,2021-11-18 09:31:00,2023-08-29 21:51:58.097380
750308,419345,5059,2,240,480,1.0,2021-11-18 09:31:00,2023-08-29 21:51:58.097380
750309,419346,5082,1,116,116,,2021-12-26 12:10:00,2023-03-28 07:04:40.128972
750310,419347,5083,1,138,138,1.0,2021-10-23 14:33:00,2023-08-08 09:13:03.461304
750311,419348,10066,1,116,116,1.0,2021-12-23 21:02:00,2022-09-28 13:15:07.016102
750312,419348,10074,1,122,122,5.0,2021-12-23 21:02:00,2022-09-28 13:15:07.016102
750313,419349,15914,1,240,240,4.0,2021-08-22 22:29:00,2021-09-24 18:37:21.829888
750314,419350,27923,1,174,174,3.0,2021-11-02 09:57:00,2024-05-01 13:37:13.517990
750315,419350,27914,1,260,260,1.0,2021-11-02 09:57:00,2024-05-01 13:37:13.517990
750316,419350,27920,1,65,65,2.0,2021-11-02 09:57:00,2024-05-01 13:37:13.517990
750317,419350,27918,2,64,128,5.0,2021-11-02 09:57:00,2024-05-01 13:37:13.517990
750318,419350,27913,1,108,108,4.0,2021-11-02 09:57:00,2024-05-01 13:37:13.517990
750319,419351,28059,1,369,369,4.0,2021-11-14 13:53:00,2023-07-03 20:23:12.814345
750320,419351,28054,1,441,441,5.0,2021-11-14 13:53:00,2023-07-03 20:23:12.814345
750321,419351,28056,2,149,298,2.0,2021-11-14 13:53:00,2023-07-03 20:23:12.814345
750322,419351,28058,3,157,471,5.0,2021-11-14 13:53:00,2023-07-03 20:23:12.814345
750323,419352,10300,2,61,122,1.0,2021-12-22 23:14:00,2022-01-25 16:30:21.314281
750324,419352,10303,1,189,189,4.0,2021-12-22 23:14:00,2022-01-25 16:30:21.314281
750325,419353,9877,3,254,762,4.0,2021-12-15 14:17:00,2024-09-15 18:38:52.901443
750326,419354,10136,1,173,173,,2021-12-19 14:07:00,2022-08-18 16:39:19.289007
750327,419355,21712,3,112,336,4.0,2021-08-20 14:38:00,2022-05-29 01:16:11.220337
750328,419355,21716,1,174,174,5.0,2021-08-20 14:38:00,2022-05-29 01:16:11.220337
750329,419356,30947,3,184,552,4.0,2021-12-15 07:19:00,2021-12-31 14:38:56.612700
750330,419357,4931,1,209,209,4.0,2021-12-18 20:08:00,2024-06-08 15:51:54.995493
750331,419357,4939,1,156,156,5.0,2021-12-18 20:08:00,2024-06-08 15:51:54.995493
750332,419358,5292,1,247,247,4.0,2021-10-15 06:42:00,2024-03-29 10:18:26.868880
750333,419359,4536,1,133,133,5.0,2021-12-12 15:22:00,2023-12-13 19:38:42.943678
750334,419359,4531,3,116,348,1.0,2021-12-12 15:22:00,2023-12-13 19:38:42.943678
750335,419360,13733,1,173,173,3.0,2021-12-23 21:05:00,2024-03-21 00:03:40.871098
750336,419361,30887,1,126,126,5.0,2021-08-23 18:00:00,2023-09-07 13:40:37.096263
750337,419361,30890,1,464,464,5.0,2021-08-23 18:00:00,2023-09-07 13:40:37.096263
750338,419362,30944,1,90,90,,2021-09-04 09:35:00,2023-04-12 05:48:19.304934
750339,419363,10069,2,211,422,4.0,2021-09-30 19:24:00,2024-04-15 16:59:52.653293
750340,419363,10064,1,120,120,4.0,2021-09-30 19:24:00,2024-04-15 16:59:52.653293
750341,419363,10068,1,283,283,5.0,2021-09-30 19:24:00,2024-04-15 16:59:52.653293
750342,419363,10072,1,188,188,3.0,2021-09-30 19:24:00,2024-04-15 16:59:52.653293
750343,419364,9772,1,154,154,5.0,2021-08-16 22:46:00,2022-11-23 05:04:51.467972
750344,419364,9771,2,263,526,1.0,2021-08-16 22:46:00,2022-11-23 05:04:51.467972
750345,419365,9889,1,83,83,5.0,2021-12-06 18:18:00,2023-06-19 00:22:58.532271
750346,419366,10063,1,120,120,4.0,2021-10-31 20:00:00,2025-02-16 22:50:34.892980
750347,419366,10065,1,98,98,5.0,2021-10-31 20:00:00,2025-02-16 22:50:34.892980
750348,419366,10071,1,67,67,2.0,2021-10-31 20:00:00,2025-02-16 22:50:34.892980
750349,419366,10064,3,120,360,5.0,2021-10-31 20:00:00,2025-02-16 22:50:34.892980
750350,419366,10074,1,122,122,2.0,2021-10-31 20:00:00,2025-02-16 22:50:34.892980
750351,419367,10080,1,253,253,4.0,2021-12-02 17:51:00,2024-12-16 03:48:02.261056
750352,419367,10088,2,350,700,5.0,2021-12-02 17:51:00,2024-12-16 03:48:02.261056
750353,419368,28561,3,234,702,4.0,2021-10-23 17:40:00,2024-05-01 06:14:04.234884
750354,419369,21832,2,79,158,4.0,2021-11-10 22:27:00,2025-04-29 10:02:28.888281
750355,419369,21826,2,77,154,1.0,2021-11-10 22:27:00,2025-04-29 10:02:28.888281
750356,419370,21599,1,59,59,5.0,2021-08-24 17:07:00,2024-12-06 07:43:03.235558
750357,419370,21606,1,154,154,2.0,2021-08-24 17:07:00,2024-12-06 07:43:03.235558
750358,419370,21600,1,369,369,4.0,2021-08-24 17:07:00,2024-12-06 07:43:03.235558
750359,419371,16276,1,328,328,3.0,2021-12-15 20:58:00,2024-01-11 17:12:35.933419
750360,419371,16282,3,298,894,5.0,2021-12-15 20:58:00,2024-01-11 17:12:35.933419
750361,419372,8674,1,144,144,1.0,2021-12-28 21:44:00,2024-05-14 09:28:42.836303
750362,419373,28753,1,279,279,5.0,2021-06-21 11:27:00,2025-02-13 01:58:59.820459
750363,419373,28759,1,124,124,4.0,2021-06-21 11:27:00,2025-02-13 01:58:59.820459
750364,419374,27910,2,121,242,3.0,2021-12-16 23:51:00,2022-06-11 23:35:27.146857
750365,419375,28221,3,76,228,4.0,2021-10-27 18:06:00,2022-01-18 10:13:06.267725
750366,419375,28214,2,250,500,4.0,2021-10-27 18:06:00,2022-01-18 10:13:06.267725
750367,419375,28211,2,274,548,4.0,2021-10-27 18:06:00,2022-01-18 10:13:06.267725
750368,419376,31452,2,302,604,4.0,2021-12-12 06:18:00,2023-04-01 01:12:32.446497
750369,419377,30969,1,228,228,,2021-12-19 15:33:00,2025-04-04 07:10:38.109425
750370,419377,30970,1,288,288,,2021-12-19 15:33:00,2025-04-04 07:10:38.109425
750371,419379,5059,1,240,240,1.0,2021-11-28 08:37:00,2023-10-22 07:57:15.394818
750372,419379,5055,1,130,130,4.0,2021-11-28 08:37:00,2023-10-22 07:57:15.394818
750373,419380,11513,1,260,260,5.0,2021-12-21 14:41:00,2022-04-22 05:49:56.318592
750374,419380,11511,2,228,456,3.0,2021-12-21 14:41:00,2022-04-22 05:49:56.318592
750375,419381,28211,2,274,548,5.0,2021-10-30 18:18:00,2022-12-22 08:07:22.071902
750376,419381,28218,3,359,1077,5.0,2021-10-30 18:18:00,2022-12-22 08:07:22.071902
750377,419382,31530,2,229,458,1.0,2021-12-03 18:05:00,2024-06-23 14:33:42.282116
750378,419382,31531,1,355,355,5.0,2021-12-03 18:05:00,2024-06-23 14:33:42.282116
750379,419382,31529,1,92,92,1.0,2021-12-03 18:05:00,2024-06-23 14:33:42.282116
750380,419383,31630,1,118,118,,2021-11-15 06:21:00,2023-11-24 17:46:25.465323
750381,419384,30948,1,179,179,5.0,2021-11-08 06:04:00,2024-06-09 01:39:46.908903
750382,419385,21932,3,273,819,5.0,2021-05-13 15:04:00,2024-08-21 06:11:23.483799
750383,419385,21941,2,103,206,1.0,2021-05-13 15:04:00,2024-08-21 06:11:23.483799
750384,419385,21936,1,145,145,3.0,2021-05-13 15:04:00,2024-08-21 06:11:23.483799
750385,419386,22136,1,343,343,,2021-04-30 21:01:00,2022-03-15 20:13:57.139783
750386,419386,22142,3,226,678,,2021-04-30 21:01:00,2022-03-15 20:13:57.139783
750387,419387,28248,1,101,101,4.0,2021-11-03 08:28:00,2022-11-06 19:36:17.676888
750388,419387,28246,2,83,166,3.0,2021-11-03 08:28:00,2022-11-06 19:36:17.676888
750389,419387,28243,1,286,286,2.0,2021-11-03 08:28:00,2022-11-06 19:36:17.676888
750390,419387,28238,1,83,83,3.0,2021-11-03 08:28:00,2022-11-06 19:36:17.676888
750391,419387,28245,1,345,345,2.0,2021-11-03 08:28:00,2022-11-06 19:36:17.676888
750392,419388,16371,2,208,416,4.0,2021-12-13 12:09:00,2024-08-17 07:08:08.666874
750393,419389,16277,1,62,62,,2021-12-12 21:58:00,2025-02-21 21:49:56.755807
750394,419390,21935,1,161,161,5.0,2021-05-29 12:06:00,2021-11-09 11:22:00.441193
750395,419390,21934,1,295,295,5.0,2021-05-29 12:06:00,2021-11-09 11:22:00.441193
750396,419391,21712,2,112,224,,2021-10-26 15:30:00,2023-05-26 22:28:12.945931
750397,419392,21723,1,238,238,5.0,2021-12-20 15:37:00,2024-09-14 22:20:35.705315
750398,419393,11246,1,241,241,5.0,2021-12-23 08:44:00,2022-12-14 06:55:37.023402
750399,419393,11242,1,215,215,3.0,2021-12-23 08:44:00,2022-12-14 06:55:37.023402
750400,419393,11247,1,268,268,5.0,2021-12-23 08:44:00,2022-12-14 06:55:37.023402
750401,419394,30797,2,307,614,3.0,2021-12-25 07:21:00,2024-12-09 23:30:05.221530
750402,419394,30806,3,266,798,4.0,2021-12-25 07:21:00,2024-12-09 23:30:05.221530
750403,419395,30945,1,241,241,,2021-08-31 10:00:00,2022-12-14 10:18:15.441495
750404,419395,30941,1,189,189,,2021-08-31 10:00:00,2022-12-14 10:18:15.441495
750405,419396,30890,1,464,464,4.0,2021-09-06 17:22:00,2022-07-08 01:40:35.760185
750406,419396,30889,3,197,591,4.0,2021-09-06 17:22:00,2022-07-08 01:40:35.760185
750407,419396,30882,1,226,226,4.0,2021-09-06 17:22:00,2022-07-08 01:40:35.760185
750408,419396,30886,1,136,136,5.0,2021-09-06 17:22:00,2022-07-08 01:40:35.760185
750409,419397,7995,1,81,81,5.0,2021-12-03 12:44:00,2022-03-26 21:59:39.223516
750410,419397,7996,2,124,248,4.0,2021-12-03 12:44:00,2022-03-26 21:59:39.223516
750411,419398,8088,1,67,67,5.0,2021-12-07 15:53:00,2022-05-21 18:56:41.301443
750412,419398,8098,1,230,230,5.0,2021-12-07 15:53:00,2022-05-21 18:56:41.301443
750413,419399,30553,1,191,191,4.0,2021-04-13 18:44:00,2023-03-12 07:33:10.870253
750414,419400,30060,1,115,115,,2021-05-09 20:06:00,2022-07-09 02:16:10.021882
750415,419401,30247,1,338,338,1.0,2021-09-24 20:25:00,2023-10-15 10:30:20.318131
750416,419401,30239,1,69,69,5.0,2021-09-24 20:25:00,2023-10-15 10:30:20.318131
750417,419402,29955,3,52,156,4.0,2021-03-17 14:47:00,2022-04-03 09:24:28.035948
750418,419402,29956,1,278,278,5.0,2021-03-17 14:47:00,2022-04-03 09:24:28.035948
750419,419402,29965,2,88,176,5.0,2021-03-17 14:47:00,2022-04-03 09:24:28.035948
750420,419402,29963,1,80,80,5.0,2021-03-17 14:47:00,2022-04-03 09:24:28.035948
750421,419402,29962,2,232,464,4.0,2021-03-17 14:47:00,2022-04-03 09:24:28.035948
750422,419403,30601,1,273,273,,2021-10-09 15:51:00,2025-04-07 17:24:40.964451
750423,419404,10562,2,448,896,,2021-09-22 20:25:00,2022-10-19 16:59:32.738496
750424,419404,10563,1,81,81,,2021-09-22 20:25:00,2022-10-19 16:59:32.738496
750425,419404,10559,1,151,151,,2021-09-22 20:25:00,2022-10-19 16:59:32.738496
750426,419405,14314,1,234,234,,2021-08-24 22:32:00,2021-09-20 18:38:50.820306
750427,419405,14313,2,62,124,,2021-08-24 22:32:00,2021-09-20 18:38:50.820306
750428,419406,14568,1,375,375,4.0,2021-09-27 13:06:00,2023-03-21 16:07:51.352834
750429,419406,14557,2,170,340,4.0,2021-09-27 13:06:00,2023-03-21 16:07:51.352834
750430,419407,13812,2,114,228,1.0,2021-09-10 19:55:00,2022-07-16 17:12:12.094425
