OrderID,CustomerID,RestaurantID,OrderDate,TotalAmount,DiscountAmount,DeliveryCharges,FinalAmount,Status,PaymentMethod,IsFirstOrder,CouponCode,CreatedDate,ModifiedDate
418750,88934,2438,2021-07-06 22:49:00,520,95,40,465,Delivered,UPI,True,WELCOME_2438,2021-07-06 22:49:00,2022-03-10 18:13:58.509059
418751,11491,428,2021-12-08 10:36:00,52,0,99,151,Canceled,UPI,True,,2021-12-08 10:36:00,2023-05-31 13:50:16.173968
418752,11491,366,2021-12-03 15:48:00,358,0,57,415,Delivered,Cash,False,,2021-12-03 15:48:00,2023-06-21 23:24:19.385287
418753,10589,2257,2021-07-01 13:24:00,742,0,0,742,Canceled,UPI,True,,2021-07-01 13:24:00,2023-03-27 15:09:11.350976
418754,98657,2490,2021-12-22 18:12:00,756,87,0,669,Delivered,UPI,True,UPISAVE_2490,2021-12-22 18:12:00,2024-06-22 11:45:30.344106
418755,98657,697,2021-12-20 22:23:00,642,92,0,550,Delivered,UPI,False,WELCOME_697,2021-12-20 22:23:00,2023-09-10 14:07:37.175927
418756,98657,2495,2021-12-31 06:48:00,180,0,83,263,Delivered,UPI,False,,2021-12-31 06:48:00,2024-12-04 20:14:24.275872
418757,6213,811,2021-11-06 19:19:00,251,0,78,329,Delivered,UPI,True,,2021-11-06 19:19:00,2025-03-17 02:36:42.655269
418758,6213,816,2021-11-23 14:21:00,480,0,30,510,Delivered,UPI,False,,2021-11-23 14:21:00,2024-12-24 17:09:28.227322
418759,6213,812,2021-12-08 17:02:00,120,0,90,210,Delivered,UPI,False,,2021-12-08 17:02:00,2024-11-17 21:26:38.539094
418760,72145,1136,2021-08-27 14:42:00,483,0,38,521,Delivered,UPI,True,,2021-08-27 14:42:00,2023-11-17 03:46:34.544174
418761,72145,1136,2021-10-10 12:34:00,135,0,86,221,Delivered,UPI,False,,2021-10-10 12:34:00,2024-10-08 05:12:17.881506
418762,26532,1771,2021-12-15 12:30:00,50,0,90,140,Delivered,UPI,True,,2021-12-15 12:30:00,2022-02-21 13:41:37.420148
418763,26532,1767,2021-12-12 21:07:00,210,0,58,268,Delivered,Cash,False,,2021-12-12 21:07:00,2022-06-20 14:31:32.359096
418764,26532,1750,2021-12-19 10:35:00,194,0,83,277,Delivered,DebitCard,False,,2021-12-19 10:35:00,2023-09-21 12:43:34.705891
418765,3405,938,2021-12-31 16:38:00,1089,144,0,945,Delivered,UPI,True,SPECIAL_938,2021-12-31 16:38:00,2022-11-11 14:31:07.186691
418766,3405,947,2021-12-29 11:17:00,72,0,83,155,Delivered,UPI,False,,2021-12-29 11:17:00,2024-06-09 22:02:57.168398
418767,44064,384,2021-09-20 20:30:00,52,0,90,142,Delivered,UPI,True,,2021-09-20 20:30:00,2023-09-29 04:29:42.895887
418768,23373,1114,2021-11-26 19:03:00,1051,184,0,867,Canceled,UPI,True,WEEKEND_1114,2021-11-26 19:03:00,2025-01-02 19:30:42.077667
418769,23373,1175,2021-12-14 12:48:00,306,0,56,362,Delivered,UPI,False,,2021-12-14 12:48:00,2023-04-01 10:13:27.245247
418770,56348,856,2021-12-10 17:16:00,135,0,90,225,Returned,UPI,True,,2021-12-10 17:16:00,2021-12-10 21:58:58.628365
418771,56348,868,2021-11-04 22:30:00,119,0,91,210,Delivered,UPI,False,,2021-11-04 22:30:00,2023-03-07 03:10:05.728434
418772,33870,2475,2021-12-25 09:44:00,1381,82,0,1299,Delivered,UPI,True,UPISAVE_2475,2021-12-25 09:44:00,2025-01-28 21:06:54.986327
418773,33870,2427,2021-12-26 20:38:00,560,0,37,597,Delivered,UPI,False,,2021-12-26 20:38:00,2024-05-05 23:01:08.001846
418774,33870,2466,2021-12-29 13:10:00,854,139,0,715,Delivered,UPI,False,SPECIAL_2466,2021-12-29 13:10:00,2024-02-27 02:39:21.049331
418775,26822,839,2021-11-24 21:50:00,635,0,0,635,Delivered,UPI,True,,2021-11-24 21:50:00,2024-03-01 03:04:21.007803
418776,57509,938,2021-12-26 16:31:00,635,0,0,635,Delivered,Cash,True,,2021-12-26 16:31:00,2025-02-24 03:28:12.326917
418777,57509,938,2021-12-26 16:59:00,585,0,37,622,Delivered,UPI,False,,2021-12-26 16:59:00,2022-07-12 23:48:46.124145
418778,95469,2416,2021-12-30 22:57:00,1444,0,0,1444,Delivered,UPI,True,,2021-12-30 22:57:00,2022-06-11 01:23:34.082133
418779,95469,2428,2021-12-24 13:33:00,218,0,57,275,Delivered,UPI,False,,2021-12-24 13:33:00,2022-08-14 00:16:08.145690
418780,95469,2447,2021-12-24 23:04:00,488,82,46,452,Delivered,UPI,False,UPISAVE_2447,2021-12-24 23:04:00,2024-05-25 21:31:58.933604
418781,387,851,2021-09-25 21:48:00,285,0,56,341,Delivered,UPI,True,,2021-09-25 21:48:00,2022-01-06 15:59:38.357047
418782,387,811,2021-08-23 20:31:00,283,0,75,358,Delivered,UPI,False,,2021-08-23 20:31:00,2023-02-02 05:33:46.661511
418783,25167,2252,2021-12-10 07:22:00,72,0,86,158,Delivered,UPI,True,,2021-12-10 07:22:00,2023-03-25 13:40:21.813981
418784,48454,829,2021-11-26 22:00:00,109,0,92,201,Delivered,UPI,True,,2021-11-26 22:00:00,2024-06-13 14:55:31.421317
418785,36306,1155,2021-10-06 23:09:00,136,0,85,221,Returned,CreditCard,True,,2021-10-06 23:09:00,2025-03-29 13:43:52.982771
418786,36306,1175,2021-09-25 12:55:00,589,92,50,547,Delivered,Cash,False,WELCOME_1175,2021-09-25 12:55:00,2022-10-10 08:52:59.661434
418787,31158,1309,2021-12-27 20:01:00,340,0,50,390,Delivered,UPI,True,,2021-12-27 20:01:00,2022-03-25 15:11:05.111231
418788,31158,1319,2021-12-27 05:34:00,263,0,54,317,Delivered,Cash,False,,2021-12-27 05:34:00,2022-11-04 16:11:28.618176
418789,64939,2483,2021-11-30 07:34:00,79,0,97,176,Delivered,Cash,True,,2021-11-30 07:34:00,2022-03-02 15:43:54.720766
418790,64939,2490,2021-12-07 16:30:00,928,0,0,928,Delivered,DebitCard,False,,2021-12-07 16:30:00,2022-04-12 18:37:42.814591
418791,64939,2483,2021-12-23 07:33:00,108,0,93,201,Delivered,DebitCard,False,,2021-12-23 07:33:00,2023-11-20 19:36:45.312856
418792,91414,922,2021-11-19 21:07:00,564,0,48,612,Delivered,DebitCard,True,,2021-11-19 21:07:00,2022-08-20 04:34:00.539601
418793,91414,892,2021-06-30 20:00:00,425,0,44,469,Delivered,Cash,False,,2021-06-30 20:00:00,2021-07-30 05:51:15.218226
418794,90235,865,2021-11-14 07:31:00,190,0,83,273,Returned,UPI,True,,2021-11-14 07:31:00,2023-03-30 13:52:03.552649
418795,87130,805,2021-11-08 13:11:00,288,0,74,362,Delivered,Cash,True,,2021-11-08 13:11:00,2024-07-31 22:27:42.090956
418796,87130,805,2021-11-08 15:50:00,792,82,0,710,Delivered,UPI,False,UPISAVE_805,2021-11-08 15:50:00,2022-09-01 03:49:19.877478
418797,90465,1287,2021-12-12 08:35:00,299,76,58,281,Delivered,UPI,True,FIRSTORDER_1287,2021-12-12 08:35:00,2022-06-08 11:39:54.304582
418798,74990,892,2021-10-21 23:27:00,394,82,65,377,Delivered,UPI,True,FIRSTORDER_892,2021-10-21 23:27:00,2023-06-26 00:35:08.355907
418799,78932,2497,2021-10-11 12:41:00,240,0,61,301,Delivered,UPI,True,,2021-10-11 12:41:00,2022-05-29 07:03:13.356900
418800,78932,2493,2021-10-22 20:13:00,766,0,0,766,Delivered,Cash,False,,2021-10-22 20:13:00,2021-12-12 22:46:54.994828
418801,78932,2493,2021-06-09 22:34:00,1149,0,0,1149,Delivered,DebitCard,False,,2021-06-09 22:34:00,2024-03-01 05:20:07.167136
418802,54121,1771,2021-11-02 12:35:00,1038,0,0,1038,Delivered,DebitCard,True,,2021-11-02 12:35:00,2023-01-21 13:13:45.485323
418803,54121,1753,2021-10-29 14:18:00,319,0,71,390,Delivered,UPI,False,,2021-10-29 14:18:00,2023-07-08 14:22:23.138300
418804,54121,1767,2021-10-30 21:44:00,69,0,85,154,Delivered,UPI,False,,2021-10-30 21:44:00,2023-10-01 07:00:03.172266
418805,51893,1175,2021-10-25 12:00:00,1011,135,0,876,Delivered,UPI,True,SPECIAL_1175,2021-10-25 12:00:00,2024-11-13 16:45:29.611410
418806,57156,1165,2021-12-25 21:43:00,939,146,0,793,Delivered,UPI,True,SPECIAL_1165,2021-12-25 21:43:00,2023-09-10 03:23:49.077015
418807,6043,1787,2021-03-22 21:44:00,1151,96,0,1055,Delivered,DebitCard,True,DEBITCARD_1787,2021-03-22 21:44:00,2024-11-18 07:28:26.745998
418808,6043,1744,2021-09-12 17:09:00,1761,311,0,1450,Delivered,CreditCard,False,FESTIVAL_1744,2021-09-12 17:09:00,2022-09-05 23:49:13.797319
418809,20732,1753,2021-11-15 15:19:00,200,0,66,266,Delivered,DebitCard,True,,2021-11-15 15:19:00,2024-06-01 12:07:20.649162
418810,20732,1753,2021-11-08 12:10:00,191,0,83,274,Delivered,UPI,False,,2021-11-08 12:10:00,2022-08-26 06:21:11.776682
418811,50427,805,2021-11-03 13:34:00,540,82,49,507,Canceled,UPI,True,UPISAVE_805,2021-11-03 13:34:00,2024-10-19 15:13:51.184586
418812,73826,2276,2021-11-21 17:28:00,967,158,0,809,Returned,UPI,True,SPECIAL_2276,2021-11-21 17:28:00,2022-03-09 16:40:58.074832
418813,54494,829,2021-10-22 21:15:00,595,90,31,536,Delivered,UPI,True,WELCOME_829,2021-10-22 21:15:00,2022-02-06 21:19:10.280025
418814,29966,2542,2021-12-29 16:20:00,184,0,91,275,Delivered,UPI,True,,2021-12-29 16:20:00,2024-04-11 21:32:07.397850
418815,76499,891,2021-07-19 06:06:00,301,0,67,368,Delivered,Cash,True,,2021-07-19 06:06:00,2023-08-31 16:16:44.165107
418816,76499,879,2021-12-15 14:49:00,328,0,74,402,Delivered,Cash,False,,2021-12-15 14:49:00,2023-08-18 10:17:19.837533
418817,4024,2456,2021-03-01 13:09:00,84,0,81,165,Delivered,UPI,True,,2021-03-01 13:09:00,2022-01-20 12:22:59.955937
418818,69443,409,2021-12-13 06:42:00,634,105,0,529,Delivered,UPI,True,WELCOME_409,2021-12-13 06:42:00,2024-07-29 18:39:16.287242
418819,88825,865,2021-10-27 09:22:00,774,96,0,678,Delivered,Cash,True,WELCOME_865,2021-10-27 09:22:00,2023-06-15 23:52:18.748589
418820,57580,2466,2021-11-17 14:26:00,379,0,52,431,Delivered,UPI,True,,2021-11-17 14:26:00,2024-06-21 00:23:58.442424
418821,9260,2318,2021-12-28 12:28:00,372,0,65,437,Returned,UPI,True,,2021-12-28 12:28:00,2022-11-06 20:32:55.756863
418822,53355,2535,2021-12-17 07:49:00,1024,0,0,1024,Delivered,Cash,True,,2021-12-17 07:49:00,2025-01-31 20:52:21.423216
418823,46475,2471,2021-03-02 14:16:00,159,0,86,245,Delivered,UPI,True,,2021-03-02 14:16:00,2024-05-29 16:36:39.467116
418824,72043,910,2021-09-02 21:49:00,124,0,94,218,Canceled,UPI,True,,2021-09-02 21:49:00,2022-08-09 11:17:32.371659
418825,72043,944,2021-12-09 20:22:00,995,135,0,860,Delivered,UPI,False,SPECIAL_944,2021-12-09 20:22:00,2023-04-17 11:02:59.509382
418826,87097,2278,2021-12-22 06:42:00,1437,107,0,1330,Delivered,UPI,True,WELCOME_2278,2021-12-22 06:42:00,2024-05-10 18:44:29.808417
418827,87097,2257,2021-07-10 15:03:00,662,0,0,662,Canceled,UPI,False,,2021-07-10 15:03:00,2021-12-07 16:02:25.236931
418828,87097,2252,2021-09-07 08:32:00,520,0,31,551,Delivered,UPI,False,,2021-09-07 08:32:00,2022-03-01 17:18:11.722808
418829,69044,867,2021-10-23 14:33:00,887,137,0,750,Delivered,UPI,True,SPECIAL_867,2021-10-23 14:33:00,2023-11-22 10:51:42.832829
418830,69044,879,2021-11-23 12:06:00,246,0,80,326,Delivered,UPI,False,,2021-11-23 12:06:00,2024-03-04 08:45:20.755440
418831,69044,890,2021-10-21 21:16:00,278,0,69,347,Delivered,UPI,False,,2021-10-21 21:16:00,2025-04-02 17:27:23.671671
418832,86282,2427,2021-09-28 19:12:00,655,97,0,558,Delivered,DebitCard,True,WELCOME_2427,2021-09-28 19:12:00,2023-01-07 19:53:41.581419
418833,86282,2428,2021-11-12 12:22:00,232,0,58,290,Returned,Cash,False,,2021-11-12 12:22:00,2022-04-17 21:58:03.241012
418834,32603,1753,2021-12-24 12:00:00,1904,106,0,1798,Delivered,UPI,True,WELCOME_1753,2021-12-24 12:00:00,2025-02-11 09:35:11.705817
418835,48351,811,2021-12-22 21:59:00,255,0,59,314,Delivered,Cash,True,,2021-12-22 21:59:00,2022-01-22 17:10:44.797777
418836,3265,384,2021-08-22 20:04:00,154,0,84,238,Delivered,UPI,True,,2021-08-22 20:04:00,2022-05-03 10:39:37.214282
418837,64305,2550,2021-11-25 10:10:00,688,0,0,688,Delivered,DebitCard,True,,2021-11-25 10:10:00,2021-12-03 19:42:59.041688
418838,52300,1155,2021-10-04 23:55:00,702,0,0,702,Delivered,UPI,True,,2021-10-04 23:55:00,2022-05-06 02:17:09.469329
418839,52300,1114,2021-09-06 21:04:00,692,99,0,593,Delivered,UPI,False,WELCOME_1114,2021-09-06 21:04:00,2024-07-18 21:30:37.231449
418840,51310,384,2021-09-01 20:00:00,300,0,61,361,Canceled,UPI,True,,2021-09-01 20:00:00,2024-07-18 14:32:17.402831
418841,51310,384,2021-11-22 23:46:00,370,0,61,431,Delivered,Cash,False,,2021-11-22 23:46:00,2022-05-16 06:13:52.824953
418842,51310,366,2021-11-25 15:34:00,331,0,63,394,Delivered,UPI,False,,2021-11-25 15:34:00,2023-08-31 01:10:25.255788
418843,62431,892,2021-08-16 22:08:00,189,0,81,270,Failed,DebitCard,True,,2021-08-16 22:08:00,2022-02-24 17:10:00.774563
418844,62431,869,2021-10-09 13:49:00,788,146,0,642,Delivered,UPI,False,SPECIAL_869,2021-10-09 13:49:00,2023-01-16 16:59:25.098856
418845,62431,891,2021-08-16 07:00:00,250,0,65,315,Delivered,DebitCard,False,,2021-08-16 07:00:00,2023-01-22 17:41:20.842759
418846,86866,1787,2021-11-29 22:16:00,1008,90,0,918,Delivered,UPI,True,WELCOME_1787,2021-11-29 22:16:00,2022-01-18 15:37:27.483925
418847,90352,376,2021-09-28 21:34:00,372,68,60,364,Delivered,UPI,True,FIRSTORDER_376,2021-09-28 21:34:00,2023-04-24 17:48:23.352086
418848,31007,1787,2021-12-02 22:34:00,411,0,50,461,Delivered,UPI,True,,2021-12-02 22:34:00,2022-07-09 03:53:28.909162
418849,31007,1753,2021-08-02 14:30:00,1304,106,0,1198,Delivered,UPI,False,WELCOME_1753,2021-08-02 14:30:00,2024-06-17 00:57:52.403367
418850,79681,2471,2021-11-26 11:15:00,225,0,63,288,Returned,Cash,True,,2021-11-26 11:15:00,2022-03-25 04:17:26.478893
418851,79681,2427,2021-04-21 20:13:00,1086,97,0,989,Delivered,UPI,False,WELCOME_2427,2021-04-21 20:13:00,2023-06-10 14:43:48.989441
418852,70468,652,2021-11-13 12:49:00,264,0,65,329,Delivered,UPI,True,,2021-11-13 12:49:00,2023-01-16 06:40:35.174067
418853,38446,910,2021-08-11 19:34:00,1420,183,0,1237,Delivered,CreditCard,True,WEEKEND_910,2021-08-11 19:34:00,2021-11-03 09:13:04.859706
418854,38446,935,2021-11-03 14:21:00,117,0,85,202,Delivered,UPI,False,,2021-11-03 14:21:00,2022-06-02 06:26:32.067235
418855,72061,2490,2021-11-12 16:09:00,267,0,79,346,Delivered,UPI,True,,2021-11-12 16:09:00,2021-11-17 12:27:43.010789
418856,72061,2542,2021-11-01 16:41:00,150,0,99,249,Delivered,UPI,False,,2021-11-01 16:41:00,2024-07-14 11:20:50.584796
418857,72061,2538,2021-11-26 18:41:00,183,0,99,282,Delivered,DebitCard,False,,2021-11-26 18:41:00,2024-12-26 08:17:07.881798
418858,12121,1762,2021-09-09 21:21:00,353,0,60,413,Delivered,UPI,True,,2021-09-09 21:21:00,2024-04-18 04:12:48.987284
418859,12121,1762,2021-09-14 20:18:00,582,94,48,536,Delivered,UPI,False,WELCOME_1762,2021-09-14 20:18:00,2023-10-21 11:14:54.042758
418860,12121,1744,2021-09-07 16:08:00,369,0,74,443,Delivered,DebitCard,False,,2021-09-07 16:08:00,2022-05-27 19:41:19.958279
418861,59672,411,2021-12-04 11:10:00,358,0,74,432,Delivered,UPI,True,,2021-12-04 11:10:00,2022-11-25 03:24:57.465027
418862,59672,409,2021-12-02 06:04:00,642,105,0,537,Failed,UPI,False,WELCOME_409,2021-12-02 06:04:00,2023-11-04 14:35:20.929615
418863,59672,424,2021-12-07 20:24:00,621,0,0,621,Delivered,UPI,False,,2021-12-07 20:24:00,2022-02-18 18:40:41.869501
418864,25940,644,2021-11-25 12:08:00,591,0,44,635,Delivered,CreditCard,True,,2021-11-25 12:08:00,2024-12-25 23:58:47.087529
418865,25940,641,2021-12-25 16:53:00,150,0,91,241,Delivered,UPI,False,,2021-12-25 16:53:00,2024-11-02 14:12:45.654466
418866,78985,1256,2021-11-11 07:24:00,1168,182,0,986,Delivered,Cash,True,WEEKEND_1256,2021-11-11 07:24:00,2022-12-12 23:50:36.657955
418867,68949,1288,2021-09-05 15:22:00,494,71,34,457,Returned,Cash,True,FIRSTORDER_1288,2021-09-05 15:22:00,2025-04-03 16:11:35.929981
418868,2012,1136,2021-12-04 12:09:00,762,0,0,762,Delivered,Cash,True,,2021-12-04 12:09:00,2024-12-18 04:28:13.252594
418869,2012,1114,2021-12-17 22:03:00,2430,285,0,2145,Delivered,UPI,False,FESTIVAL_1114,2021-12-17 22:03:00,2025-01-21 23:46:47.556710
418870,2012,1138,2021-10-19 18:38:00,705,72,0,633,Delivered,UPI,False,UPISAVE_1138,2021-10-19 18:38:00,2025-04-12 14:02:29.763727
418871,4010,2497,2021-12-27 13:02:00,930,149,0,781,Returned,CreditCard,True,SPECIAL_2497,2021-12-27 13:02:00,2022-09-14 23:49:22.979280
418872,64790,1136,2021-12-23 12:10:00,1191,212,0,979,Delivered,UPI,True,WEEKEND_1136,2021-12-23 12:10:00,2023-02-24 07:37:40.859412
418873,49612,2550,2021-12-12 07:12:00,118,0,85,203,Delivered,UPI,True,,2021-12-12 07:12:00,2024-08-15 17:54:12.149752
418874,49612,2490,2021-09-20 16:13:00,333,0,59,392,Canceled,UPI,False,,2021-09-20 16:13:00,2023-08-19 12:46:29.160480
418875,49612,2538,2021-08-30 17:03:00,223,0,75,298,Delivered,UPI,False,,2021-08-30 17:03:00,2024-09-16 12:08:55.630234
418876,77776,2540,2021-12-28 08:38:00,440,82,47,405,Delivered,UPI,True,UPISAVE_2540,2021-12-28 08:38:00,2022-06-30 10:09:22.764631
418877,65638,838,2021-12-25 21:57:00,323,0,52,375,Returned,UPI,True,,2021-12-25 21:57:00,2022-12-02 18:25:33.618039
418878,65638,816,2021-12-23 12:54:00,574,0,32,606,Delivered,Cash,False,,2021-12-23 12:54:00,2024-03-15 03:34:28.474025
418879,69415,851,2021-10-14 20:28:00,775,0,0,775,Delivered,UPI,True,,2021-10-14 20:28:00,2023-01-23 09:50:08.681414
418880,69415,838,2021-11-22 21:02:00,387,0,80,467,Delivered,UPI,False,,2021-11-22 21:02:00,2024-06-21 14:28:03.901641
418881,69415,816,2021-07-19 12:31:00,148,0,93,241,Canceled,UPI,False,,2021-07-19 12:31:00,2023-03-05 13:11:53.762538
418882,80584,1138,2021-10-07 18:24:00,57,0,91,148,Delivered,Cash,True,,2021-10-07 18:24:00,2022-10-19 14:24:54.657866
418883,80584,1136,2021-07-15 11:23:00,396,0,50,446,Delivered,UPI,False,,2021-07-15 11:23:00,2022-03-26 12:51:57.027555
418884,85575,2540,2021-12-27 10:23:00,316,0,64,380,Delivered,UPI,True,,2021-12-27 10:23:00,2025-03-04 09:18:17.964824
418885,85575,2495,2021-12-28 09:59:00,421,0,42,463,Delivered,UPI,False,,2021-12-28 09:59:00,2022-03-17 00:11:18.112035
418886,85575,2483,2021-12-27 09:07:00,79,0,86,165,Canceled,UPI,False,,2021-12-27 09:07:00,2023-08-28 01:08:13.392174
418887,83210,2493,2021-04-12 21:07:00,390,69,70,391,Delivered,UPI,True,FIRSTORDER_2493,2021-04-12 21:07:00,2025-02-15 12:54:32.388825
418888,83210,2493,2021-04-17 21:04:00,176,0,99,275,Delivered,Cash,False,,2021-04-17 21:04:00,2023-04-21 12:52:35.288691
418889,28765,376,2021-08-16 20:39:00,169,0,94,263,Delivered,UPI,True,,2021-08-16 20:39:00,2023-06-10 06:59:41.844912
418890,28765,376,2021-10-26 22:17:00,324,0,78,402,Delivered,UPI,False,,2021-10-26 22:17:00,2023-10-15 11:56:12.734846
418891,47072,2257,2021-09-14 13:31:00,978,0,0,978,Delivered,UPI,True,,2021-09-14 13:31:00,2023-05-11 22:45:22.691384
418892,47072,2257,2021-09-08 15:47:00,606,0,0,606,Delivered,CreditCard,False,,2021-09-08 15:47:00,2023-09-04 15:41:32.034534
418893,9444,2495,2021-12-20 06:15:00,448,68,47,427,Delivered,Cash,True,FIRSTORDER_2495,2021-12-20 06:15:00,2025-05-01 07:29:55.621678
418894,83479,1753,2021-11-04 14:09:00,238,0,56,294,Delivered,UPI,True,,2021-11-04 14:09:00,2023-06-15 06:08:21.896491
418895,69304,1299,2021-12-19 07:05:00,292,0,65,357,Delivered,UPI,True,,2021-12-19 07:05:00,2023-11-15 10:57:08.351763
418896,69304,1299,2021-12-10 08:49:00,448,0,40,488,Delivered,UPI,False,,2021-12-10 08:49:00,2022-05-07 21:34:29.389516
418897,64284,2550,2021-12-26 08:42:00,259,0,54,313,Delivered,UPI,True,,2021-12-26 08:42:00,2024-09-27 05:17:35.154479
418898,32319,1175,2021-10-12 14:45:00,367,81,76,362,Delivered,UPI,True,FIRSTORDER_1175,2021-10-12 14:45:00,2024-03-31 11:08:47.622467
418899,32319,1175,2021-11-17 13:37:00,102,0,100,202,Delivered,UPI,False,,2021-11-17 13:37:00,2023-08-24 15:51:00.136561
418900,61628,1155,2021-11-23 21:42:00,122,0,86,208,Delivered,UPI,True,,2021-11-23 21:42:00,2024-03-13 10:51:50.018540
418901,61628,1138,2021-08-23 16:11:00,1317,0,0,1317,Delivered,Cash,False,,2021-08-23 16:11:00,2022-03-04 13:30:00.367851
418903,18990,2456,2021-02-24 13:14:00,241,0,53,294,Delivered,CreditCard,True,,2021-02-24 13:14:00,2024-04-26 18:42:44.537727
418904,18990,2444,2021-12-02 12:09:00,1510,271,0,1239,Delivered,DebitCard,False,FESTIVAL_2444,2021-12-02 12:09:00,2023-04-25 09:01:24.416219
418905,43473,2276,2021-12-05 16:25:00,129,0,89,218,Delivered,UPI,True,,2021-12-05 16:25:00,2024-11-23 12:07:06.059995
418906,80765,1744,2021-05-06 16:04:00,596,103,38,531,Delivered,UPI,True,WELCOME_1744,2021-05-06 16:04:00,2023-08-16 05:31:38.860324
418907,80765,1762,2021-10-21 21:50:00,182,0,85,267,Delivered,UPI,False,,2021-10-21 21:50:00,2022-01-26 09:19:45.047075
418908,80765,1771,2021-12-21 14:53:00,103,0,98,201,Delivered,UPI,False,,2021-12-21 14:53:00,2022-05-10 15:50:07.841083
418909,62555,376,2021-08-19 20:42:00,1565,301,0,1264,Delivered,UPI,True,FESTIVAL_376,2021-08-19 20:42:00,2023-06-06 17:14:20.776307
418910,62555,376,2021-08-06 20:35:00,99,0,81,180,Returned,UPI,False,,2021-08-06 20:35:00,2021-12-26 00:20:28.577605
418911,28961,1136,2021-09-09 12:53:00,156,0,80,236,Delivered,DebitCard,True,,2021-09-09 12:53:00,2023-04-04 16:04:08.833481
418912,29416,1309,2021-06-16 20:12:00,142,0,91,233,Delivered,Cash,True,,2021-06-16 20:12:00,2024-06-29 18:48:50.351414
418913,29416,1320,2021-12-12 15:23:00,834,0,0,834,Delivered,UPI,False,,2021-12-12 15:23:00,2025-03-29 22:23:41.325414
418914,70831,2471,2021-08-14 12:57:00,515,0,47,562,Returned,DebitCard,True,,2021-08-14 12:57:00,2023-10-26 17:12:33.407552
418915,70831,2452,2021-12-23 22:57:00,561,86,31,506,Returned,UPI,False,UPISAVE_2452,2021-12-23 22:57:00,2024-05-07 08:49:36.829257
418916,70831,2456,2021-11-20 12:15:00,202,0,68,270,Delivered,UPI,False,,2021-11-20 12:15:00,2023-10-01 05:20:12.253339
418917,26502,424,2021-10-11 23:53:00,444,82,36,398,Delivered,UPI,True,UPISAVE_424,2021-10-11 23:53:00,2025-03-18 18:04:44.375774
418918,2627,384,2021-08-23 22:31:00,150,0,82,232,Delivered,UPI,True,,2021-08-23 22:31:00,2022-04-24 20:48:17.296499
418919,42881,411,2021-10-30 13:59:00,628,77,0,551,Returned,Cash,True,FIRSTORDER_411,2021-10-30 13:59:00,2022-01-11 20:29:08.014611
418920,86663,1155,2021-11-01 22:04:00,212,0,53,265,Returned,UPI,True,,2021-11-01 22:04:00,2024-12-03 07:13:44.857793
418921,89166,376,2021-08-20 22:37:00,1394,301,0,1093,Delivered,UPI,True,FESTIVAL_376,2021-08-20 22:37:00,2022-09-30 07:08:01.593664
418922,16829,1175,2021-12-09 14:52:00,530,81,33,482,Delivered,Cash,True,FIRSTORDER_1175,2021-12-09 14:52:00,2024-07-18 21:02:54.794518
418923,16829,1138,2021-11-24 17:08:00,264,0,69,333,Delivered,Cash,False,,2021-11-24 17:08:00,2023-12-06 00:08:29.691370
418925,7605,2278,2021-10-31 06:59:00,511,81,49,479,Delivered,UPI,True,FIRSTORDER_2278,2021-10-31 06:59:00,2021-12-22 09:07:47.107695
418926,8491,838,2021-08-15 22:17:00,83,0,87,170,Delivered,UPI,True,,2021-08-15 22:17:00,2025-02-07 22:07:21.262151
418927,8491,812,2021-10-10 16:37:00,1107,0,0,1107,Delivered,UPI,False,,2021-10-10 16:37:00,2024-08-02 08:01:42.868793
418928,86694,428,2021-10-26 08:05:00,445,80,48,413,Delivered,UPI,True,UPISAVE_428,2021-10-26 08:05:00,2021-11-13 20:07:36.527589
418929,86694,376,2021-08-27 22:01:00,488,0,43,531,Delivered,UPI,False,,2021-08-27 22:01:00,2024-10-20 17:04:27.117475
418930,86694,376,2021-11-18 19:47:00,463,0,34,497,Delivered,Cash,False,,2021-11-18 19:47:00,2023-04-22 01:56:50.110440
418931,31456,641,2021-12-23 16:53:00,1399,100,0,1299,Failed,UPI,True,WELCOME_641,2021-12-23 16:53:00,2024-04-03 03:20:12.087389
418932,1183,2427,2021-05-04 20:56:00,1155,97,0,1058,Delivered,UPI,True,WELCOME_2427,2021-05-04 20:56:00,2025-04-09 08:45:09.118233
418933,42023,2251,2021-12-30 21:52:00,801,155,0,646,Delivered,UPI,True,SPECIAL_2251,2021-12-30 21:52:00,2022-06-26 02:07:17.040317
418934,42023,2272,2021-10-21 19:46:00,55,0,100,155,Failed,UPI,False,,2021-10-21 19:46:00,2023-03-27 03:54:39.758416
418935,70324,936,2021-09-10 13:39:00,476,72,41,445,Delivered,UPI,True,FIRSTORDER_936,2021-09-10 13:39:00,2024-06-25 05:58:35.242173
418936,70324,892,2021-09-06 23:25:00,94,0,87,181,Delivered,UPI,False,,2021-09-06 23:25:00,2024-08-20 01:37:14.089614
418937,70324,936,2021-11-07 12:46:00,170,0,82,252,Returned,CreditCard,False,,2021-11-07 12:46:00,2023-12-16 20:12:19.433847
418938,11648,935,2021-11-17 15:26:00,326,72,80,334,Delivered,UPI,True,FIRSTORDER_935,2021-11-17 15:26:00,2023-01-30 18:32:17.288462
418939,11648,930,2021-11-19 11:46:00,1339,74,0,1265,Delivered,UPI,False,UPISAVE_930,2021-11-19 11:46:00,2024-04-08 01:45:17.600197
418940,93957,2280,2021-12-28 22:18:00,702,81,0,621,Failed,UPI,True,FIRSTORDER_2280,2021-12-28 22:18:00,2022-08-04 10:05:22.184561
418941,93957,2276,2021-12-26 16:29:00,1132,207,0,925,Delivered,UPI,False,WEEKEND_2276,2021-12-26 16:29:00,2024-11-20 13:58:44.586426
418942,93957,2250,2021-12-30 21:16:00,1566,107,0,1459,Delivered,UPI,False,WELCOME_2250,2021-12-30 21:16:00,2025-04-02 10:27:13.386713
418943,57432,2428,2021-12-28 14:54:00,436,0,31,467,Delivered,UPI,True,,2021-12-28 14:54:00,2024-10-19 18:45:15.928379
418944,57432,2466,2021-12-06 12:32:00,1873,313,0,1560,Delivered,UPI,False,FESTIVAL_2466,2021-12-06 12:32:00,2023-02-11 18:30:49.079295
418945,96743,644,2021-12-08 12:55:00,246,0,72,318,Canceled,UPI,True,,2021-12-08 12:55:00,2022-09-15 06:08:04.150839
418946,96743,644,2021-12-12 14:54:00,265,0,59,324,Delivered,UPI,False,,2021-12-12 14:54:00,2022-02-14 00:12:55.273881
418947,67928,1309,2021-11-08 21:25:00,218,0,78,296,Delivered,Cash,True,,2021-11-08 21:25:00,2024-08-12 05:24:07.768443
418948,67928,1287,2021-07-26 10:02:00,64,0,91,155,Delivered,UPI,False,,2021-07-26 10:02:00,2022-08-10 13:40:35.357071
418949,67928,1299,2021-09-25 09:44:00,114,0,97,211,Delivered,CreditCard,False,,2021-09-25 09:44:00,2023-11-09 07:54:47.123837
418950,13418,1114,2021-11-15 22:24:00,1693,285,0,1408,Delivered,UPI,True,FESTIVAL_1114,2021-11-15 22:24:00,2022-04-06 07:30:14.816928
418951,13418,1136,2021-11-18 11:14:00,1895,212,0,1683,Delivered,UPI,False,WEEKEND_1136,2021-11-18 11:14:00,2022-07-25 04:29:10.345030
418952,55086,384,2021-10-12 21:03:00,353,0,68,421,Delivered,UPI,True,,2021-10-12 21:03:00,2025-01-30 14:05:19.495512
418953,8564,2497,2021-07-08 13:13:00,337,0,63,400,Delivered,Cash,True,,2021-07-08 13:13:00,2022-12-26 23:53:47.640634
418954,5842,2251,2021-06-19 22:08:00,1817,202,0,1615,Delivered,UPI,True,WEEKEND_2251,2021-06-19 22:08:00,2022-05-16 15:29:17.246147
418955,61392,384,2021-09-24 21:37:00,1373,0,0,1373,Delivered,CreditCard,True,,2021-09-24 21:37:00,2024-09-07 04:30:21.224385
418956,33686,1762,2021-12-22 21:10:00,931,94,0,837,Delivered,UPI,True,WELCOME_1762,2021-12-22 21:10:00,2022-08-25 14:12:48.255314
418957,33686,1771,2021-07-09 15:03:00,2114,196,0,1918,Canceled,Cash,False,WEEKEND_1771,2021-07-09 15:03:00,2025-01-16 08:00:03.918591
418958,48474,1278,2021-03-20 09:46:00,693,0,0,693,Failed,Cash,True,,2021-03-20 09:46:00,2024-04-14 18:53:53.189183
418959,43033,399,2021-12-20 21:15:00,534,0,40,574,Delivered,UPI,True,,2021-12-20 21:15:00,2025-03-30 23:56:26.082296
418960,43033,428,2021-12-27 06:16:00,1200,218,0,982,Delivered,Cash,False,WEEKEND_428,2021-12-27 06:16:00,2022-07-19 21:58:28.471606
418961,43033,428,2021-12-26 06:04:00,247,0,80,327,Delivered,CreditCard,False,,2021-12-26 06:04:00,2024-05-08 11:59:30.666395
418962,97099,838,2021-12-13 22:35:00,165,0,86,251,Delivered,UPI,True,,2021-12-13 22:35:00,2024-01-08 19:03:16.021968
418963,97099,816,2021-07-06 13:22:00,173,0,95,268,Delivered,UPI,False,,2021-07-06 13:22:00,2023-06-12 21:50:33.009157
418965,74937,1155,2021-11-12 22:52:00,170,0,97,267,Failed,UPI,True,,2021-11-12 22:52:00,2022-05-02 21:51:08.204633
418966,52945,1787,2021-10-13 21:51:00,102,0,99,201,Delivered,UPI,True,,2021-10-13 21:51:00,2023-04-14 11:13:02.960481
418967,52945,1767,2021-11-13 19:30:00,174,0,83,257,Delivered,UPI,False,,2021-11-13 19:30:00,2025-03-12 12:58:04.623691
418968,83500,816,2021-05-05 15:38:00,138,0,82,220,Delivered,UPI,True,,2021-05-05 15:38:00,2021-10-21 18:47:59.318712
418969,63804,1744,2021-11-16 17:26:00,154,0,83,237,Delivered,UPI,True,,2021-11-16 17:26:00,2024-09-30 06:39:35.264323
418970,63804,1753,2021-06-12 15:06:00,949,106,0,843,Delivered,UPI,False,WELCOME_1753,2021-06-12 15:06:00,2023-08-14 13:00:37.585651
418971,30776,1114,2021-09-13 21:42:00,228,0,51,279,Delivered,Cash,True,,2021-09-13 21:42:00,2022-11-08 16:13:57.081686
418972,30776,1110,2021-10-14 14:54:00,474,0,39,513,Delivered,UPI,False,,2021-10-14 14:54:00,2023-08-12 20:24:43.557981
418974,36061,2252,2021-11-05 08:03:00,258,0,53,311,Delivered,UPI,True,,2021-11-05 08:03:00,2025-01-02 20:34:07.777765
418975,36061,2278,2021-10-09 07:57:00,345,0,64,409,Canceled,UPI,False,,2021-10-09 07:57:00,2025-03-14 17:45:36.654581
418976,36061,2250,2021-10-08 22:13:00,308,0,56,364,Delivered,UPI,False,,2021-10-08 22:13:00,2025-01-12 20:23:50.974179
418977,61563,938,2021-12-31 16:27:00,889,0,0,889,Returned,Cash,True,,2021-12-31 16:27:00,2024-01-26 22:54:43.071849
418978,8682,865,2021-12-03 07:31:00,498,96,38,440,Delivered,UPI,True,WELCOME_865,2021-12-03 07:31:00,2024-09-14 19:51:28.692159
418979,66021,1771,2021-03-15 14:22:00,991,0,0,991,Delivered,UPI,True,,2021-03-15 14:22:00,2023-10-15 09:47:15.679343
418980,66021,1787,2021-09-07 22:44:00,226,0,74,300,Returned,UPI,False,,2021-09-07 22:44:00,2024-11-18 11:32:50.959749
418981,19915,1109,2021-12-24 21:12:00,1543,144,0,1399,Delivered,UPI,True,SPECIAL_1109,2021-12-24 21:12:00,2024-11-27 07:33:20.541683
418982,19915,1175,2021-12-03 14:57:00,428,0,40,468,Canceled,UPI,False,,2021-12-03 14:57:00,2023-11-29 21:22:18.261321
418983,19915,1136,2021-10-03 14:33:00,156,0,83,239,Delivered,Cash,False,,2021-10-03 14:33:00,2024-11-21 01:55:47.650178
418984,13346,2538,2021-12-26 16:54:00,587,94,46,539,Delivered,UPI,True,WELCOME_2538,2021-12-26 16:54:00,2024-10-25 14:06:58.849734
418985,13346,2540,2021-12-14 06:40:00,252,0,51,303,Delivered,Cash,False,,2021-12-14 06:40:00,2021-12-16 10:08:13.006960
418986,13346,2542,2021-12-30 17:03:00,562,91,44,515,Delivered,Cash,False,WELCOME_2542,2021-12-30 17:03:00,2022-11-24 20:02:23.664883
418987,94939,366,2021-10-16 12:57:00,206,0,70,276,Delivered,UPI,True,,2021-10-16 12:57:00,2024-10-06 13:45:12.358505
418988,3557,788,2021-08-25 21:21:00,765,95,0,670,Delivered,UPI,True,WELCOME_788,2021-08-25 21:21:00,2022-04-14 06:29:38.309349
418989,13444,868,2021-12-31 21:10:00,311,0,66,377,Delivered,UPI,True,,2021-12-31 21:10:00,2024-08-18 19:17:14.902951
418990,13444,856,2021-12-31 16:20:00,232,0,57,289,Returned,UPI,False,,2021-12-31 16:20:00,2024-06-16 08:34:29.230667
418991,13444,890,2021-12-30 23:19:00,177,0,99,276,Canceled,Cash,False,,2021-12-30 23:19:00,2025-03-11 01:33:05.397265
418992,64052,2495,2021-10-27 09:49:00,148,0,86,234,Delivered,UPI,True,,2021-10-27 09:49:00,2022-04-13 02:03:37.238203
418993,64052,2493,2021-04-22 22:17:00,1050,199,0,851,Delivered,UPI,False,WEEKEND_2493,2021-04-22 22:17:00,2024-05-08 07:52:15.119043
418994,16137,879,2021-12-20 12:56:00,114,0,81,195,Delivered,CreditCard,True,,2021-12-20 12:56:00,2023-11-15 15:21:33.634630
418995,16137,922,2021-04-25 19:53:00,243,0,53,296,Delivered,UPI,False,,2021-04-25 19:53:00,2024-05-08 21:25:51.641925
418996,16137,871,2021-06-21 15:15:00,1949,0,0,1949,Delivered,UPI,False,,2021-06-21 15:15:00,2022-02-13 01:54:44.310456
418997,80434,2463,2021-06-23 18:27:00,724,76,0,648,Delivered,UPI,True,FIRSTORDER_2463,2021-06-23 18:27:00,2021-07-28 20:07:20.024824
418998,82599,869,2021-12-07 11:56:00,896,146,0,750,Delivered,UPI,True,SPECIAL_869,2021-12-07 11:56:00,2022-09-23 03:21:39.887163
418999,51112,652,2021-12-29 12:07:00,1065,72,0,993,Delivered,UPI,True,FIRSTORDER_652,2021-12-29 12:07:00,2022-05-24 13:32:14.532024
419001,78996,2303,2021-10-15 17:22:00,496,86,35,445,Delivered,UPI,True,UPISAVE_2303,2021-10-15 17:22:00,2024-02-07 22:05:05.542747
419002,78996,2263,2021-11-21 13:10:00,1188,147,0,1041,Delivered,CreditCard,False,CREDITCARD_2263,2021-11-21 13:10:00,2022-01-10 15:18:10.981882
419003,15801,2550,2021-12-02 06:19:00,114,0,97,211,Delivered,UPI,True,,2021-12-02 06:19:00,2024-09-09 03:38:23.088301
419004,15801,2497,2021-12-08 13:27:00,1791,149,0,1642,Delivered,UPI,False,SPECIAL_2497,2021-12-08 13:27:00,2023-08-30 11:43:42.370016
419006,92935,947,2021-12-11 11:59:00,186,0,93,279,Canceled,UPI,False,,2021-12-11 11:59:00,2023-12-23 04:04:43.431704
419007,28229,2495,2021-04-26 07:45:00,898,136,0,762,Failed,UPI,True,SPECIAL_2495,2021-04-26 07:45:00,2024-01-15 09:02:48.342212
419008,46778,1744,2021-01-24 16:02:00,598,103,42,537,Delivered,Cash,True,WELCOME_1744,2021-01-24 16:02:00,2022-07-11 03:35:01.559572
419009,46778,1771,2021-04-20 13:46:00,653,100,0,553,Delivered,UPI,False,WELCOME_1771,2021-04-20 13:46:00,2024-12-31 04:11:40.737699
419010,7273,652,2021-12-31 14:03:00,535,72,42,505,Delivered,UPI,True,FIRSTORDER_652,2021-12-31 14:03:00,2023-08-04 06:49:01.265678
419011,1452,1767,2021-11-21 21:03:00,464,0,42,506,Delivered,UPI,True,,2021-11-21 21:03:00,2023-05-31 03:59:11.373234
419012,1452,1753,2021-09-01 13:20:00,292,0,59,351,Failed,Cash,False,,2021-09-01 13:20:00,2024-02-12 10:21:51.515854
419013,1452,1767,2021-10-30 19:11:00,758,0,0,758,Delivered,Cash,False,,2021-10-30 19:11:00,2023-07-10 11:20:42.405442
419014,33406,392,2021-12-29 14:23:00,296,0,52,348,Delivered,UPI,True,,2021-12-29 14:23:00,2022-10-03 04:29:01.293002
419015,33406,366,2021-12-22 15:51:00,179,0,83,262,Delivered,Cash,False,,2021-12-22 15:51:00,2024-10-30 17:15:59.045710
419016,33706,1256,2021-12-30 08:47:00,262,0,51,313,Delivered,UPI,True,,2021-12-30 08:47:00,2023-11-13 00:27:28.111679
419017,33706,1309,2021-12-26 20:41:00,1543,0,0,1543,Delivered,DebitCard,False,,2021-12-26 20:41:00,2022-12-15 21:24:36.916636
419018,33706,1303,2021-12-18 22:01:00,580,91,40,529,Delivered,UPI,False,WELCOME_1303,2021-12-18 22:01:00,2024-06-13 00:00:47.888599
419019,14069,788,2021-07-03 21:41:00,804,95,0,709,Delivered,Cash,True,WELCOME_788,2021-07-03 21:41:00,2022-12-08 12:47:24.937807
419020,14069,838,2021-09-10 22:36:00,640,97,0,543,Delivered,UPI,False,WELCOME_838,2021-09-10 22:36:00,2022-08-28 09:38:54.488845
419021,89224,892,2021-03-13 21:16:00,253,0,76,329,Returned,UPI,True,,2021-03-13 21:16:00,2024-04-08 04:34:30.596371
419022,63003,1175,2021-11-10 15:46:00,1395,324,0,1071,Delivered,UPI,True,FESTIVAL_1175,2021-11-10 15:46:00,2024-09-27 05:17:08.754520
419023,63003,1155,2021-08-15 20:16:00,636,77,0,559,Delivered,UPI,False,UPISAVE_1155,2021-08-15 20:16:00,2022-05-09 01:13:17.523245
419024,29167,2415,2021-12-01 13:04:00,1829,309,0,1520,Delivered,UPI,True,FESTIVAL_2415,2021-12-01 13:04:00,2023-06-06 21:06:56.424110
419025,45092,392,2021-12-24 13:26:00,339,0,71,410,Delivered,UPI,True,,2021-12-24 13:26:00,2023-10-16 17:47:12.307207
419026,45092,392,2021-12-30 13:09:00,339,0,53,392,Delivered,CreditCard,False,,2021-12-30 13:09:00,2023-02-02 09:55:49.446943
419027,45092,428,2021-12-27 09:01:00,2200,218,0,1982,Delivered,UPI,False,WEEKEND_428,2021-12-27 09:01:00,2022-06-26 14:32:02.800924
419028,41704,1258,2021-10-04 06:00:00,718,91,0,627,Delivered,UPI,True,WELCOME_1258,2021-10-04 06:00:00,2024-08-03 08:16:55.508771
419029,41704,1256,2021-10-20 07:07:00,373,0,65,438,Delivered,DebitCard,False,,2021-10-20 07:07:00,2024-08-30 23:49:27.768235
419030,53717,2542,2021-11-14 16:18:00,612,91,0,521,Returned,UPI,True,WELCOME_2542,2021-11-14 16:18:00,2024-09-11 07:13:53.469803
419031,98283,1787,2021-12-22 21:54:00,118,0,97,215,Delivered,Cash,True,,2021-12-22 21:54:00,2024-05-12 18:25:11.521342
419032,98283,1771,2021-03-20 12:17:00,290,0,58,348,Delivered,UPI,False,,2021-03-20 12:17:00,2021-08-06 22:37:08.035891
419033,36081,2483,2021-11-24 06:00:00,876,94,0,782,Returned,UPI,True,WELCOME_2483,2021-11-24 06:00:00,2022-03-24 21:37:32.737494
419034,36081,2495,2021-05-29 09:47:00,283,0,51,334,Delivered,UPI,False,,2021-05-29 09:47:00,2023-10-23 05:52:11.003385
419035,36081,2493,2021-05-03 20:04:00,371,0,73,444,Delivered,UPI,False,,2021-05-03 20:04:00,2023-07-02 21:31:07.366814
419036,49926,1287,2021-02-13 10:57:00,897,94,0,803,Returned,UPI,True,WELCOME_1287,2021-02-13 10:57:00,2024-09-17 01:26:08.882385
419037,49926,1309,2021-06-13 21:38:00,71,0,98,169,Returned,UPI,False,,2021-06-13 21:38:00,2022-03-25 09:50:10.766760
419038,19096,922,2021-11-11 22:19:00,813,0,0,813,Delivered,DebitCard,True,,2021-11-11 22:19:00,2022-10-20 15:16:53.298443
419039,56379,1278,2021-03-04 08:52:00,242,0,62,304,Delivered,UPI,True,,2021-03-04 08:52:00,2022-05-20 23:49:09.040075
419040,1403,1771,2021-09-24 12:20:00,377,0,60,437,Delivered,UPI,True,,2021-09-24 12:20:00,2023-10-31 11:35:54.306183
419042,1403,2495,2021-05-19 07:53:00,236,0,78,314,Delivered,UPI,False,,2021-05-19 07:53:00,2023-06-06 09:40:21.147014
419043,62402,1258,2021-09-24 06:04:00,298,0,51,349,Delivered,Cash,True,,2021-09-24 06:04:00,2023-03-24 05:12:45.077438
419044,62402,1289,2021-12-02 07:55:00,1603,312,0,1291,Canceled,UPI,False,FESTIVAL_1289,2021-12-02 07:55:00,2022-06-29 07:37:29.744639
419045,58708,2495,2021-10-27 10:28:00,236,0,77,313,Returned,UPI,True,,2021-10-27 10:28:00,2024-09-24 18:29:29.187863
419046,58708,2538,2021-12-07 16:47:00,1032,94,0,938,Delivered,UPI,False,WELCOME_2538,2021-12-07 16:47:00,2023-12-03 13:34:02.668915
419047,58708,2497,2021-10-15 12:51:00,514,77,33,470,Canceled,UPI,False,UPISAVE_2497,2021-10-15 12:51:00,2025-01-29 02:48:35.291365
419048,73887,1256,2021-12-08 07:32:00,712,0,0,712,Delivered,UPI,True,,2021-12-08 07:32:00,2021-12-16 00:42:27.657286
419049,73887,1287,2021-12-26 09:03:00,212,0,50,262,Delivered,UPI,False,,2021-12-26 09:03:00,2023-05-06 17:43:33.366570
419050,51650,2497,2021-12-24 12:41:00,1187,149,0,1038,Delivered,UPI,True,SPECIAL_2497,2021-12-24 12:41:00,2023-01-05 07:37:04.895576
419051,23695,914,2021-11-27 23:14:00,387,0,63,450,Canceled,UPI,True,,2021-11-27 23:14:00,2025-02-02 07:58:47.284722
419052,91547,1136,2021-12-19 11:16:00,792,0,0,792,Delivered,UPI,True,,2021-12-19 11:16:00,2023-12-26 21:09:31.294828
419053,50767,2475,2021-11-25 10:11:00,1261,82,0,1179,Delivered,UPI,True,UPISAVE_2475,2021-11-25 10:11:00,2024-07-16 10:30:12.081719
419054,50767,2463,2021-11-14 18:32:00,257,0,57,314,Returned,DebitCard,False,,2021-11-14 18:32:00,2024-05-02 15:42:14.539889
419055,50767,2416,2021-12-13 20:31:00,59,0,94,153,Delivered,UPI,False,,2021-12-13 20:31:00,2023-09-21 06:18:46.841054
419056,16520,910,2021-11-16 19:21:00,513,0,33,546,Delivered,UPI,True,,2021-11-16 19:21:00,2024-01-16 22:25:42.908077
419057,16520,925,2021-11-04 08:11:00,543,0,42,585,Delivered,UPI,False,,2021-11-04 08:11:00,2021-12-04 01:57:44.271984
419058,11473,2438,2021-12-01 22:11:00,525,95,32,462,Delivered,DebitCard,True,WELCOME_2438,2021-12-01 22:11:00,2023-10-27 13:46:08.305488
419059,58047,816,2021-08-04 14:23:00,331,0,72,403,Delivered,Cash,True,,2021-08-04 14:23:00,2023-05-07 09:46:18.155292
419060,58047,812,2021-10-22 16:55:00,555,0,30,585,Delivered,Cash,False,,2021-10-22 16:55:00,2023-02-11 03:45:15.129642
419061,46652,392,2021-12-22 13:39:00,487,0,39,526,Delivered,Cash,True,,2021-12-22 13:39:00,2024-02-18 23:44:12.432747
419062,46652,366,2021-12-30 14:41:00,116,0,93,209,Canceled,UPI,False,,2021-12-30 14:41:00,2022-01-13 09:20:13.757809
419063,37645,411,2021-12-31 11:49:00,116,0,100,216,Delivered,UPI,True,,2021-12-31 11:49:00,2024-11-26 23:09:47.103508
419064,37645,376,2021-12-21 20:21:00,418,0,30,448,Delivered,DebitCard,False,,2021-12-21 20:21:00,2024-10-19 23:06:19.839269
419065,82330,1288,2021-03-14 15:48:00,447,71,40,416,Delivered,UPI,True,FIRSTORDER_1288,2021-03-14 15:48:00,2021-07-29 04:22:58.582228
419066,82330,1256,2021-10-04 10:58:00,264,0,57,321,Delivered,UPI,False,,2021-10-04 10:58:00,2023-08-25 11:58:22.517461
419067,98895,1744,2021-05-22 17:14:00,890,157,0,733,Delivered,UPI,True,SPECIAL_1744,2021-05-22 17:14:00,2023-01-16 21:11:08.949863
419068,98895,1787,2021-08-07 20:31:00,539,0,35,574,Delivered,CreditCard,False,,2021-08-07 20:31:00,2022-12-07 23:31:21.134566
419069,6239,384,2021-11-09 21:13:00,555,0,34,589,Delivered,UPI,True,,2021-11-09 21:13:00,2024-08-10 02:02:16.042258
419070,6239,384,2021-09-21 21:58:00,261,0,67,328,Delivered,UPI,False,,2021-09-21 21:58:00,2022-03-20 11:30:04.360456
419071,66754,947,2021-11-09 12:55:00,502,0,43,545,Delivered,Cash,True,,2021-11-09 12:55:00,2022-11-04 03:35:48.278756
419072,66754,879,2021-12-08 13:00:00,596,101,43,538,Delivered,Cash,False,WELCOME_879,2021-12-08 13:00:00,2022-12-06 15:58:30.279937
419073,51709,1175,2021-11-11 12:12:00,750,92,0,658,Delivered,UPI,True,WELCOME_1175,2021-11-11 12:12:00,2022-04-06 04:40:16.604399
419074,51709,1136,2021-11-28 11:38:00,289,0,52,341,Delivered,UPI,False,,2021-11-28 11:38:00,2024-05-15 21:05:50.472468
419075,28052,428,2021-11-27 06:20:00,512,109,50,453,Delivered,UPI,True,WELCOME_428,2021-11-27 06:20:00,2024-09-18 04:24:26.072181
419076,28052,366,2021-11-19 15:54:00,89,0,84,173,Delivered,UPI,False,,2021-11-19 15:54:00,2023-04-21 16:15:17.330562
419077,99418,925,2021-12-27 06:39:00,464,71,41,434,Delivered,Cash,True,FIRSTORDER_925,2021-12-27 06:39:00,2022-02-16 03:33:39.002458
419078,98311,697,2021-12-29 21:05:00,462,0,43,505,Canceled,CreditCard,True,,2021-12-29 21:05:00,2025-03-03 08:13:39.354450
419079,36456,788,2021-10-12 19:16:00,1170,0,0,1170,Delivered,UPI,True,,2021-10-12 19:16:00,2024-10-16 13:18:31.842801
419080,36456,816,2021-09-29 14:31:00,1675,218,0,1457,Delivered,Cash,False,WEEKEND_816,2021-09-29 14:31:00,2023-12-14 15:00:05.750188
419081,69947,788,2021-12-02 21:26:00,107,0,84,191,Delivered,UPI,True,,2021-12-02 21:26:00,2024-01-08 10:37:59.053584
419082,69947,788,2021-08-20 22:46:00,239,0,59,298,Delivered,UPI,False,,2021-08-20 22:46:00,2024-04-17 05:45:08.451098
419083,94557,376,2021-09-01 21:38:00,920,160,0,760,Delivered,CreditCard,True,SPECIAL_376,2021-09-01 21:38:00,2023-08-08 01:35:51.398004
419084,91765,1288,2021-12-20 14:58:00,718,71,0,647,Delivered,UPI,True,FIRSTORDER_1288,2021-12-20 14:58:00,2022-06-29 06:48:33.409549
419085,91765,1287,2021-11-17 07:36:00,985,0,0,985,Delivered,UPI,False,,2021-11-17 07:36:00,2023-06-23 10:17:20.400196
419086,62210,2276,2021-11-27 18:54:00,704,93,0,611,Delivered,UPI,True,WELCOME_2276,2021-11-27 18:54:00,2025-04-13 19:48:23.810762
419088,62210,2257,2021-12-29 13:20:00,2095,188,0,1907,Delivered,UPI,False,WEEKEND_2257,2021-12-29 13:20:00,2024-05-28 04:52:05.961425
419089,98953,1767,2021-12-20 22:39:00,281,0,79,360,Delivered,UPI,True,,2021-12-20 22:39:00,2023-07-03 01:42:06.274143
419090,98953,1762,2021-10-05 19:43:00,582,94,38,526,Delivered,UPI,False,WELCOME_1762,2021-10-05 19:43:00,2024-01-16 22:47:37.888963
419091,98953,1744,2021-08-31 16:52:00,179,0,86,265,Returned,Cash,False,,2021-08-31 16:52:00,2023-05-21 08:42:14.887298
419092,43324,2280,2021-11-30 20:24:00,134,0,95,229,Canceled,UPI,True,,2021-11-30 20:24:00,2023-03-26 20:34:42.437348
419094,33882,411,2021-10-12 14:58:00,116,0,84,200,Delivered,UPI,False,,2021-10-12 14:58:00,2023-01-25 12:04:59.741771
419095,33882,376,2021-10-07 20:50:00,51,0,96,147,Delivered,UPI,False,,2021-10-07 20:50:00,2024-02-25 11:20:51.125353
419096,34460,910,2021-01-18 21:21:00,2120,183,0,1937,Delivered,UPI,True,WEEKEND_910,2021-01-18 21:21:00,2023-06-09 16:04:19.731560
419097,34460,891,2021-05-24 06:49:00,274,0,64,338,Delivered,UPI,False,,2021-05-24 06:49:00,2021-12-14 09:16:13.815267
419098,21415,2303,2021-10-24 16:11:00,644,86,0,558,Delivered,UPI,True,UPISAVE_2303,2021-10-24 16:11:00,2023-09-26 21:36:38.848056
419099,64387,652,2021-12-31 14:21:00,1885,0,0,1885,Canceled,UPI,True,,2021-12-31 14:21:00,2024-11-15 12:13:22.455507
419100,64387,641,2021-12-29 17:41:00,1335,100,0,1235,Delivered,Cash,False,WELCOME_641,2021-12-29 17:41:00,2024-05-31 01:01:40.819662
419102,25973,1762,2021-10-24 21:59:00,74,0,82,156,Delivered,Cash,True,,2021-10-24 21:59:00,2025-03-22 08:17:56.694506
419103,63409,1309,2021-10-31 21:00:00,1368,144,0,1224,Returned,Cash,True,SPECIAL_1309,2021-10-31 21:00:00,2025-03-01 10:06:01.260609
419104,98171,867,2021-10-06 12:58:00,172,0,88,260,Delivered,UPI,True,,2021-10-06 12:58:00,2024-08-25 01:25:25.558468
419105,98171,891,2021-07-09 09:12:00,529,95,34,468,Delivered,UPI,False,WELCOME_891,2021-07-09 09:12:00,2023-06-10 14:09:52.205132
419106,8081,1155,2021-07-24 21:44:00,212,0,72,284,Delivered,UPI,True,,2021-07-24 21:44:00,2022-01-17 16:33:51.923561
419107,8081,1136,2021-09-15 13:10:00,1612,212,0,1400,Delivered,Cash,False,WEEKEND_1136,2021-09-15 13:10:00,2024-07-14 07:34:12.342138
419108,63420,838,2021-12-08 22:39:00,240,0,71,311,Delivered,UPI,True,,2021-12-08 22:39:00,2022-09-20 23:07:21.844222
419109,59401,1787,2021-10-01 20:34:00,59,0,91,150,Delivered,Cash,True,,2021-10-01 20:34:00,2025-02-21 00:56:58.088702
419110,59401,1753,2021-06-05 12:06:00,557,106,45,496,Delivered,UPI,False,WELCOME_1753,2021-06-05 12:06:00,2024-02-21 14:06:30.960297
419112,68531,644,2021-12-05 12:53:00,152,0,85,237,Returned,UPI,True,,2021-12-05 12:53:00,2022-04-20 19:39:15.928824
419113,68531,697,2021-12-25 22:31:00,758,148,0,610,Delivered,Cash,False,SPECIAL_697,2021-12-25 22:31:00,2023-02-03 08:48:13.586446
419114,29184,1753,2021-11-17 14:50:00,674,106,0,568,Delivered,UPI,True,WELCOME_1753,2021-11-17 14:50:00,2024-11-04 03:25:23.173658
419115,53437,1787,2021-12-12 19:29:00,297,0,72,369,Canceled,Cash,True,,2021-12-12 19:29:00,2022-05-27 06:05:43.906031
419116,38884,1753,2021-11-03 14:28:00,472,81,50,441,Delivered,UPI,True,UPISAVE_1753,2021-11-03 14:28:00,2023-12-22 02:27:48.898978
419117,79732,1320,2021-12-02 12:54:00,279,0,59,338,Returned,UPI,True,,2021-12-02 12:54:00,2024-03-29 02:02:09.886268
419118,79732,1278,2021-04-12 08:08:00,760,0,0,760,Delivered,Cash,False,,2021-04-12 08:08:00,2022-03-21 16:54:37.417979
419119,79732,1309,2021-03-17 22:59:00,896,0,0,896,Delivered,UPI,False,,2021-03-17 22:59:00,2022-06-24 15:11:19.311482
419120,2469,1767,2021-10-31 20:42:00,194,0,81,275,Delivered,Cash,True,,2021-10-31 20:42:00,2021-11-17 00:19:15.999289
419121,2469,1771,2021-09-19 13:40:00,2158,196,0,1962,Delivered,UPI,False,WEEKEND_1771,2021-09-19 13:40:00,2025-03-21 16:10:12.502995
419122,85273,2452,2021-12-18 21:59:00,146,0,96,242,Delivered,UPI,True,,2021-12-18 21:59:00,2022-05-01 21:26:44.527897
419123,85273,2463,2021-08-30 18:14:00,889,140,0,749,Delivered,UPI,False,SPECIAL_2463,2021-08-30 18:14:00,2025-04-02 15:03:37.486457
419124,46825,644,2021-12-05 12:19:00,492,0,36,528,Delivered,UPI,True,,2021-12-05 12:19:00,2022-11-12 12:52:00.108770
419125,71362,2495,2021-08-30 07:26:00,711,0,0,711,Delivered,UPI,True,,2021-08-30 07:26:00,2023-12-21 13:04:10.894571
419126,58808,644,2021-12-25 11:18:00,738,0,0,738,Returned,UPI,True,,2021-12-25 11:18:00,2022-05-11 04:36:07.270154
419127,41224,1753,2021-06-06 14:00:00,431,81,47,397,Delivered,UPI,True,UPISAVE_1753,2021-06-06 14:00:00,2024-06-22 02:24:56.933783
419128,52929,652,2021-11-19 14:14:00,528,72,45,501,Delivered,CreditCard,True,FIRSTORDER_652,2021-11-19 14:14:00,2024-06-10 19:31:01.353500
419129,23969,2276,2021-12-06 18:50:00,996,158,0,838,Delivered,UPI,True,SPECIAL_2276,2021-12-06 18:50:00,2023-11-08 12:59:56.224093
419130,23969,2250,2021-09-04 22:20:00,363,0,55,418,Delivered,Cash,False,,2021-09-04 22:20:00,2023-04-09 16:45:00.226615
419131,26922,2432,2021-09-19 21:24:00,108,0,83,191,Delivered,UPI,True,,2021-09-19 21:24:00,2023-09-04 14:29:34.055929
419132,26922,2416,2021-06-12 21:43:00,242,0,68,310,Delivered,DebitCard,False,,2021-06-12 21:43:00,2023-07-26 02:18:08.297521
419133,95067,2432,2021-06-03 22:25:00,454,0,42,496,Delivered,UPI,True,,2021-06-03 22:25:00,2024-03-18 08:51:52.943869
419134,95067,2423,2021-11-29 23:15:00,725,82,0,643,Canceled,Cash,False,CASHBACK_2423,2021-11-29 23:15:00,2023-11-03 13:40:11.104762
419135,95067,2456,2021-01-28 14:31:00,168,0,81,249,Delivered,UPI,False,,2021-01-28 14:31:00,2024-05-06 16:55:09.496445
419136,374,2278,2021-07-13 06:47:00,371,81,69,359,Delivered,UPI,True,FIRSTORDER_2278,2021-07-13 06:47:00,2024-09-30 13:29:40.218421
419137,53607,2542,2021-12-08 17:46:00,332,71,69,330,Delivered,UPI,True,FIRSTORDER_2542,2021-12-08 17:46:00,2024-05-01 15:45:46.888405
419138,61583,935,2021-10-04 15:05:00,1056,91,0,965,Returned,UPI,True,WELCOME_935,2021-10-04 15:05:00,2023-10-21 16:07:11.751367
419139,61583,865,2021-11-25 09:20:00,355,0,51,406,Delivered,UPI,False,,2021-11-25 09:20:00,2025-01-10 21:51:21.371958
419140,43006,1287,2021-07-13 06:46:00,278,0,76,354,Delivered,Cash,True,,2021-07-13 06:46:00,2023-12-14 12:01:03.783190
419141,43006,1320,2021-12-26 15:08:00,1016,192,0,824,Delivered,DebitCard,False,WEEKEND_1320,2021-12-26 15:08:00,2025-03-20 13:06:28.298071
419142,43006,1305,2021-07-26 13:57:00,228,0,73,301,Delivered,UPI,False,,2021-07-26 13:57:00,2025-03-14 13:54:23.878624
419143,99983,919,2021-12-04 19:28:00,165,0,84,249,Delivered,UPI,True,,2021-12-04 19:28:00,2024-09-02 22:14:25.815884
419144,99983,867,2021-12-01 13:35:00,961,209,0,752,Delivered,UPI,False,WEEKEND_867,2021-12-01 13:35:00,2023-03-26 01:33:17.892980
419145,60106,2278,2021-10-30 08:54:00,157,0,84,241,Delivered,UPI,True,,2021-10-30 08:54:00,2023-09-18 14:01:06.497917
419146,60106,2252,2021-11-25 09:16:00,1267,190,0,1077,Delivered,UPI,False,WEEKEND_2252,2021-11-25 09:16:00,2022-04-29 13:06:38.272093
419147,99001,938,2021-10-03 17:44:00,230,0,55,285,Canceled,Cash,True,,2021-10-03 17:44:00,2025-02-02 01:02:13.193247
419148,99001,922,2021-08-30 20:59:00,723,0,0,723,Delivered,UPI,False,,2021-08-30 20:59:00,2023-08-04 00:16:01.819808
419149,67423,891,2021-12-19 07:38:00,576,95,47,528,Delivered,CreditCard,True,WELCOME_891,2021-12-19 07:38:00,2023-10-05 14:31:43.052488
419150,67423,938,2021-08-06 18:01:00,679,0,0,679,Delivered,UPI,False,,2021-08-06 18:01:00,2022-10-05 11:16:54.268890
419151,99145,1287,2021-01-08 08:45:00,184,0,94,278,Delivered,UPI,True,,2021-01-08 08:45:00,2022-05-30 23:45:05.029057
419152,99145,1278,2021-07-24 08:43:00,163,0,84,247,Delivered,UPI,False,,2021-07-24 08:43:00,2023-04-19 17:45:02.878361
419153,99145,1287,2021-01-08 07:02:00,299,0,73,372,Delivered,UPI,False,,2021-01-08 07:02:00,2021-12-13 13:31:52.231332
419154,68162,1117,2021-12-28 06:18:00,356,0,64,420,Delivered,UPI,True,,2021-12-28 06:18:00,2024-08-21 11:39:47.414715
419155,7265,428,2021-12-26 09:34:00,2094,218,0,1876,Returned,Cash,True,WEEKEND_428,2021-12-26 09:34:00,2024-09-17 16:30:27.719491
419156,32760,384,2021-08-07 22:52:00,150,0,98,248,Delivered,UPI,True,,2021-08-07 22:52:00,2023-08-06 12:07:16.008171
419157,32760,376,2021-11-01 21:29:00,153,0,82,235,Returned,Cash,False,,2021-11-01 21:29:00,2023-06-02 21:07:52.973128
419158,24484,384,2021-09-15 22:39:00,209,0,77,286,Delivered,UPI,True,,2021-09-15 22:39:00,2023-05-24 07:31:47.406097
419159,24484,424,2021-10-14 23:31:00,274,0,76,350,Delivered,UPI,False,,2021-10-14 23:31:00,2022-06-04 00:32:24.808378
419160,42996,839,2021-12-29 23:47:00,82,0,93,175,Delivered,UPI,True,,2021-12-29 23:47:00,2023-12-19 23:40:01.897611
419161,42996,796,2021-12-10 14:47:00,267,0,78,345,Delivered,UPI,False,,2021-12-10 14:47:00,2023-04-06 20:49:39.924249
419162,42996,812,2021-12-17 17:38:00,369,0,56,425,Delivered,UPI,False,,2021-12-17 17:38:00,2022-04-23 23:34:05.581137
419163,99027,652,2021-11-15 14:14:00,264,0,52,316,Returned,UPI,True,,2021-11-15 14:14:00,2023-01-29 12:09:13.768440
419164,289,914,2021-03-15 23:47:00,591,103,36,524,Delivered,UPI,True,WELCOME_914,2021-03-15 23:47:00,2022-12-27 18:02:29.879836
419165,289,869,2021-03-08 12:27:00,565,0,46,611,Delivered,UPI,False,,2021-03-08 12:27:00,2022-09-19 12:55:42.874360
419166,289,910,2021-04-06 22:54:00,611,80,0,531,Delivered,UPI,False,UPISAVE_910,2021-04-06 22:54:00,2022-09-14 02:58:15.105772
419167,35581,1771,2021-08-29 12:39:00,211,0,60,271,Delivered,Cash,True,,2021-08-29 12:39:00,2024-09-30 20:49:16.588637
419168,75162,922,2021-09-26 19:55:00,693,0,0,693,Canceled,UPI,True,,2021-09-26 19:55:00,2025-02-10 09:31:36.226720
419169,31091,1155,2021-10-13 21:47:00,226,0,60,286,Delivered,UPI,True,,2021-10-13 21:47:00,2022-02-13 00:47:39.612211
419170,31091,1159,2021-11-13 12:43:00,398,0,63,461,Delivered,UPI,False,,2021-11-13 12:43:00,2022-05-09 20:36:46.608260
419171,293,925,2021-11-15 07:57:00,1598,81,0,1517,Delivered,UPI,True,UPISAVE_925,2021-11-15 07:57:00,2024-01-17 14:07:29.807387
419172,293,935,2021-12-13 13:11:00,716,91,0,625,Delivered,UPI,False,WELCOME_935,2021-12-13 13:11:00,2024-08-07 13:37:05.833633
419173,293,892,2021-11-06 23:13:00,106,0,95,201,Delivered,UPI,False,,2021-11-06 23:13:00,2024-01-06 17:00:33.771805
419174,32261,1114,2021-11-26 22:18:00,254,0,53,307,Delivered,UPI,True,,2021-11-26 22:18:00,2022-03-08 16:58:14.129221
419175,32261,1109,2021-12-03 21:58:00,385,0,74,459,Delivered,UPI,False,,2021-12-03 21:58:00,2024-03-17 03:51:14.067077
419176,43362,1256,2021-10-20 06:25:00,656,0,0,656,Delivered,UPI,True,,2021-10-20 06:25:00,2025-04-21 19:41:55.351110
419177,43362,1305,2021-12-24 12:33:00,114,0,85,199,Delivered,UPI,False,,2021-12-24 12:33:00,2022-12-03 05:38:21.790997
419178,43362,1309,2021-10-25 22:32:00,2266,304,0,1962,Delivered,UPI,False,FESTIVAL_1309,2021-10-25 22:32:00,2022-12-26 06:38:02.467451
419179,84381,1278,2021-09-22 10:22:00,239,0,59,298,Delivered,Cash,True,,2021-09-22 10:22:00,2023-02-16 18:38:35.001800
419180,84381,1284,2021-09-23 22:54:00,661,0,0,661,Delivered,UPI,False,,2021-09-23 22:54:00,2023-02-20 15:00:31.585283
419181,72468,1767,2021-10-11 19:08:00,1052,207,0,845,Delivered,Cash,True,WEEKEND_1767,2021-10-11 19:08:00,2024-02-16 08:17:34.508785
419182,72468,1787,2021-11-02 20:48:00,594,90,37,541,Delivered,UPI,False,WELCOME_1787,2021-11-02 20:48:00,2022-06-06 22:06:54.940078
419183,72468,1762,2021-10-28 21:59:00,831,94,0,737,Delivered,UPI,False,WELCOME_1762,2021-10-28 21:59:00,2023-02-13 13:53:55.038037
419184,38477,1767,2021-12-02 19:07:00,334,0,76,410,Delivered,UPI,True,,2021-12-02 19:07:00,2022-04-06 22:25:00.068839
419186,99808,2483,2021-11-18 06:20:00,311,0,80,391,Delivered,UPI,True,,2021-11-18 06:20:00,2024-12-20 21:01:58.614484
419187,99808,2493,2021-11-23 19:39:00,67,0,85,152,Delivered,DebitCard,False,,2021-11-23 19:39:00,2022-04-21 18:41:00.346206
419188,4652,1187,2021-12-25 15:20:00,617,0,0,617,Delivered,UPI,True,,2021-12-25 15:20:00,2023-10-29 20:26:43.575837
419189,4652,1184,2021-12-27 09:57:00,426,0,42,468,Canceled,UPI,False,,2021-12-27 09:57:00,2024-11-24 23:43:52.464009
419190,4652,1114,2021-12-20 20:12:00,81,0,97,178,Delivered,UPI,False,,2021-12-20 20:12:00,2022-06-12 04:48:50.266528
419191,60045,697,2021-12-21 20:51:00,249,0,64,313,Delivered,Cash,True,,2021-12-21 20:51:00,2024-06-04 05:45:23.584253
419193,5371,664,2021-12-31 20:02:00,264,0,54,318,Canceled,UPI,False,,2021-12-31 20:02:00,2024-11-15 12:28:09.744516
419194,36923,936,2021-12-13 13:00:00,410,72,48,386,Delivered,UPI,True,FIRSTORDER_936,2021-12-13 13:00:00,2024-10-26 19:43:12.062840
419195,44612,2493,2021-05-11 20:33:00,69,0,92,161,Delivered,UPI,True,,2021-05-11 20:33:00,2024-11-11 14:41:27.101979
419196,90540,1762,2021-11-23 21:03:00,124,0,99,223,Delivered,UPI,True,,2021-11-23 21:03:00,2023-10-18 20:27:12.380677
419197,90540,1762,2021-09-19 19:43:00,144,0,99,243,Delivered,Cash,False,,2021-09-19 19:43:00,2024-08-27 22:01:11.083427
419198,90540,1753,2021-12-22 14:44:00,1128,0,0,1128,Delivered,UPI,False,,2021-12-22 14:44:00,2024-01-12 06:37:50.818298
419199,57218,2272,2021-10-17 20:03:00,1000,101,0,899,Delivered,Cash,True,WELCOME_2272,2021-10-17 20:03:00,2024-09-21 22:57:07.608767
419200,16109,2272,2021-12-16 20:00:00,385,69,68,384,Delivered,Cash,True,FIRSTORDER_2272,2021-12-16 20:00:00,2024-02-18 22:07:30.477037
419201,45019,2447,2021-09-15 22:32:00,193,0,93,286,Canceled,UPI,True,,2021-09-15 22:32:00,2022-11-04 12:25:20.877430
419202,45019,2438,2021-10-30 20:11:00,372,0,67,439,Delivered,Cash,False,,2021-10-30 20:11:00,2024-06-04 22:56:13.889658
419203,45019,2432,2021-09-25 23:02:00,632,0,0,632,Delivered,UPI,False,,2021-09-25 23:02:00,2023-06-23 08:08:18.222627
419204,94780,1114,2021-09-05 19:31:00,613,0,0,613,Delivered,CreditCard,True,,2021-09-05 19:31:00,2024-05-08 07:01:41.858805
419205,73493,428,2021-10-25 06:38:00,76,0,89,165,Delivered,Cash,True,,2021-10-25 06:38:00,2024-08-19 00:41:50.556022
419206,73493,2272,2021-12-03 20:16:00,748,101,0,647,Delivered,CreditCard,False,WELCOME_2272,2021-12-03 20:16:00,2024-09-23 06:30:45.599412
419207,57222,2416,2021-11-01 19:49:00,440,0,42,482,Delivered,UPI,True,,2021-11-01 19:49:00,2024-07-14 03:06:34.270263
419208,57222,2438,2021-12-08 21:59:00,522,0,47,569,Delivered,CreditCard,False,,2021-12-08 21:59:00,2022-08-01 00:37:41.283529
419209,57222,2438,2021-10-28 20:36:00,587,0,37,624,Delivered,UPI,False,,2021-10-28 20:36:00,2024-11-07 11:19:27.329401
419210,25160,2497,2021-11-08 12:41:00,288,0,79,367,Delivered,UPI,True,,2021-11-08 12:41:00,2023-12-01 22:25:10.026708
419211,25160,2493,2021-10-10 20:00:00,313,0,55,368,Delivered,UPI,False,,2021-10-10 20:00:00,2022-02-15 06:38:42.222405
419212,54833,868,2021-11-30 21:32:00,60,0,84,144,Delivered,Cash,True,,2021-11-30 21:32:00,2021-12-27 23:44:09.889532
419213,54833,925,2021-09-20 06:29:00,407,81,50,376,Delivered,UPI,False,UPISAVE_925,2021-09-20 06:29:00,2022-09-18 13:35:59.989578
419214,94373,805,2021-12-19 13:01:00,440,82,35,393,Delivered,UPI,True,UPISAVE_805,2021-12-19 13:01:00,2023-10-09 23:28:37.559075
419215,94373,796,2021-12-27 13:58:00,2100,187,0,1913,Returned,UPI,False,WEEKEND_796,2021-12-27 13:58:00,2024-07-16 11:14:04.291429
419216,40292,816,2021-12-01 13:19:00,1099,218,0,881,Delivered,UPI,True,WEEKEND_816,2021-12-01 13:19:00,2023-05-23 02:53:04.750055
419217,90811,1767,2021-12-15 22:43:00,293,0,56,349,Failed,CreditCard,True,,2021-12-15 22:43:00,2024-01-29 19:05:43.288693
419218,90811,1762,2021-10-27 19:31:00,579,94,32,517,Delivered,UPI,False,WELCOME_1762,2021-10-27 19:31:00,2023-01-01 16:12:46.220117
419219,27727,938,2021-09-30 17:46:00,1195,144,0,1051,Delivered,UPI,True,SPECIAL_938,2021-09-30 17:46:00,2023-03-03 09:23:04.118781
419220,27727,891,2021-10-22 08:05:00,660,95,0,565,Delivered,UPI,False,WELCOME_891,2021-10-22 08:05:00,2023-01-28 11:49:57.396019
419221,85785,867,2021-12-10 12:46:00,1047,209,0,838,Delivered,UPI,True,WEEKEND_867,2021-12-10 12:46:00,2022-10-27 11:27:50.667573
419222,2992,2278,2021-08-28 07:09:00,677,107,0,570,Delivered,UPI,True,WELCOME_2278,2021-08-28 07:09:00,2025-03-20 22:46:53.556809
419223,2992,2257,2021-08-29 15:51:00,1097,0,0,1097,Delivered,UPI,False,,2021-08-29 15:51:00,2022-12-25 10:35:17.651819
419224,2992,2257,2021-11-03 15:44:00,1476,0,0,1476,Delivered,UPI,False,,2021-11-03 15:44:00,2023-11-17 13:05:38.275625
419225,8239,664,2021-12-23 21:20:00,548,81,37,504,Delivered,UPI,True,UPISAVE_664,2021-12-23 21:20:00,2024-01-24 11:38:13.102898
419226,70637,1771,2021-10-07 15:34:00,295,0,78,373,Delivered,UPI,True,,2021-10-07 15:34:00,2022-08-09 02:04:57.656645
419227,1709,1309,2021-10-22 22:38:00,169,0,97,266,Delivered,UPI,True,,2021-10-22 22:38:00,2024-05-01 01:25:09.661357
419228,23414,829,2021-12-08 23:21:00,191,0,81,272,Canceled,DebitCard,True,,2021-12-08 23:21:00,2022-03-02 19:55:34.492560
419229,61386,1165,2021-12-12 22:13:00,781,0,0,781,Delivered,UPI,True,,2021-12-12 22:13:00,2022-07-18 15:21:38.836746
419230,61386,1159,2021-12-18 12:12:00,162,0,84,246,Delivered,UPI,False,,2021-12-18 12:12:00,2022-08-16 01:45:06.461175
419231,61386,1117,2021-12-24 08:17:00,1245,157,0,1088,Returned,UPI,False,SPECIAL_1117,2021-12-24 08:17:00,2022-03-01 12:44:44.243493
419232,70005,2278,2021-08-21 07:18:00,447,81,35,401,Delivered,UPI,True,FIRSTORDER_2278,2021-08-21 07:18:00,2024-05-24 14:32:30.362893
419233,70005,2276,2021-12-04 17:45:00,293,0,71,364,Failed,UPI,False,,2021-12-04 17:45:00,2024-09-09 18:51:03.979306
419234,70896,2415,2021-01-24 15:25:00,192,0,96,288,Delivered,UPI,True,,2021-01-24 15:25:00,2023-03-08 11:40:28.440959
419235,94332,2427,2021-10-06 21:02:00,162,0,100,262,Delivered,UPI,True,,2021-10-06 21:02:00,2022-02-26 02:06:18.993084
419236,94332,2452,2021-03-26 21:06:00,503,86,34,451,Delivered,UPI,False,UPISAVE_2452,2021-03-26 21:06:00,2022-06-10 21:14:42.780296
419237,94332,2475,2021-09-09 07:04:00,226,0,75,301,Delivered,Cash,False,,2021-09-09 07:04:00,2023-07-09 13:09:41.218550
419238,25847,1155,2021-09-21 22:02:00,230,0,73,303,Delivered,UPI,True,,2021-09-21 22:02:00,2023-09-23 09:00:11.758599
419239,25847,1138,2021-10-07 17:15:00,513,72,42,483,Delivered,UPI,False,UPISAVE_1138,2021-10-07 17:15:00,2024-02-09 11:55:28.436669
419240,69782,1155,2021-09-12 22:55:00,868,0,0,868,Delivered,UPI,True,,2021-09-12 22:55:00,2022-11-21 07:06:14.446369
419241,69782,1110,2021-12-23 14:01:00,397,0,63,460,Canceled,Cash,False,,2021-12-23 14:01:00,2021-12-31 03:46:27.533942
419242,69782,1155,2021-11-19 20:41:00,170,0,99,269,Delivered,CreditCard,False,,2021-11-19 20:41:00,2024-09-17 12:42:57.437180
419243,18691,652,2021-12-15 14:52:00,731,72,0,659,Delivered,UPI,True,FIRSTORDER_652,2021-12-15 14:52:00,2024-02-27 22:21:05.237325
419244,18691,644,2021-12-26 14:12:00,81,0,89,170,Canceled,UPI,False,,2021-12-26 14:12:00,2023-04-20 19:51:53.068999
419246,46899,1138,2021-09-05 16:27:00,596,67,47,576,Returned,Cash,True,CASHBACK_1138,2021-09-05 16:27:00,2024-04-08 07:52:59.617066
419247,50499,1165,2021-12-24 23:59:00,99,0,81,180,Delivered,UPI,True,,2021-12-24 23:59:00,2024-06-02 19:39:29.161674
419248,50499,1155,2021-12-21 23:10:00,516,77,39,478,Delivered,UPI,False,UPISAVE_1155,2021-12-21 23:10:00,2023-09-07 03:12:47.826162
419249,50499,1109,2021-12-23 22:52:00,163,0,81,244,Delivered,UPI,False,,2021-12-23 22:52:00,2023-03-23 22:46:45.571014
419250,80386,1767,2021-12-29 20:32:00,281,0,53,334,Delivered,Cash,True,,2021-12-29 20:32:00,2024-01-11 07:35:06.741252
419251,80386,1744,2021-12-30 18:01:00,676,103,0,573,Delivered,Cash,False,WELCOME_1744,2021-12-30 18:01:00,2024-09-05 01:50:39.090835
419252,80386,1750,2021-12-27 10:33:00,907,0,0,907,Delivered,Cash,False,,2021-12-27 10:33:00,2024-12-28 03:31:59.921538
419253,53585,1319,2021-12-25 05:03:00,516,0,39,555,Delivered,UPI,True,,2021-12-25 05:03:00,2023-01-21 10:32:16.666111
419254,53585,1320,2021-12-19 13:52:00,449,0,46,495,Delivered,UPI,False,,2021-12-19 13:52:00,2024-06-03 16:44:29.711820
419255,53585,1320,2021-12-27 14:07:00,501,0,41,542,Delivered,DebitCard,False,,2021-12-27 14:07:00,2025-03-27 02:21:54.417909
419256,17992,1175,2021-12-31 13:26:00,645,0,0,645,Returned,Cash,True,,2021-12-31 13:26:00,2022-01-14 06:42:51.211222
419257,17992,1138,2021-09-11 18:21:00,226,0,67,293,Delivered,CreditCard,False,,2021-09-11 18:21:00,2023-08-29 12:55:28.631649
419258,42481,2447,2021-12-31 23:06:00,207,0,52,259,Delivered,UPI,True,,2021-12-31 23:06:00,2022-05-27 18:09:50.764354
419259,58418,1309,2021-09-06 19:12:00,458,0,33,491,Delivered,UPI,True,,2021-09-06 19:12:00,2023-08-28 08:51:34.695959
419260,58418,1303,2021-11-26 21:39:00,391,0,53,444,Delivered,UPI,False,,2021-11-26 21:39:00,2022-02-10 13:54:17.144260
419261,58418,1309,2021-12-11 20:04:00,1390,0,0,1390,Failed,UPI,False,,2021-12-11 20:04:00,2023-01-29 17:18:44.714786
419262,96438,2538,2021-08-19 17:02:00,404,0,38,442,Delivered,Cash,True,,2021-08-19 17:02:00,2022-12-28 03:29:28.993677
419263,96438,2490,2021-12-20 16:18:00,1205,208,0,997,Delivered,UPI,False,WEEKEND_2490,2021-12-20 16:18:00,2024-05-30 02:47:57.496249
419264,96438,2497,2021-10-27 13:06:00,238,0,51,289,Delivered,Cash,False,,2021-10-27 13:06:00,2023-04-17 22:52:04.237500
419265,1909,1771,2021-07-29 14:30:00,435,0,30,465,Returned,UPI,True,,2021-07-29 14:30:00,2021-08-01 00:15:29.343093
419266,1909,1771,2021-12-06 14:21:00,448,0,33,481,Returned,UPI,False,,2021-12-06 14:21:00,2023-12-23 22:48:27.908418
419267,1909,1753,2021-10-17 15:02:00,238,0,75,313,Delivered,UPI,False,,2021-10-17 15:02:00,2022-03-20 02:45:31.228734
419268,61503,1299,2021-10-23 07:49:00,716,0,0,716,Canceled,UPI,True,,2021-10-23 07:49:00,2024-10-19 08:35:54.346466
419269,61503,1284,2021-11-19 20:28:00,1096,0,0,1096,Delivered,UPI,False,,2021-11-19 20:28:00,2022-12-30 05:19:54.701173
419270,6787,2276,2021-12-28 16:33:00,922,158,0,764,Delivered,UPI,True,SPECIAL_2276,2021-12-28 16:33:00,2025-03-06 13:22:34.822609
419271,6787,2276,2021-10-30 16:06:00,172,0,98,270,Delivered,UPI,False,,2021-10-30 16:06:00,2022-10-15 05:47:19.318403
419272,64362,2471,2021-12-16 11:50:00,776,92,0,684,Delivered,UPI,True,WELCOME_2471,2021-12-16 11:50:00,2023-07-06 03:17:11.494499
419273,64362,2452,2021-12-08 22:59:00,289,0,65,354,Delivered,UPI,False,,2021-12-08 22:59:00,2023-04-24 08:55:56.722061
419274,64362,2428,2021-12-16 12:45:00,503,0,46,549,Delivered,CreditCard,False,,2021-12-16 12:45:00,2023-02-03 03:29:25.007639
419275,26985,428,2021-12-22 10:06:00,1374,0,0,1374,Delivered,UPI,True,,2021-12-22 10:06:00,2024-04-15 23:48:42.558350
419276,26985,399,2021-12-12 22:55:00,894,144,0,750,Delivered,UPI,False,SPECIAL_399,2021-12-12 22:55:00,2023-01-18 06:35:15.831319
419278,74809,1767,2021-11-11 19:14:00,654,0,0,654,Canceled,UPI,True,,2021-11-11 19:14:00,2021-12-25 21:04:21.115621
419279,74809,1771,2021-02-07 14:16:00,743,100,0,643,Delivered,UPI,False,WELCOME_1771,2021-02-07 14:16:00,2024-09-25 03:50:43.426040
419280,9321,384,2021-09-01 20:49:00,1115,0,0,1115,Delivered,UPI,True,,2021-09-01 20:49:00,2023-07-30 21:22:05.775191
419281,84813,816,2021-10-21 13:36:00,229,0,54,283,Delivered,UPI,True,,2021-10-21 13:36:00,2024-02-07 08:18:30.044410
419282,84168,2495,2021-11-26 07:24:00,179,0,80,259,Delivered,UPI,True,,2021-11-26 07:24:00,2025-04-27 02:10:51.007527
419283,85198,788,2021-08-09 19:59:00,385,69,61,377,Delivered,UPI,True,FIRSTORDER_788,2021-08-09 19:59:00,2021-08-21 22:23:28.310566
419284,85198,811,2021-07-30 21:39:00,211,0,57,268,Delivered,DebitCard,False,,2021-07-30 21:39:00,2024-02-22 05:02:49.814587
419285,98473,879,2021-12-01 13:23:00,788,101,0,687,Delivered,UPI,True,WELCOME_879,2021-12-01 13:23:00,2025-01-03 18:30:13.671217
419286,98473,922,2021-11-30 20:14:00,750,0,0,750,Delivered,CreditCard,False,,2021-11-30 20:14:00,2024-07-08 15:04:52.817141
419287,98473,891,2021-11-03 07:20:00,797,147,0,650,Delivered,UPI,False,SPECIAL_891,2021-11-03 07:20:00,2023-06-14 14:31:02.186476
419288,28467,409,2021-11-24 10:25:00,240,0,79,319,Delivered,UPI,True,,2021-11-24 10:25:00,2022-08-13 18:05:58.639037
419289,28467,384,2021-11-05 21:27:00,473,0,31,504,Canceled,UPI,False,,2021-11-05 21:27:00,2024-07-23 17:40:00.694115
419290,5329,652,2021-12-17 12:48:00,460,0,40,500,Canceled,Cash,True,,2021-12-17 12:48:00,2022-03-13 12:59:29.898107
419291,18738,2276,2021-11-24 16:40:00,758,93,0,665,Delivered,UPI,True,WELCOME_2276,2021-11-24 16:40:00,2023-02-18 04:12:03.111663
419292,18738,2257,2021-11-19 14:30:00,205,0,74,279,Canceled,Cash,False,,2021-11-19 14:30:00,2025-03-04 06:22:23.454664
419293,18738,2318,2021-12-14 13:55:00,542,99,32,475,Delivered,Cash,False,WELCOME_2318,2021-12-14 13:55:00,2022-11-13 11:03:26.596616
419294,51198,399,2021-12-08 20:13:00,267,0,58,325,Delivered,Cash,True,,2021-12-08 20:13:00,2024-06-17 01:34:21.986719
419295,51198,424,2021-11-26 20:15:00,265,0,53,318,Delivered,UPI,False,,2021-11-26 20:15:00,2024-04-12 14:27:06.087661
419296,66761,922,2021-12-09 21:13:00,287,0,63,350,Delivered,UPI,True,,2021-12-09 21:13:00,2023-03-01 19:23:29.400951
419297,66761,919,2021-12-26 19:54:00,304,0,60,364,Delivered,Cash,False,,2021-12-26 19:54:00,2022-08-16 21:21:35.438000
419298,6034,938,2021-12-22 18:45:00,200,0,54,254,Failed,Cash,True,,2021-12-22 18:45:00,2022-11-24 23:05:15.642174
419299,6034,865,2021-12-14 08:33:00,210,0,52,262,Delivered,Cash,False,,2021-12-14 08:33:00,2024-07-31 21:33:17.829993
419300,90996,390,2021-12-14 13:26:00,433,74,30,389,Delivered,UPI,True,FIRSTORDER_390,2021-12-14 13:26:00,2024-07-25 20:42:40.531697
419301,90996,384,2021-12-12 21:41:00,2292,288,0,2004,Delivered,UPI,False,FESTIVAL_384,2021-12-12 21:41:00,2022-11-08 17:43:19.024363
419302,90996,424,2021-12-12 20:31:00,704,91,0,613,Returned,Cash,False,WELCOME_424,2021-12-12 20:31:00,2024-07-31 05:18:51.723814
419303,25571,1771,2021-11-08 12:45:00,103,0,86,189,Canceled,DebitCard,True,,2021-11-08 12:45:00,2022-11-18 09:30:05.306005
419304,25571,1753,2021-09-08 12:12:00,210,0,74,284,Delivered,UPI,False,,2021-09-08 12:12:00,2024-04-14 11:08:57.632442
419305,62208,805,2021-12-22 12:25:00,1223,0,0,1223,Delivered,UPI,True,,2021-12-22 12:25:00,2024-01-01 21:49:29.109878
419306,57549,2303,2021-10-08 16:09:00,376,0,67,443,Delivered,DebitCard,True,,2021-10-08 16:09:00,2025-02-17 23:40:40.998094
419307,40609,811,2021-09-02 21:07:00,283,0,71,354,Delivered,DebitCard,True,,2021-09-02 21:07:00,2023-06-26 23:57:56.777921
419308,40609,811,2021-10-22 20:31:00,245,0,60,305,Delivered,UPI,False,,2021-10-22 20:31:00,2023-10-21 04:21:57.861883
419309,81733,1771,2021-08-12 13:33:00,156,0,99,255,Delivered,UPI,True,,2021-08-12 13:33:00,2022-04-19 06:24:25.857748
419310,86597,641,2021-12-20 18:24:00,86,0,91,177,Delivered,UPI,True,,2021-12-20 18:24:00,2022-08-10 01:39:08.894357
419312,86597,652,2021-12-21 15:55:00,185,0,95,280,Delivered,UPI,False,,2021-12-21 15:55:00,2022-11-16 08:38:37.132877
419313,7710,2438,2021-09-19 20:18:00,239,0,72,311,Delivered,UPI,True,,2021-09-19 20:18:00,2022-10-20 12:23:51.470640
419314,7710,2416,2021-12-27 20:34:00,320,0,66,386,Returned,UPI,False,,2021-12-27 20:34:00,2023-03-12 11:19:40.290606
419315,50173,2251,2021-12-14 21:36:00,509,0,32,541,Failed,UPI,True,,2021-12-14 21:36:00,2024-04-13 22:59:57.802103
419316,50173,2278,2021-12-20 10:38:00,563,0,30,593,Delivered,UPI,False,,2021-12-20 10:38:00,2022-07-08 11:46:33.837187
419317,2603,1767,2021-12-14 19:28:00,371,0,55,426,Delivered,UPI,True,,2021-12-14 19:28:00,2023-09-27 12:53:03.510045
419318,74791,1753,2021-09-21 13:18:00,112,0,98,210,Delivered,Cash,True,,2021-09-21 13:18:00,2025-04-08 14:56:08.833263
419319,74791,1787,2021-10-28 20:54:00,113,0,89,202,Delivered,UPI,False,,2021-10-28 20:54:00,2024-08-19 23:10:51.688904
419320,74791,1787,2021-11-11 19:58:00,893,90,0,803,Delivered,UPI,False,WELCOME_1787,2021-11-11 19:58:00,2023-12-20 21:42:02.158471
419321,24146,1117,2021-12-31 08:40:00,416,0,33,449,Returned,UPI,True,,2021-12-31 08:40:00,2022-10-24 00:20:36.098851
419322,24146,1110,2021-12-23 13:56:00,64,0,86,150,Delivered,DebitCard,False,,2021-12-23 13:56:00,2024-09-10 18:44:15.951130
419323,24146,1138,2021-11-30 17:12:00,1149,0,0,1149,Delivered,UPI,False,,2021-11-30 17:12:00,2024-07-16 08:16:20.033603
419324,4586,2447,2021-11-09 23:31:00,126,0,97,223,Delivered,UPI,True,,2021-11-09 23:31:00,2024-12-09 04:24:18.528756
419325,67179,867,2021-12-26 11:58:00,444,0,45,489,Canceled,Cash,True,,2021-12-26 11:58:00,2025-01-23 09:58:40.534431
419326,67179,925,2021-12-20 06:23:00,247,0,74,321,Delivered,UPI,False,,2021-12-20 06:23:00,2022-04-26 06:02:42.133014
419327,52798,788,2021-08-21 19:00:00,607,0,0,607,Delivered,UPI,True,,2021-08-21 19:00:00,2024-08-24 18:22:39.281455
419328,52798,838,2021-08-26 20:33:00,287,0,58,345,Delivered,UPI,False,,2021-08-26 20:33:00,2023-06-08 05:47:50.491307
419329,52798,811,2021-10-10 22:00:00,244,0,64,308,Delivered,UPI,False,,2021-10-10 22:00:00,2022-09-25 18:07:41.794863
419330,36222,1165,2021-11-15 23:06:00,99,0,87,186,Delivered,Cash,True,,2021-11-15 23:06:00,2023-05-07 22:43:37.367824
419331,36222,1110,2021-11-11 14:00:00,346,0,66,412,Delivered,CreditCard,False,,2021-11-11 14:00:00,2022-06-12 11:47:39.026523
419332,75780,805,2021-12-28 14:30:00,266,0,56,322,Delivered,UPI,True,,2021-12-28 14:30:00,2023-10-10 16:26:11.282618
419333,11601,2252,2021-09-01 08:02:00,701,0,0,701,Delivered,UPI,True,,2021-09-01 08:02:00,2022-10-17 12:00:33.712980
419334,17396,390,2021-12-28 12:18:00,268,0,73,341,Delivered,UPI,True,,2021-12-28 12:18:00,2023-11-12 06:19:36.519007
419335,17396,428,2021-12-24 06:33:00,406,0,40,446,Delivered,Cash,False,,2021-12-24 06:33:00,2025-02-24 17:47:23.542603
419336,6214,1756,2021-12-31 21:39:00,300,74,78,304,Delivered,UPI,True,FIRSTORDER_1756,2021-12-31 21:39:00,2023-11-22 21:59:44.762174
419337,6214,1744,2021-12-12 17:03:00,300,0,55,355,Delivered,UPI,False,,2021-12-12 17:03:00,2023-11-07 09:38:52.041197
419338,6214,1744,2021-12-22 17:19:00,554,0,46,600,Delivered,UPI,False,,2021-12-22 17:19:00,2022-09-20 23:00:53.148927
419339,60983,868,2021-10-26 23:09:00,1369,0,0,1369,Delivered,UPI,True,,2021-10-26 23:09:00,2023-03-26 11:09:46.680701
419340,92106,1278,2021-08-20 06:06:00,1233,154,0,1079,Returned,DebitCard,True,SPECIAL_1278,2021-08-20 06:06:00,2022-03-05 18:49:45.936454
419341,92106,1305,2021-08-14 12:30:00,466,0,32,498,Delivered,UPI,False,,2021-08-14 12:30:00,2022-02-27 15:37:35.341764
419342,92106,1309,2021-10-29 19:00:00,372,0,74,446,Delivered,UPI,False,,2021-10-29 19:00:00,2022-04-20 16:41:02.885634
419343,25134,2257,2021-08-10 13:14:00,98,0,99,197,Delivered,UPI,True,,2021-08-10 13:14:00,2023-01-02 23:30:36.547190
419344,25134,2278,2021-06-29 07:47:00,248,0,55,303,Delivered,UPI,False,,2021-06-29 07:47:00,2025-04-20 23:20:36.374908
419345,78701,409,2021-11-18 09:31:00,610,105,0,505,Delivered,UPI,True,WELCOME_409,2021-11-18 09:31:00,2023-08-29 21:51:58.097380
419346,78701,411,2021-12-26 12:10:00,116,0,88,204,Canceled,UPI,False,,2021-12-26 12:10:00,2023-03-28 07:04:40.128972
419347,78701,411,2021-10-23 14:33:00,138,0,85,223,Delivered,UPI,False,,2021-10-23 14:33:00,2023-08-08 09:13:03.461304
419348,95114,811,2021-12-23 21:02:00,238,0,65,303,Delivered,UPI,True,,2021-12-23 21:02:00,2022-09-28 13:15:07.016102
419349,15680,1284,2021-08-22 22:29:00,240,0,73,313,Delivered,Cash,True,,2021-08-22 22:29:00,2021-09-24 18:37:21.829888
419350,84451,2252,2021-11-02 09:57:00,735,0,0,735,Delivered,UPI,True,,2021-11-02 09:57:00,2024-05-01 13:37:13.517990
419351,84451,2263,2021-11-14 13:53:00,1579,0,0,1579,Delivered,UPI,False,,2021-11-14 13:53:00,2023-07-03 20:23:12.814345
419352,88473,829,2021-12-22 23:14:00,311,0,68,379,Delivered,UPI,True,,2021-12-22 23:14:00,2022-01-25 16:30:21.314281
419353,88473,796,2021-12-15 14:17:00,762,100,0,662,Delivered,UPI,False,WELCOME_796,2021-12-15 14:17:00,2024-09-15 18:38:52.901443
419354,88473,816,2021-12-19 14:07:00,173,0,97,270,Returned,Cash,False,,2021-12-19 14:07:00,2022-08-18 16:39:19.289007
419355,168,1753,2021-08-20 14:38:00,510,106,38,442,Delivered,Cash,True,WELCOME_1753,2021-08-20 14:38:00,2022-05-29 01:16:11.220337
419356,35778,2495,2021-12-15 07:19:00,552,0,37,589,Delivered,UPI,True,,2021-12-15 07:19:00,2021-12-31 14:38:56.612700
419357,4223,399,2021-12-18 20:08:00,365,0,50,415,Delivered,UPI,True,,2021-12-18 20:08:00,2024-06-08 15:51:54.995493
419358,4223,428,2021-10-15 06:42:00,247,0,53,300,Delivered,UPI,False,,2021-10-15 06:42:00,2024-03-29 10:18:26.868880
419359,4223,366,2021-12-12 15:22:00,481,0,45,526,Delivered,UPI,False,,2021-12-12 15:22:00,2023-12-13 19:38:42.943678
419360,97915,1108,2021-12-23 21:05:00,173,0,96,269,Delivered,Cash,True,,2021-12-23 21:05:00,2024-03-21 00:03:40.871098
419361,17117,2490,2021-08-23 18:00:00,590,87,30,533,Delivered,UPI,True,UPISAVE_2490,2021-08-23 18:00:00,2023-09-07 13:40:37.096263
419362,17117,2495,2021-09-04 09:35:00,90,0,81,171,Canceled,UPI,False,,2021-09-04 09:35:00,2023-04-12 05:48:19.304934
419363,4053,811,2021-09-30 19:24:00,1013,107,0,906,Delivered,UPI,True,WELCOME_811,2021-09-30 19:24:00,2024-04-15 16:59:52.653293
419364,4053,788,2021-08-16 22:46:00,680,95,0,585,Delivered,UPI,False,WELCOME_788,2021-08-16 22:46:00,2022-11-23 05:04:51.467972
419365,61929,797,2021-12-06 18:18:00,83,0,86,169,Delivered,Cash,True,,2021-12-06 18:18:00,2023-06-19 00:22:58.532271
419366,61929,811,2021-10-31 20:00:00,767,0,0,767,Delivered,Cash,False,,2021-10-31 20:00:00,2025-02-16 22:50:34.892980
419367,61929,812,2021-12-02 17:51:00,953,153,0,800,Delivered,UPI,False,SPECIAL_812,2021-12-02 17:51:00,2024-12-16 03:48:02.261056
419368,30473,2303,2021-10-23 17:40:00,702,86,0,616,Delivered,UPI,True,UPISAVE_2303,2021-10-23 17:40:00,2024-05-01 06:14:04.234884
419369,19351,1762,2021-11-10 22:27:00,312,0,71,383,Delivered,UPI,True,,2021-11-10 22:27:00,2025-04-29 10:02:28.888281
419370,19351,1744,2021-08-24 17:07:00,582,0,34,616,Delivered,UPI,False,,2021-08-24 17:07:00,2024-12-06 07:43:03.235558
419371,43387,1313,2021-12-15 20:58:00,1222,74,0,1148,Delivered,UPI,True,FIRSTORDER_1313,2021-12-15 20:58:00,2024-01-11 17:12:35.933419
419372,3623,697,2021-12-28 21:44:00,144,0,80,224,Delivered,UPI,True,,2021-12-28 21:44:00,2024-05-14 09:28:42.836303
419373,24577,2318,2021-06-21 11:27:00,403,0,38,441,Delivered,UPI,True,,2021-06-21 11:27:00,2025-02-13 01:58:59.820459
419374,24577,2251,2021-12-16 23:51:00,242,0,79,321,Delivered,UPI,False,,2021-12-16 23:51:00,2022-06-11 23:35:27.146857
419375,24577,2276,2021-10-27 18:06:00,1276,0,0,1276,Delivered,UPI,False,,2021-10-27 18:06:00,2022-01-18 10:13:06.267725
419376,7641,2535,2021-12-12 06:18:00,604,106,0,498,Delivered,UPI,True,WELCOME_2535,2021-12-12 06:18:00,2023-04-01 01:12:32.446497
419377,7641,2497,2021-12-19 15:33:00,516,77,50,489,Canceled,Cash,False,CASHBACK_2497,2021-12-19 15:33:00,2025-04-04 07:10:38.109425
419379,94951,409,2021-11-28 08:37:00,370,0,67,437,Delivered,UPI,True,,2021-11-28 08:37:00,2023-10-22 07:57:15.394818
419380,74580,930,2021-12-21 14:41:00,716,74,0,642,Delivered,UPI,True,UPISAVE_930,2021-12-21 14:41:00,2022-04-22 05:49:56.318592
419381,4164,2276,2021-10-30 18:18:00,1625,207,0,1418,Delivered,CreditCard,True,WEEKEND_2276,2021-10-30 18:18:00,2022-12-22 08:07:22.071902
419382,71315,2542,2021-12-03 18:05:00,905,141,0,764,Delivered,UPI,True,SPECIAL_2542,2021-12-03 18:05:00,2024-06-23 14:33:42.282116
419383,71315,2550,2021-11-15 06:21:00,118,0,94,212,Failed,UPI,False,,2021-11-15 06:21:00,2023-11-24 17:46:25.465323
419384,71315,2495,2021-11-08 06:04:00,179,0,90,269,Delivered,UPI,False,,2021-11-08 06:04:00,2024-06-09 01:39:46.908903
419385,28705,1771,2021-05-13 15:04:00,1170,196,0,974,Delivered,UPI,True,WEEKEND_1771,2021-05-13 15:04:00,2024-08-21 06:11:23.483799
419386,28705,1787,2021-04-30 21:01:00,1021,96,0,925,Canceled,DebitCard,False,DEBITCARD_1787,2021-04-30 21:01:00,2022-03-15 20:13:57.139783
419387,56182,2278,2021-11-03 08:28:00,981,107,0,874,Delivered,UPI,True,WELCOME_2278,2021-11-03 08:28:00,2022-11-06 19:36:17.676888
419388,55854,1320,2021-12-13 12:09:00,416,0,35,451,Delivered,UPI,True,,2021-12-13 12:09:00,2024-08-17 07:08:08.666874
419389,55854,1313,2021-12-12 21:58:00,62,0,94,156,Canceled,UPI,False,,2021-12-12 21:58:00,2025-02-21 21:49:56.755807
419390,22360,1771,2021-05-29 12:06:00,456,0,48,504,Delivered,Cash,True,,2021-05-29 12:06:00,2021-11-09 11:22:00.441193
419391,22360,1753,2021-10-26 15:30:00,224,0,77,301,Canceled,UPI,False,,2021-10-26 15:30:00,2023-05-26 22:28:12.945931
419392,22360,1753,2021-12-20 15:37:00,238,0,63,301,Delivered,UPI,False,,2021-12-20 15:37:00,2024-09-14 22:20:35.705315
419393,97957,907,2021-12-23 08:44:00,724,80,0,644,Delivered,UPI,True,FIRSTORDER_907,2021-12-23 08:44:00,2022-12-14 06:55:37.023402
419394,46783,2483,2021-12-25 07:21:00,1412,286,0,1126,Delivered,DebitCard,True,FESTIVAL_2483,2021-12-25 07:21:00,2024-12-09 23:30:05.221530
419395,46783,2495,2021-08-31 10:00:00,430,0,46,476,Canceled,UPI,False,,2021-08-31 10:00:00,2022-12-14 10:18:15.441495
419396,46783,2490,2021-09-06 17:22:00,1417,208,0,1209,Delivered,UPI,False,WEEKEND_2490,2021-09-06 17:22:00,2022-07-08 01:40:35.760185
419397,7479,644,2021-12-03 12:44:00,329,0,64,393,Delivered,UPI,True,,2021-12-03 12:44:00,2022-03-26 21:59:39.223516
419398,7479,652,2021-12-07 15:53:00,297,0,75,372,Delivered,UPI,False,,2021-12-07 15:53:00,2022-05-21 18:56:41.301443
419399,66706,2463,2021-04-13 18:44:00,191,0,94,285,Delivered,UPI,True,,2021-04-13 18:44:00,2023-03-12 07:33:10.870253
419400,66706,2423,2021-05-09 20:06:00,115,0,89,204,Failed,CreditCard,False,,2021-05-09 20:06:00,2022-07-09 02:16:10.021882
419401,66706,2438,2021-09-24 20:25:00,407,0,36,443,Delivered,UPI,False,,2021-09-24 20:25:00,2023-10-15 10:30:20.318131
419402,88140,2415,2021-03-17 14:47:00,1154,68,0,1086,Delivered,UPI,True,FIRSTORDER_2415,2021-03-17 14:47:00,2022-04-03 09:24:28.035948
419403,88140,2466,2021-10-09 15:51:00,273,0,70,343,Canceled,UPI,False,,2021-10-09 15:51:00,2025-04-07 17:24:40.964451
419404,51906,851,2021-09-22 20:25:00,1128,0,0,1128,Failed,Cash,True,,2021-09-22 20:25:00,2022-10-19 16:59:32.738496
419405,56676,1155,2021-08-24 22:32:00,358,0,80,438,Returned,UPI,True,,2021-08-24 22:32:00,2021-09-20 18:38:50.820306
419406,56676,1175,2021-09-27 13:06:00,715,92,0,623,Delivered,UPI,False,WELCOME_1175,2021-09-27 13:06:00,2023-03-21 16:07:51.352834
419407,56676,1114,2021-09-10 19:55:00,228,0,66,294,Delivered,DebitCard,False,,2021-09-10 19:55:00,2022-07-16 17:12:12.094425
